system,variant,selected_position,test_index,jacobian_only_gradient_cosine,end_to_end_gradient_cosine,reference_gradient_norm,observation_count,history_stratum
sei,without_sensitivity,0,37,0.9999960424435952,0.9999960101877899,0.001486536582634291,20,medium
sei,without_sensitivity,1,68,0.999994151444087,0.9999938478354404,0.0038041412847968008,20,high
sei,without_sensitivity,2,103,0.9999703691883127,0.9999724302321121,0.0009091777321137308,20,low
sei,without_sensitivity,3,109,0.9999992378874537,0.9999993641456085,0.0014524202257753496,20,high
sei,without_sensitivity,4,115,0.9999204028889334,0.9999180243988317,0.0008143474301607788,20,low
sei,without_sensitivity,5,124,0.9999999635950839,0.9999999481927027,0.003441329933437308,20,high
sei,without_sensitivity,6,146,0.9999596319993996,0.9999599319054958,0.002549530841645376,20,high
sei,without_sensitivity,7,188,0.9999942574941793,0.9999944580537891,0.003946675745803658,20,high
sei,without_sensitivity,8,220,0.9999953006498625,0.9999954174755299,0.0027053856243163133,20,high
sei,without_sensitivity,9,292,0.9999990088386814,0.9999990177395666,0.003514693044326659,20,high
sei,without_sensitivity,10,303,0.9999914526291772,0.9999916513045614,0.0013063317472941003,20,medium
sei,without_sensitivity,11,328,0.9999713585291784,0.9999698375005104,0.0001693339687812853,20,low
sei,without_sensitivity,12,369,0.9999954882356279,0.9999947733134437,0.0006482629549920073,20,low
sei,without_sensitivity,13,413,0.9999843443245598,0.9999832053431026,0.0007802423180034649,20,medium
sei,without_sensitivity,14,528,0.9999979202611915,0.9999980074287509,0.0012684578655565524,20,medium
sei,without_sensitivity,15,576,0.9999999578717483,0.9999999647638237,0.0022639071022535983,20,medium
sei,without_sensitivity,16,583,0.9999969453032238,0.9999971477089589,0.0032251533650345114,20,high
sei,without_sensitivity,17,597,0.9999979060841702,0.9999975734337823,0.000209616030074622,20,low
sei,without_sensitivity,18,599,0.9999999886913482,0.9999999896045684,0.0018094483881133617,20,medium
sei,without_sensitivity,19,664,0.9999999995677494,0.999999999547288,0.0010233342515455915,20,medium
sei,without_sensitivity,20,694,0.9999982919867204,0.9999983036391881,0.004334033835506383,20,high
sei,without_sensitivity,21,698,0.9999966794821352,0.9999961089104015,0.00023108139394923882,20,low
sei,without_sensitivity,22,726,0.9999075139404874,0.999899961425917,0.00011078601850089566,20,low
sei,without_sensitivity,23,754,0.9999951701018001,0.9999950646369257,0.0021577582109014817,20,high
sei,without_sensitivity,24,812,0.9999940948987414,0.9999941797240515,0.0031738687617535247,20,high
sei,without_sensitivity,25,816,0.9999997516519986,0.9999997109168222,0.006156617613057524,20,high
sei,without_sensitivity,26,837,0.999999769553292,0.9999997734764111,0.0014463713024205997,20,medium
sei,without_sensitivity,27,847,0.999991962091294,0.9999915428925933,0.0018200887686891458,20,medium
sei,without_sensitivity,28,848,0.9999848121858312,0.999984959422482,0.0018160202603847916,20,medium
sei,without_sensitivity,29,863,0.9999918009898031,0.9999919492876209,0.001280118410198027,20,medium
sei,without_sensitivity,30,935,0.9999999303374999,0.9999998971179589,0.0010583035440577045,20,medium
sei,without_sensitivity,31,949,0.9999789942201188,0.9999783906182987,0.0011557659086478124,20,low
sei,without_sensitivity,32,989,0.9999752501056786,0.999975654516084,0.0006122433564848155,20,low
sei,without_sensitivity,33,992,0.9999910296643495,0.9999906103263532,0.003249035240167752,20,high
sei,without_sensitivity,34,1057,0.9999986444806914,0.9999986429185976,0.0002978565427471223,20,low
sei,without_sensitivity,35,1060,0.9999872473289801,0.9999875510310631,0.0008481294144037114,20,medium
sei,without_sensitivity,36,1072,0.9999971562914917,0.9999970217443518,0.0002871731763969755,20,low
sei,without_sensitivity,37,1073,0.9999991668131153,0.9999996026151672,0.0001557157862118516,20,low
sei,without_sensitivity,38,1153,0.9999977700457273,0.9999975226958414,0.002775773654077202,20,high
sei,without_sensitivity,39,1170,0.9999922771810202,0.9999923698488323,0.0021074460400741304,20,medium
sei,without_sensitivity,40,1201,0.9999998708536327,0.999999874508777,0.0031840864664774275,20,high
sei,without_sensitivity,41,1214,0.9999998745813293,0.9999998506908215,0.003596945114087912,20,high
sei,without_sensitivity,42,1217,0.9999927973460472,0.9999927479372649,0.002948517417678341,20,high
sei,without_sensitivity,43,1242,0.9999889093072039,0.9999890969554007,0.0036540588415895805,20,high
sei,without_sensitivity,44,1385,0.9999992484772486,0.9999992215918684,0.0033514731777364625,20,high
sei,without_sensitivity,45,1433,0.9999948007628267,0.9999950803092877,0.003933651285270167,20,high
sei,without_sensitivity,46,1445,0.9999976377565548,0.9999973551863667,0.0016258181850504084,20,medium
sei,without_sensitivity,47,1507,0.9999974832319238,0.9999974112449908,0.0012349253338202143,20,medium
sei,without_sensitivity,48,1511,0.9999992315151038,0.9999993188565386,0.0023700438403203364,20,medium
sei,without_sensitivity,49,1522,0.9999977858609187,0.9999979792075985,0.0004413946624766333,20,low
sei,without_sensitivity,50,1545,0.9999617737759099,0.9999518139872813,9.306666847384906e-05,20,low
sei,without_sensitivity,51,1566,0.9999860782505217,0.9999877886540909,0.00015755229054526584,20,low
sei,without_sensitivity,52,1584,0.9999874640446627,0.999987516345339,0.0004568769468990563,20,low
sei,without_sensitivity,53,1603,0.9999699818881181,0.9999688134629365,0.00014685636586120248,20,low
sei,without_sensitivity,54,1667,0.9999999969224203,0.9999999916022014,0.00028530076129856303,20,low
sei,without_sensitivity,55,1684,0.9999437980491381,0.9999442577443897,0.0008590886697614781,20,medium
sei,without_sensitivity,56,1696,0.9999977900431865,0.9999975904195727,0.004174432059985294,20,high
sei,without_sensitivity,57,1754,0.9999906320788481,0.9999905935542308,0.0010971826949645286,20,medium
sei,without_sensitivity,58,1801,0.999964020049074,0.999965112692665,0.00013385079463557896,20,low
sei,without_sensitivity,59,1858,0.9999310698103626,0.9999311329708065,0.0007231665557292268,20,medium
sei,without_sensitivity,60,1889,0.9999895496428194,0.999989611673261,0.0003397372986150682,20,low
sei,without_sensitivity,61,1999,0.9999869554815745,0.999987037457892,0.0021014832708956144,20,medium
sei,without_sensitivity,62,2023,0.9999840168123141,0.9999843655272977,0.0006381217873180137,20,low
sei,with_sensitivity,0,37,0.9999999135114737,0.9999999129158251,0.001486536582634291,20,medium
sei,with_sensitivity,1,68,0.9999999483124783,0.9999999230153344,0.0038041412847968008,20,high
sei,with_sensitivity,2,103,0.9999999506993438,0.9999999710260128,0.0009091777321137308,20,low
sei,with_sensitivity,3,109,0.9999994338209625,0.999999113624105,0.0014524202257753496,20,high
sei,with_sensitivity,4,115,0.9999999977041202,0.9999999995568344,0.0008143474301607788,20,low
sei,with_sensitivity,5,124,0.9999999572842772,0.9999999512672688,0.003441329933437308,20,high
sei,with_sensitivity,6,146,0.9999999518354226,0.9999999607480683,0.002549530841645376,20,high
sei,with_sensitivity,7,188,0.9999999590272292,0.9999999654140257,0.003946675745803658,20,high
sei,with_sensitivity,8,220,0.9999999997501671,0.9999999986819115,0.0027053856243163133,20,high
sei,with_sensitivity,9,292,0.9999999463607571,0.9999999514988682,0.003514693044326659,20,high
sei,with_sensitivity,10,303,0.999999972258233,0.9999999718502939,0.0013063317472941003,20,medium
sei,with_sensitivity,11,328,0.9999999738696395,0.9999999763026495,0.0001693339687812853,20,low
sei,with_sensitivity,12,369,0.9999999688208705,0.9999999375761707,0.0006482629549920073,20,low
sei,with_sensitivity,13,413,0.9999996885013928,0.9999996819708584,0.0007802423180034649,20,medium
sei,with_sensitivity,14,528,0.9999999986208542,0.9999999985153195,0.0012684578655565524,20,medium
sei,with_sensitivity,15,576,0.99999998429747,0.9999999855088952,0.0022639071022535983,20,medium
sei,with_sensitivity,16,583,0.9999999878438665,0.9999999927592033,0.0032251533650345114,20,high
sei,with_sensitivity,17,597,0.9999999188574236,0.9999999169774126,0.000209616030074622,20,low
sei,with_sensitivity,18,599,0.9999999963968277,0.9999999973554631,0.0018094483881133617,20,medium
sei,with_sensitivity,19,664,0.9999999996290959,0.9999999994425255,0.0010233342515455915,20,medium
sei,with_sensitivity,20,694,0.9999999999686865,0.9999999995558781,0.004334033835506383,20,high
sei,with_sensitivity,21,698,0.9999999779823575,0.9999999772180838,0.00023108139394923882,20,low
sei,with_sensitivity,22,726,0.9999999773883465,0.9999999660884769,0.00011078601850089566,20,low
sei,with_sensitivity,23,754,0.9999999949931101,0.9999999892521813,0.0021577582109014817,20,high
sei,with_sensitivity,24,812,0.9999999636707041,0.9999999628385138,0.0031738687617535247,20,high
sei,with_sensitivity,25,816,0.999999985311023,0.9999999877124056,0.006156617613057524,20,high
sei,with_sensitivity,26,837,0.9999999945079782,0.9999999962871682,0.0014463713024205997,20,medium
sei,with_sensitivity,27,847,0.9999999925493332,0.9999999954192913,0.0018200887686891458,20,medium
sei,with_sensitivity,28,848,0.9999999772038722,0.99999997887475,0.0018160202603847916,20,medium
sei,with_sensitivity,29,863,0.9999999999069981,0.9999999992133762,0.001280118410198027,20,medium
sei,with_sensitivity,30,935,0.9999999974315166,0.9999999973167791,0.0010583035440577045,20,medium
sei,with_sensitivity,31,949,0.9999999173253594,0.9999999167318878,0.0011557659086478124,20,low
sei,with_sensitivity,32,989,0.9999996824972215,0.9999996832079269,0.0006122433564848155,20,low
sei,with_sensitivity,33,992,0.9999999994852767,0.9999999998782815,0.003249035240167752,20,high
sei,with_sensitivity,34,1057,0.9999999999463128,0.9999999999876813,0.0002978565427471223,20,low
sei,with_sensitivity,35,1060,0.9999999985312328,0.9999999993050716,0.0008481294144037114,20,medium
sei,with_sensitivity,36,1072,0.9999999999051413,0.9999999998303901,0.0002871731763969755,20,low
sei,with_sensitivity,37,1073,0.9999999798386872,0.9999999646906885,0.0001557157862118516,20,low
sei,with_sensitivity,38,1153,0.999999988095305,0.9999999942358805,0.002775773654077202,20,high
sei,with_sensitivity,39,1170,0.999999929257996,0.9999999070661454,0.0021074460400741304,20,medium
sei,with_sensitivity,40,1201,0.9999999901877001,0.9999999759625973,0.0031840864664774275,20,high
sei,with_sensitivity,41,1214,0.9999999986570223,0.9999999987409514,0.003596945114087912,20,high
sei,with_sensitivity,42,1217,0.9999999955076142,0.9999999960109556,0.002948517417678341,20,high
sei,with_sensitivity,43,1242,0.9999999971072759,0.9999999965402193,0.0036540588415895805,20,high
sei,with_sensitivity,44,1385,0.9999999920379833,0.9999999838053745,0.0033514731777364625,20,high
sei,with_sensitivity,45,1433,0.9999999957133586,0.9999999993766192,0.003933651285270167,20,high
sei,with_sensitivity,46,1445,0.9999999910451051,0.9999999842543894,0.0016258181850504084,20,medium
sei,with_sensitivity,47,1507,0.9999999999985915,0.9999999982408645,0.0012349253338202143,20,medium
sei,with_sensitivity,48,1511,0.9999999999975543,0.9999999999930397,0.0023700438403203364,20,medium
sei,with_sensitivity,49,1522,0.999999996772979,0.9999999957911451,0.0004413946624766333,20,low
sei,with_sensitivity,50,1545,0.999999998501787,0.9999999998413329,9.306666847384906e-05,20,low
sei,with_sensitivity,51,1566,0.9999995196537886,0.999999535028429,0.00015755229054526584,20,low
sei,with_sensitivity,52,1584,0.9999999441590315,0.9999999348534082,0.0004568769468990563,20,low
sei,with_sensitivity,53,1603,0.999999978848108,0.9999999774745667,0.00014685636586120248,20,low
sei,with_sensitivity,54,1667,0.999999866379925,0.9999998672604402,0.00028530076129856303,20,low
sei,with_sensitivity,55,1684,0.9999996686886525,0.9999996604696674,0.0008590886697614781,20,medium
sei,with_sensitivity,56,1696,0.9999999450369772,0.999999944323024,0.004174432059985294,20,high
sei,with_sensitivity,57,1754,0.9999999613738816,0.9999999569723826,0.0010971826949645286,20,medium
sei,with_sensitivity,58,1801,0.9999997459399432,0.9999997548981626,0.00013385079463557896,20,low
sei,with_sensitivity,59,1858,0.9999999995626956,0.9999999989357674,0.0007231665557292268,20,medium
sei,with_sensitivity,60,1889,0.9999999735901072,0.999999975777102,0.0003397372986150682,20,low
sei,with_sensitivity,61,1999,0.999999995858954,0.9999999953683595,0.0021014832708956144,20,medium
sei,with_sensitivity,62,2023,0.9999999999835089,0.9999999985479712,0.0006381217873180137,20,low
