system,variant,selected_position,test_index,jacobian_only_gradient_cosine,end_to_end_gradient_cosine,reference_gradient_norm,observation_count
competition,without_sensitivity,0,33,0.9999995267908636,0.9999998822275594,0.002214665930642596,20
competition,without_sensitivity,1,47,0.9999958014530591,0.9999827384382579,0.0016105870984987143,20
competition,without_sensitivity,2,87,0.9999973717464068,0.9999903973841002,0.002972167596650985,20
competition,without_sensitivity,3,93,0.9999926624546748,0.9999919901545031,0.001989907608924922,20
competition,without_sensitivity,4,108,0.9999665410605553,0.9998624744016356,0.0003922696720667355,20
competition,without_sensitivity,5,111,0.9999973035354929,0.9998810457263169,0.0004662927576047535,20
competition,without_sensitivity,6,119,0.9999999419510999,0.9999990964682306,0.0019303005847004435,20
competition,without_sensitivity,7,126,0.9999999958900595,0.9999991785581565,0.0032308875982929846,20
competition,without_sensitivity,8,157,0.9999988436314111,0.9999960754216743,0.0019161002017742516,20
competition,without_sensitivity,9,175,0.9999974259016553,0.9999638364681449,0.0008331671111523459,20
competition,without_sensitivity,10,185,0.9999999944337049,0.9999999636312034,0.0012017001989200091,20
competition,without_sensitivity,11,211,0.9999998403328032,0.9999866164553884,0.002104334300398311,20
competition,without_sensitivity,12,219,0.9999995480878734,0.9999967010967296,0.0023194851845933042,20
competition,without_sensitivity,13,248,0.9999794120588767,0.9997807977628748,0.0006987617342669853,20
competition,without_sensitivity,14,285,0.9999999870545415,0.9999999679571558,0.002410930509599134,20
competition,without_sensitivity,15,322,0.9999935033629594,0.999918116123671,0.0013678409742119073,20
competition,without_sensitivity,16,411,0.9999990950959271,0.9999244304737024,0.0007381397443201584,20
competition,without_sensitivity,17,506,0.9999999294704515,0.9999999742981365,0.0032264626082039,20
competition,without_sensitivity,18,529,0.9999999006055443,0.9999990528681827,0.0030743646486408576,20
competition,without_sensitivity,19,563,0.9999988695560309,0.9999747710858318,0.0013444401403603073,20
competition,without_sensitivity,20,610,0.9999581724518669,0.9998513505000866,0.0005694440042521656,20
competition,without_sensitivity,21,718,0.9999995119095026,0.9999983924689355,0.0008112873580469415,20
competition,without_sensitivity,22,733,0.999999063306798,0.9999969174938077,0.001935158195184608,20
competition,without_sensitivity,23,737,0.9999983880725468,0.9999920891399854,0.002462765740762232,20
competition,without_sensitivity,24,810,0.9999952076481596,0.9999775345215094,0.0011305736226598043,20
competition,without_sensitivity,25,843,0.9999999879253293,0.9999987390815201,0.0024692812205786337,20
competition,without_sensitivity,26,889,0.9999914807699213,0.9999927573257947,0.0015063685080635872,20
competition,without_sensitivity,27,891,0.9999997202613691,0.9999994729580506,0.0006932739856872496,20
competition,without_sensitivity,28,893,0.9999975419982688,0.999951108781258,0.0008537848335426803,20
competition,without_sensitivity,29,929,0.9999987713967392,0.9999992568242866,0.0024904911660259157,20
competition,without_sensitivity,30,944,0.9999997567819576,0.9998470056299064,0.001466191556303872,20
competition,without_sensitivity,31,947,0.999999234154651,0.999999179429653,0.002725588078454601,20
competition,without_sensitivity,32,982,0.9999996785120391,0.9999354155832704,0.0008757990547884686,20
competition,without_sensitivity,33,991,0.9999990665908043,0.9999994754228276,0.0023429092413860143,20
competition,without_sensitivity,34,1050,0.9999993140088412,0.9999995567944917,0.002121340388914824,20
competition,without_sensitivity,35,1087,0.9999975023810891,0.9999986619782528,0.0014618177739915508,20
competition,without_sensitivity,36,1102,0.9999994115639744,0.9999850761535074,0.0010166040075070212,20
competition,without_sensitivity,37,1164,0.9999992924780204,0.999999973809709,0.00105903446065744,20
competition,without_sensitivity,38,1168,0.9999973776882788,0.9999963340545309,0.0014150630065266248,20
competition,without_sensitivity,39,1174,0.9999999999237427,0.9999979734252078,0.0024124391743579002,20
competition,without_sensitivity,40,1182,0.9999988195797919,0.9999976235379187,0.0017820798937640348,20
competition,without_sensitivity,41,1262,0.9999999095102764,0.9999999874864124,0.0009835952584315946,20
competition,without_sensitivity,42,1292,0.9999986890363434,0.9999981353332561,0.0009453136506783784,20
competition,without_sensitivity,43,1346,0.9999988805576862,0.9999979072764672,0.00089038962231161,20
competition,without_sensitivity,44,1423,0.9999999781990061,0.9999998772572958,0.0026644995812478344,20
competition,without_sensitivity,45,1512,0.999988738209208,0.9997335521454783,0.00043660717475289894,20
competition,without_sensitivity,46,1575,0.999999979274668,0.999995244047919,0.0028689588992754866,20
competition,without_sensitivity,47,1585,0.9999999406753445,0.999999894011071,0.0012668075615869339,20
competition,without_sensitivity,48,1593,0.9999989887741285,0.9999963757434239,0.003567312960533268,20
competition,without_sensitivity,49,1628,0.999998697702547,0.9999997327786881,0.0012588845753514785,20
competition,without_sensitivity,50,1644,0.9999995171289889,0.9999994537637376,0.003610398018221758,20
competition,without_sensitivity,51,1657,0.9999740850483995,0.9999945843659206,0.0012694447022402022,20
competition,without_sensitivity,52,1697,0.9999997429311415,0.9999999999996768,0.0025645024976862375,20
competition,without_sensitivity,53,1736,0.9999971543640769,0.9999526218731538,0.0011920223090789034,20
competition,without_sensitivity,54,1767,0.999998817836832,0.9999999911892957,0.001271324928745031,20
competition,without_sensitivity,55,1815,0.9999950221158961,0.999958219994726,0.00045681163287302666,20
competition,without_sensitivity,56,1819,0.9999999273414895,0.9999999136839931,0.0030305413584585605,20
competition,without_sensitivity,57,1877,0.9996793601200827,0.9994749369827901,0.0010931242162014827,20
competition,without_sensitivity,58,1913,0.9999999585829653,0.9999968516969443,0.0018548719263664247,20
competition,without_sensitivity,59,1963,0.9999999910218941,0.9999892189412295,0.0012275614475453956,20
competition,without_sensitivity,60,1972,0.999998514574938,0.9999946202252552,0.0023904752367656067,20
competition,without_sensitivity,61,1979,0.9999964595868726,0.9999895607216298,0.0011798289904562942,20
competition,without_sensitivity,62,2008,0.9999997988928112,0.9999996365875343,0.001335414352466238,20
competition,without_sensitivity,63,2038,0.9999997445072498,0.9999999996169848,0.0010180081711954737,20
competition,with_sensitivity,0,33,0.9999974968415176,0.9999985712913106,0.002214665930642596,20
competition,with_sensitivity,1,47,0.9999999106466599,0.9999971339748801,0.0016105870984987143,20
competition,with_sensitivity,2,87,0.9999998616883524,0.9999990769436143,0.002972167596650985,20
competition,with_sensitivity,3,93,0.9999985334844843,0.9999949818975591,0.001989907608924922,20
competition,with_sensitivity,4,108,0.9999872123330241,0.999831773099191,0.0003922696720667355,20
competition,with_sensitivity,5,111,0.9999916641110527,0.999701477938164,0.0004662927576047535,20
competition,with_sensitivity,6,119,0.9999997903654989,0.9999990970759067,0.0019303005847004435,20
competition,with_sensitivity,7,126,0.9999998213409411,0.9999999095653264,0.0032308875982929846,20
competition,with_sensitivity,8,157,0.9999989391180373,0.9999931069267772,0.0019161002017742516,20
competition,with_sensitivity,9,175,0.999998739010261,0.9999687033101199,0.0008331671111523459,20
competition,with_sensitivity,10,185,0.9999992988674234,0.999996624840663,0.0012017001989200091,20
competition,with_sensitivity,11,211,0.999999998609593,0.999989288781673,0.002104334300398311,20
competition,with_sensitivity,12,219,0.9999997364305245,0.9999958253878095,0.0023194851845933042,20
competition,with_sensitivity,13,248,0.9999969557468388,0.9999782567121626,0.0006987617342669853,20
competition,with_sensitivity,14,285,0.9999999471161247,0.9999998311748701,0.002410930509599134,20
competition,with_sensitivity,15,322,0.9999990237887951,0.9999583221573428,0.0013678409742119073,20
competition,with_sensitivity,16,411,0.9999998210396889,0.9999932721703114,0.0007381397443201584,20
competition,with_sensitivity,17,506,0.9999988592882715,0.9999990009567127,0.0032264626082039,20
competition,with_sensitivity,18,529,0.9999994131717953,0.9999997326899522,0.0030743646486408576,20
competition,with_sensitivity,19,563,0.9999996798383892,0.9999950264756429,0.0013444401403603073,20
competition,with_sensitivity,20,610,0.9999973403764132,0.9999999235924408,0.0005694440042521656,20
competition,with_sensitivity,21,718,0.9999998464100323,0.999998980170578,0.0008112873580469415,20
competition,with_sensitivity,22,733,0.9999978608002807,0.9999893120343848,0.001935158195184608,20
competition,with_sensitivity,23,737,0.9999993700484898,0.999997589640968,0.002462765740762232,20
competition,with_sensitivity,24,810,0.9999999714136519,0.9999878104576057,0.0011305736226598043,20
competition,with_sensitivity,25,843,0.9999999825102637,0.999999757983182,0.0024692812205786337,20
competition,with_sensitivity,26,889,0.9999996805450397,0.9999994579768676,0.0015063685080635872,20
competition,with_sensitivity,27,891,0.9999995174651252,0.9999894629421279,0.0006932739856872496,20
competition,with_sensitivity,28,893,0.9999976308143079,0.9999997038696732,0.0008537848335426803,20
competition,with_sensitivity,29,929,0.9999998109814336,0.9999997502195445,0.0024904911660259157,20
competition,with_sensitivity,30,944,0.9999995867250409,0.999530834775791,0.001466191556303872,20
competition,with_sensitivity,31,947,0.9999992644505752,0.9999999948926663,0.002725588078454601,20
competition,with_sensitivity,32,982,0.9999992322604678,0.9999824656907395,0.0008757990547884686,20
competition,with_sensitivity,33,991,0.9999999854930139,0.999998528707751,0.0023429092413860143,20
competition,with_sensitivity,34,1050,0.9999999676277919,0.9999994133655301,0.002121340388914824,20
competition,with_sensitivity,35,1087,0.9999993729454326,0.9999999303503607,0.0014618177739915508,20
competition,with_sensitivity,36,1102,0.9999992732760562,0.9999861302818077,0.0010166040075070212,20
competition,with_sensitivity,37,1164,0.9999983404243458,0.9999853901794666,0.00105903446065744,20
competition,with_sensitivity,38,1168,0.9999997737173211,0.999997818152449,0.0014150630065266248,20
competition,with_sensitivity,39,1174,0.9999999221100511,0.9999902437615734,0.0024124391743579002,20
competition,with_sensitivity,40,1182,0.9999974323125351,0.9999997992953183,0.0017820798937640348,20
competition,with_sensitivity,41,1262,0.9999997097828156,0.9999945914581287,0.0009835952584315946,20
competition,with_sensitivity,42,1292,0.9999998584166147,0.9999994328755124,0.0009453136506783784,20
competition,with_sensitivity,43,1346,0.9999983212560815,0.9999983253839595,0.00089038962231161,20
competition,with_sensitivity,44,1423,0.9999999501278556,0.9999990262062517,0.0026644995812478344,20
competition,with_sensitivity,45,1512,0.9999976362145118,0.9999999104225074,0.00043660717475289894,20
competition,with_sensitivity,46,1575,0.9999996205723151,0.9999997436413843,0.0028689588992754866,20
competition,with_sensitivity,47,1585,0.9999984479301164,0.9999910716495937,0.0012668075615869339,20
competition,with_sensitivity,48,1593,0.999998975668492,0.9999952963490106,0.003567312960533268,20
competition,with_sensitivity,49,1628,0.9999995465791303,0.9999737105563015,0.0012588845753514785,20
competition,with_sensitivity,50,1644,0.9999975249546802,0.9999942291056819,0.003610398018221758,20
competition,with_sensitivity,51,1657,0.9999996334219541,0.9999546564598771,0.0012694447022402022,20
competition,with_sensitivity,52,1697,0.9999999906183086,0.9999999873552927,0.0025645024976862375,20
competition,with_sensitivity,53,1736,0.9999998600809856,0.9999902342180799,0.0011920223090789034,20
competition,with_sensitivity,54,1767,0.9999996990521198,0.9999968966204847,0.001271324928745031,20
competition,with_sensitivity,55,1815,0.999999937108525,0.9999496430303824,0.00045681163287302666,20
competition,with_sensitivity,56,1819,0.9999997761994421,0.9999996715788716,0.0030305413584585605,20
competition,with_sensitivity,57,1877,0.9999801163192317,0.9995433073795061,0.0010931242162014827,20
competition,with_sensitivity,58,1913,0.9999997577987527,0.9999996920288475,0.0018548719263664247,20
competition,with_sensitivity,59,1963,0.9999999762499114,0.9999968592409982,0.0012275614475453956,20
competition,with_sensitivity,60,1972,0.99999969563331,0.9999998281462976,0.0023904752367656067,20
competition,with_sensitivity,61,1979,0.9999937116073216,0.9999994582453723,0.0011798289904562942,20
competition,with_sensitivity,62,2008,0.9999973127419796,0.9999989359428222,0.001335414352466238,20
competition,with_sensitivity,63,2038,0.999999795262908,0.9999975593604287,0.0010180081711954737,20
