system,variant,variant_display,parameter,aggregate_relative_error,absolute_scaled_rmse,median_relative_error,q25_relative_error,q75_relative_error,q95_relative_error,bootstrap_median_ci_low,bootstrap_median_ci_high,case_count,training_seed_count,fraction_cases_improved_with_sensitivity,aggregate_error_reduction_with_sensitivity
competition,without_sensitivity,Without sensitivity supervision,overall,0.011254363770556889,0.0011514188184365024,0.007934435715454212,0.005309279319752546,0.012241690676868438,0.019303073295524317,0.007475377329579366,0.008510142167582845,512,1,0.994140625,0.5853709524093877
competition,without_sensitivity,Without sensitivity supervision,r1,0.010430903789028643,0.001139219866944843,0.006256999874588148,0.004404099750247514,0.011051047889617934,0.019798684971144342,0.0058470149657772015,0.0067057419715302975,512,1,0.95703125,0.5687858290927772
competition,without_sensitivity,Without sensitivity supervision,r2,0.012260158349152487,0.0011634898734658571,0.0072940946747408605,0.0053235209591162465,0.014068613739344094,0.026296417456438823,0.006825854317117701,0.00812798120549946,512,1,0.978515625,0.601919625105167
competition,with_sensitivity,With sensitivity supervision,overall,0.004666386131424295,0.00047741168806621583,0.003421982896324371,0.002750107679169593,0.004885713960427765,0.008533683564392804,0.003289854595551893,0.003626491618792731,512,1,0.994140625,0.5853709524093877
competition,with_sensitivity,With sensitivity supervision,r1,0.004497953529198994,0.0004912477504056557,0.0031880038621221653,0.0023361661414995918,0.0049508150219888325,0.008916596445797714,0.002994939196972782,0.0033687593034243462,512,1,0.95703125,0.5687858290927772
competition,with_sensitivity,With sensitivity supervision,r2,0.004880528431900639,0.00046316248501562633,0.0036230296810886428,0.0027808051151156296,0.00573402796725649,0.010210872034470455,0.0034503781998068512,0.003865088594503243,512,1,0.978515625,0.601919625105167
sei,without_sensitivity,Without sensitivity supervision,overall,0.015094117320232086,0.0014408365681472751,0.011518380227603087,0.008146923134014767,0.020056368895657976,0.051108300491887124,0.010898284872149491,0.01261738230877748,510,1,1.0,0.8601504178701791
sei,without_sensitivity,Without sensitivity supervision,b,0.014461654016139329,0.001928442985455925,0.010519338921764688,0.007231393468200388,0.018687513918312866,0.046373782542003424,0.009927069453629051,0.011197602387989065,510,1,0.9882352941176471,0.8561600040959648
sei,without_sensitivity,Without sensitivity supervision,a,0.03129909958108486,0.0006581243682364857,0.046739348995821065,0.022396057788575296,0.15151655887095897,0.9734717986953246,0.03789704766885246,0.0537401969895756,510,1,1.0,0.9008129607356214
sei,with_sensitivity,With sensitivity supervision,overall,0.002110905999852949,0.00020150039197275036,0.0019045332169860775,0.0012034437588182996,0.0034787482369929876,0.007740154061209727,0.0017615474929891213,0.002042815801631567,510,1,1.0,0.8601504178701791
sei,with_sensitivity,With sensitivity supervision,b,0.002080164254447055,0.0002773872311291354,0.001847963005926255,0.001180159961432541,0.0033978640022231193,0.0075331367125308045,0.0017213423606040432,0.0019954194329305066,510,1,0.9882352941176471,0.8561600040959648
sei,with_sensitivity,With sensitivity supervision,a,0.0031044650190887577,6.527740755311656e-05,0.0044013290416936544,0.0020567523727225458,0.015970071241546754,0.09340963229884217,0.00394699853240249,0.0049462228745577935,510,1,1.0,0.9008129607356214
nicholson,without_sensitivity,Without sensitivity supervision,overall,0.007371023559470801,0.004626835777534857,0.005497824860603011,0.003927907349950138,0.008203252302316862,0.015998274094678036,0.005223029663597625,0.005658001833160256,512,1,1.0,0.4586773055932748
nicholson,without_sensitivity,Without sensitivity supervision,beta,0.005207299783189265,0.0046194312405195065,0.0030243708830174692,0.0022457827289704226,0.004401047184878216,0.011802420560073853,0.002882910472698571,0.0032172501367988392,512,1,0.98828125,0.5955717886298264
nicholson,without_sensitivity,Without sensitivity supervision,tau0,0.14159801817336956,0.004634228483649201,0.21361943733809402,0.11160426015292058,0.37933727194354905,0.7075564670502604,0.18749444187927206,0.2331308164175768,512,1,0.951171875,0.35063656619974193
nicholson,with_sensitivity,With sensitivity supervision,overall,0.003990102333748184,0.00250461120967258,0.0034017679481947675,0.002426092517875815,0.00510347970627861,0.008807527285587553,0.0031578187608121812,0.003532456074355863,512,1,1.0,0.4586773055932748
nicholson,with_sensitivity,With sensitivity supervision,beta,0.002105978937383527,0.0018682283141508043,0.0017066759120197435,0.001233991836530702,0.0024651464463612245,0.004551517512132124,0.0016329920898012868,0.001805671951739413,512,1,0.98828125,0.5955717886298264
nicholson,with_sensitivity,With sensitivity supervision,tau0,0.09194857530037061,0.003009298521157436,0.14049820979244,0.07909456169067051,0.27564584776714984,0.4331953031757506,0.12738361063929993,0.1591390490556995,512,1,0.951171875,0.35063656619974193
