iteration,validation_mse,method,seed
500,0.0005666479784292,JI-DeepONet,20261001
1000,0.0004283763622886,JI-DeepONet,20261001
1500,0.0001722166857297,JI-DeepONet,20261001
2000,0.0003622376499697,JI-DeepONet,20261001
2500,0.0001016934370403,JI-DeepONet,20261001
3000,5.2583657909089846e-05,JI-DeepONet,20261001
3500,4.668369861142456e-05,JI-DeepONet,20261001
4000,7.197870006772828e-05,JI-DeepONet,20261001
4500,8.416163883552857e-05,JI-DeepONet,20261001
5000,0.0002898109363792,JI-DeepONet,20261001
5500,1.546187225361545e-05,JI-DeepONet,20261001
6000,4.416123040456454e-05,JI-DeepONet,20261001
6500,1.906510664726631e-05,JI-DeepONet,20261001
7000,1.34344987666733e-05,JI-DeepONet,20261001
7500,2.0184929686288476e-05,JI-DeepONet,20261001
8000,3.721596158963981e-05,JI-DeepONet,20261001
8500,2.849019154876823e-05,JI-DeepONet,20261001
9000,0.0002441573935345,JI-DeepONet,20261001
9500,2.766183917232362e-05,JI-DeepONet,20261001
10000,3.617425429885824e-05,JI-DeepONet,20261001
10500,5.870800558153694e-06,JI-DeepONet,20261001
11000,7.532067863525168e-06,JI-DeepONet,20261001
11500,3.7094000550503543e-06,JI-DeepONet,20261001
12000,2.9008022176569145e-05,JI-DeepONet,20261001
12500,1.5314316693820395e-05,JI-DeepONet,20261001
13000,2.1073156784236736e-05,JI-DeepONet,20261001
13500,0.0001193621323592,JI-DeepONet,20261001
14000,6.075756658144296e-05,JI-DeepONet,20261001
14500,3.3708725778578075e-05,JI-DeepONet,20261001
15000,1.4874447805581308e-05,JI-DeepONet,20261001
15500,1.4301335486700148e-05,JI-DeepONet,20261001
16000,1.3527418357520469e-05,JI-DeepONet,20261001
16500,1.6828214134683908e-05,JI-DeepONet,20261001
17000,2.795260242809294e-05,JI-DeepONet,20261001
17500,0.0006772665695465,JI-DeepONet,20261001
18000,2.3406132109637085e-05,JI-DeepONet,20261001
18500,1.275666528558758e-05,JI-DeepONet,20261001
19000,1.0918240312368276e-05,JI-DeepONet,20261001
19500,1.4739234994758564e-05,JI-DeepONet,20261001
20000,2.796983436460542e-05,JI-DeepONet,20261001
20500,4.915969416146218e-06,JI-DeepONet,20261001
21000,1.2475281418489662e-05,JI-DeepONet,20261001
21500,2.395951195683506e-06,JI-DeepONet,20261001
22000,2.3534067776502936e-06,JI-DeepONet,20261001
22500,2.4056536441650055e-06,JI-DeepONet,20261001
23000,4.096685807992123e-06,JI-DeepONet,20261001
23500,8.292151313512855e-06,JI-DeepONet,20261001
24000,3.8457977255234975e-06,JI-DeepONet,20261001
24500,3.207076274261731e-06,JI-DeepONet,20261001
25000,1.3360006027003116e-05,JI-DeepONet,20261001
25500,1.348969362590767e-06,JI-DeepONet,20261001
26000,5.349326683972506e-06,JI-DeepONet,20261001
26500,2.5414307914862337e-06,JI-DeepONet,20261001
27000,2.146718439601033e-06,JI-DeepONet,20261001
27500,1.7243561077897537e-06,JI-DeepONet,20261001
28000,1.3757667398868077e-06,JI-DeepONet,20261001
28500,2.5215776280943818e-06,JI-DeepONet,20261001
29000,1.3836891326338563e-06,JI-DeepONet,20261001
29500,1.1611236884701462e-06,JI-DeepONet,20261001
30000,1.0473681862054717e-06,JI-DeepONet,20261001
30500,1.5520288031129249e-06,JI-DeepONet,20261001
31000,1.799218577850574e-06,JI-DeepONet,20261001
31500,2.01637456353643e-06,JI-DeepONet,20261001
32000,8.219687533915342e-07,JI-DeepONet,20261001
32500,5.816604330297338e-07,JI-DeepONet,20261001
33000,6.199279853180618e-07,JI-DeepONet,20261001
33500,8.61755271408773e-07,JI-DeepONet,20261001
34000,5.110638360352731e-07,JI-DeepONet,20261001
34500,5.081923747471586e-07,JI-DeepONet,20261001
35000,3.807757233658857e-07,JI-DeepONet,20261001
35500,3.577362970544092e-07,JI-DeepONet,20261001
36000,3.721879379470424e-07,JI-DeepONet,20261001
36500,3.115225394645076e-07,JI-DeepONet,20261001
37000,4.101375856004286e-07,JI-DeepONet,20261001
37500,3.134628567469788e-07,JI-DeepONet,20261001
38000,2.739685173649329e-07,JI-DeepONet,20261001
38500,2.76234020716587e-07,JI-DeepONet,20261001
39000,2.631155194610174e-07,JI-DeepONet,20261001
39500,2.534823927582591e-07,JI-DeepONet,20261001
40000,2.5782767054517745e-07,JI-DeepONet,20261001
500,0.0004337590048931,JI-DeepONet,20261002
1000,0.0072525072655208,JI-DeepONet,20261002
1500,0.0002314061565971,JI-DeepONet,20261002
2000,8.028142297484696e-05,JI-DeepONet,20261002
2500,0.0001103435266131,JI-DeepONet,20261002
3000,9.135202309226791e-05,JI-DeepONet,20261002
3500,3.945054491613181e-05,JI-DeepONet,20261002
4000,0.0001027546310088,JI-DeepONet,20261002
4500,0.0001255593549931,JI-DeepONet,20261002
5000,9.340500024808448e-05,JI-DeepONet,20261002
5500,0.0084854918279876,JI-DeepONet,20261002
6000,3.7558319763377474e-05,JI-DeepONet,20261002
6500,4.275818906346964e-05,JI-DeepONet,20261002
7000,2.8549199417316635e-05,JI-DeepONet,20261002
7500,3.993969680561219e-05,JI-DeepONet,20261002
8000,3.814769711219856e-05,JI-DeepONet,20261002
8500,9.110645531470693e-06,JI-DeepONet,20261002
9000,1.2997858941151564e-05,JI-DeepONet,20261002
9500,1.7728504989210506e-05,JI-DeepONet,20261002
10000,7.978938200504613e-06,JI-DeepONet,20261002
10500,1.1773344796090936e-05,JI-DeepONet,20261002
11000,1.5168124901238238e-05,JI-DeepONet,20261002
11500,3.2386417627625e-05,JI-DeepONet,20261002
12000,8.031683005961911e-05,JI-DeepONet,20261002
12500,2.607814605375573e-05,JI-DeepONet,20261002
13000,1.3790257042956935e-05,JI-DeepONet,20261002
13500,3.9792253807106165e-05,JI-DeepONet,20261002
14000,1.2360040693179908e-05,JI-DeepONet,20261002
14500,6.73880914213929e-06,JI-DeepONet,20261002
15000,2.2138177314454895e-05,JI-DeepONet,20261002
15500,6.598623052042162e-06,JI-DeepONet,20261002
16000,3.792893525928013e-05,JI-DeepONet,20261002
16500,4.912707742732447e-05,JI-DeepONet,20261002
17000,1.0774285095027596e-05,JI-DeepONet,20261002
17500,2.4173064933075593e-05,JI-DeepONet,20261002
18000,4.0302793192106175e-05,JI-DeepONet,20261002
18500,2.0070429492608852e-05,JI-DeepONet,20261002
19000,2.0308408093679085e-05,JI-DeepONet,20261002
19500,4.163001747061628e-06,JI-DeepONet,20261002
20000,1.3466283771330372e-05,JI-DeepONet,20261002
20500,4.360873414229906e-06,JI-DeepONet,20261002
21000,3.338967413292368e-06,JI-DeepONet,20261002
21500,3.3867286852581298e-06,JI-DeepONet,20261002
22000,6.158057289535616e-06,JI-DeepONet,20261002
22500,4.6163621349518055e-06,JI-DeepONet,20261002
23000,3.4680155159603453e-06,JI-DeepONet,20261002
23500,6.0848815256429e-06,JI-DeepONet,20261002
24000,5.547249620384819e-06,JI-DeepONet,20261002
24500,3.907982591908302e-06,JI-DeepONet,20261002
25000,9.938691491030751e-06,JI-DeepONet,20261002
25500,2.093589559511266e-06,JI-DeepONet,20261002
26000,2.777978851699293e-06,JI-DeepONet,20261002
26500,1.6887307084164745e-06,JI-DeepONet,20261002
27000,4.552954728179433e-06,JI-DeepONet,20261002
27500,7.263567867648578e-06,JI-DeepONet,20261002
28000,1.5022889396679911e-06,JI-DeepONet,20261002
28500,5.5461751062610255e-06,JI-DeepONet,20261002
29000,1.173351318360233e-06,JI-DeepONet,20261002
29500,1.351491674529739e-06,JI-DeepONet,20261002
30000,1.0633115398769231e-06,JI-DeepONet,20261002
30500,6.521231151421521e-07,JI-DeepONet,20261002
31000,5.955148482876618e-07,JI-DeepONet,20261002
31500,1.0314866031171017e-06,JI-DeepONet,20261002
32000,3.713014671349246e-07,JI-DeepONet,20261002
32500,2.962209509652003e-07,JI-DeepONet,20261002
33000,3.48642398660611e-07,JI-DeepONet,20261002
33500,5.40346324519093e-07,JI-DeepONet,20261002
34000,4.7524747583879547e-07,JI-DeepONet,20261002
34500,2.625036956331092e-07,JI-DeepONet,20261002
35000,2.503373462501748e-07,JI-DeepONet,20261002
35500,2.1915806332520917e-07,JI-DeepONet,20261002
36000,2.304472538739499e-07,JI-DeepONet,20261002
36500,1.5912715297326612e-07,JI-DeepONet,20261002
37000,1.5926625176084939e-07,JI-DeepONet,20261002
37500,1.4887547575650724e-07,JI-DeepONet,20261002
38000,1.3984383545939168e-07,JI-DeepONet,20261002
38500,1.371181755698785e-07,JI-DeepONet,20261002
39000,1.449962408291663e-07,JI-DeepONet,20261002
39500,1.322961171682489e-07,JI-DeepONet,20261002
40000,1.310115013821387e-07,JI-DeepONet,20261002
500,0.0010373272694693,JI-DeepONet,20261003
1000,0.0013975093472368,JI-DeepONet,20261003
1500,0.0004230108458306,JI-DeepONet,20261003
2000,6.261444143621025e-05,JI-DeepONet,20261003
2500,0.0002615278906507,JI-DeepONet,20261003
3000,5.2746226152697304e-05,JI-DeepONet,20261003
3500,0.0001977156837383,JI-DeepONet,20261003
4000,2.9066381676548578e-05,JI-DeepONet,20261003
4500,1.7611859288363908e-05,JI-DeepONet,20261003
5000,1.7474001480092842e-05,JI-DeepONet,20261003
5500,1.7243051179500454e-05,JI-DeepONet,20261003
6000,1.8783169044143276e-05,JI-DeepONet,20261003
6500,1.1802358281919024e-05,JI-DeepONet,20261003
7000,0.0001168443469274,JI-DeepONet,20261003
7500,7.439917519489867e-06,JI-DeepONet,20261003
8000,1.2841855217809908e-05,JI-DeepONet,20261003
8500,6.466614857192983e-05,JI-DeepONet,20261003
9000,1.251076617586193e-05,JI-DeepONet,20261003
9500,3.802635653904325e-05,JI-DeepONet,20261003
10000,17.049380221495554,JI-DeepONet,20261003
10500,0.0001844417602546,JI-DeepONet,20261003
11000,7.883326451247534e-05,JI-DeepONet,20261003
11500,6.388827695751425e-05,JI-DeepONet,20261003
12000,0.0004015440280409,JI-DeepONet,20261003
12500,0.0001321372901067,JI-DeepONet,20261003
13000,4.156759176673744e-05,JI-DeepONet,20261003
13500,3.274591406832614e-05,JI-DeepONet,20261003
14000,5.376887143099092e-05,JI-DeepONet,20261003
14500,1.3931619095926806e-05,JI-DeepONet,20261003
15000,5.8850901259560784e-05,JI-DeepONet,20261003
15500,0.0050439306943398,JI-DeepONet,20261003
16000,5.465064988052698e-06,JI-DeepONet,20261003
16500,4.82235337387418e-06,JI-DeepONet,20261003
17000,4.658480177043465e-06,JI-DeepONet,20261003
17500,1.963957340081281e-05,JI-DeepONet,20261003
18000,1.1612775027151248e-05,JI-DeepONet,20261003
18500,2.261780537507141e-05,JI-DeepONet,20261003
19000,1.0000572607679582e-05,JI-DeepONet,20261003
19500,1.114412841348839e-05,JI-DeepONet,20261003
20000,1.1523960492713305e-05,JI-DeepONet,20261003
20500,1.7397566739543678e-05,JI-DeepONet,20261003
21000,3.824263942315758e-06,JI-DeepONet,20261003
21500,2.217293828561183e-05,JI-DeepONet,20261003
22000,2.4840820238314708e-05,JI-DeepONet,20261003
22500,2.657559588910492e-06,JI-DeepONet,20261003
23000,7.672362553065884e-06,JI-DeepONet,20261003
23500,4.16380719023958e-06,JI-DeepONet,20261003
24000,8.696615342137561e-06,JI-DeepONet,20261003
24500,3.6827228869744806e-06,JI-DeepONet,20261003
25000,2.116242705180447e-06,JI-DeepONet,20261003
25500,7.789540426689798e-06,JI-DeepONet,20261003
26000,1.9556418253039154e-06,JI-DeepONet,20261003
26500,8.230782135585197e-06,JI-DeepONet,20261003
27000,2.4635677777646077e-06,JI-DeepONet,20261003
27500,1.1843305863645645e-06,JI-DeepONet,20261003
28000,2.694602463663232e-06,JI-DeepONet,20261003
28500,1.3294120691455795e-06,JI-DeepONet,20261003
29000,1.7749769554596762e-06,JI-DeepONet,20261003
29500,3.277875244469956e-06,JI-DeepONet,20261003
30000,2.545517300011004e-06,JI-DeepONet,20261003
30500,2.2654376783717188e-06,JI-DeepONet,20261003
31000,8.232324801060101e-07,JI-DeepONet,20261003
31500,7.540632731478411e-07,JI-DeepONet,20261003
32000,9.886457400363793e-07,JI-DeepONet,20261003
32500,1.1252994561492171e-06,JI-DeepONet,20261003
33000,1.061627226822228e-06,JI-DeepONet,20261003
33500,1.079006059948968e-06,JI-DeepONet,20261003
34000,6.976956708879735e-07,JI-DeepONet,20261003
34500,4.665710937905173e-07,JI-DeepONet,20261003
35000,5.492506136994388e-07,JI-DeepONet,20261003
35500,3.60087993118199e-07,JI-DeepONet,20261003
36000,3.10635419261316e-07,JI-DeepONet,20261003
36500,2.636829645479173e-07,JI-DeepONet,20261003
37000,2.701940909700072e-07,JI-DeepONet,20261003
37500,2.863773528477369e-07,JI-DeepONet,20261003
38000,2.2513421384861067e-07,JI-DeepONet,20261003
38500,2.146804968596988e-07,JI-DeepONet,20261003
39000,2.038101486315773e-07,JI-DeepONet,20261003
39500,2.0412658104226046e-07,JI-DeepONet,20261003
40000,1.9784559089851837e-07,JI-DeepONet,20261003
500,0.0009294738395704,JI-DeepONet,20261004
1000,0.0015391080157026,JI-DeepONet,20261004
1500,0.0001572908074866,JI-DeepONet,20261004
2000,7.855631690887365e-05,JI-DeepONet,20261004
2500,0.0003401956898723,JI-DeepONet,20261004
3000,0.000247806387223,JI-DeepONet,20261004
3500,6.266934122686697e-05,JI-DeepONet,20261004
4000,3.203422833977662e-05,JI-DeepONet,20261004
4500,2.759309192906741e-05,JI-DeepONet,20261004
5000,4.858014596111454e-05,JI-DeepONet,20261004
5500,9.239654481669058e-05,JI-DeepONet,20261004
6000,2.2292830693080413e-05,JI-DeepONet,20261004
6500,1.9781309263774823e-05,JI-DeepONet,20261004
7000,8.051311108926387e-05,JI-DeepONet,20261004
7500,4.750994993708291e-05,JI-DeepONet,20261004
8000,6.989552742124308e-06,JI-DeepONet,20261004
8500,2.335307113098986e-05,JI-DeepONet,20261004
9000,0.0070712296038369,JI-DeepONet,20261004
9500,0.0001809356359468,JI-DeepONet,20261004
10000,5.146256654632669e-05,JI-DeepONet,20261004
10500,7.2915168341378e-05,JI-DeepONet,20261004
11000,3.7576762398008055e-05,JI-DeepONet,20261004
11500,0.0001330157951953,JI-DeepONet,20261004
12000,2.747006335339296e-05,JI-DeepONet,20261004
12500,1.0006392631826693e-05,JI-DeepONet,20261004
13000,1.885404609174243e-05,JI-DeepONet,20261004
13500,2.006840376873789e-05,JI-DeepONet,20261004
14000,1.6433772809818658e-05,JI-DeepONet,20261004
14500,5.545432192637075e-05,JI-DeepONet,20261004
15000,8.802472190561953e-05,JI-DeepONet,20261004
15500,3.1429195810520965e-06,JI-DeepONet,20261004
16000,3.3799884412200055e-06,JI-DeepONet,20261004
16500,1.0259541980481885e-05,JI-DeepONet,20261004
17000,3.792533342522913e-06,JI-DeepONet,20261004
17500,1.072198070490916e-05,JI-DeepONet,20261004
18000,3.963749077229821e-06,JI-DeepONet,20261004
18500,6.128553824917852e-05,JI-DeepONet,20261004
19000,4.269582496917999e-06,JI-DeepONet,20261004
19500,5.2702752336299905e-06,JI-DeepONet,20261004
20000,1.0130900991910182e-05,JI-DeepONet,20261004
20500,3.2459297412564935e-05,JI-DeepONet,20261004
21000,1.178176424588017e-05,JI-DeepONet,20261004
21500,3.10189814989829e-05,JI-DeepONet,20261004
22000,2.544679618415516e-06,JI-DeepONet,20261004
22500,2.5356914268935445e-06,JI-DeepONet,20261004
23000,1.747963215541661e-05,JI-DeepONet,20261004
23500,2.364896538321771e-06,JI-DeepONet,20261004
24000,2.8997755256083643e-06,JI-DeepONet,20261004
24500,2.2876548540044046e-06,JI-DeepONet,20261004
25000,4.310833879446808e-06,JI-DeepONet,20261004
25500,1.160651723908747e-06,JI-DeepONet,20261004
26000,1.9896442054038883e-06,JI-DeepONet,20261004
26500,1.4038915499558326e-06,JI-DeepONet,20261004
27000,1.3843497755284635e-06,JI-DeepONet,20261004
27500,1.4722778632117186e-06,JI-DeepONet,20261004
28000,1.5134633656636636e-06,JI-DeepONet,20261004
28500,4.847041585369816e-06,JI-DeepONet,20261004
29000,1.3710139166700142e-06,JI-DeepONet,20261004
29500,9.989401992329556e-07,JI-DeepONet,20261004
30000,1.807730514831632e-06,JI-DeepONet,20261004
30500,9.496108060573088e-07,JI-DeepONet,20261004
31000,1.674917736882825e-06,JI-DeepONet,20261004
31500,1.7053070357613609e-06,JI-DeepONet,20261004
32000,4.138837741107454e-07,JI-DeepONet,20261004
32500,3.798336236568505e-07,JI-DeepONet,20261004
33000,3.282481206833074e-07,JI-DeepONet,20261004
33500,2.484319169774679e-07,JI-DeepONet,20261004
34000,2.6453402398577656e-07,JI-DeepONet,20261004
34500,3.65762359585545e-07,JI-DeepONet,20261004
35000,2.541124106819037e-07,JI-DeepONet,20261004
35500,1.8788390951915806e-07,JI-DeepONet,20261004
36000,2.2790225948403318e-07,JI-DeepONet,20261004
36500,2.1481038750020957e-07,JI-DeepONet,20261004
37000,1.640107717277578e-07,JI-DeepONet,20261004
37500,1.6797839623262993e-07,JI-DeepONet,20261004
38000,1.556706322596401e-07,JI-DeepONet,20261004
38500,1.5081758224037018e-07,JI-DeepONet,20261004
39000,1.493448203389559e-07,JI-DeepONet,20261004
39500,1.445477398493342e-07,JI-DeepONet,20261004
40000,1.4486155080432086e-07,JI-DeepONet,20261004
500,0.0003790574236258,JI-DeepONet,20261005
1000,0.0001502901444698,JI-DeepONet,20261005
1500,7.544830142203218e-05,JI-DeepONet,20261005
2000,0.0001492848055172,JI-DeepONet,20261005
2500,0.0002715314656945,JI-DeepONet,20261005
3000,0.0001084390719376,JI-DeepONet,20261005
3500,0.0001047207872581,JI-DeepONet,20261005
4000,5.7627903451908834e-05,JI-DeepONet,20261005
4500,1.1404263871971927e-05,JI-DeepONet,20261005
5000,0.000122006567747,JI-DeepONet,20261005
5500,9.961395241642847e-06,JI-DeepONet,20261005
6000,2.4464805691871613e-05,JI-DeepONet,20261005
6500,0.0002290832680852,JI-DeepONet,20261005
7000,3.453014604479546e-05,JI-DeepONet,20261005
7500,9.39701894702926e-06,JI-DeepONet,20261005
8000,1.4509128776141315e-05,JI-DeepONet,20261005
8500,3.401470002846639e-05,JI-DeepONet,20261005
9000,9.529189064985576e-06,JI-DeepONet,20261005
9500,1.1223262452081968e-05,JI-DeepONet,20261005
10000,1.4001603265121616e-05,JI-DeepONet,20261005
10500,4.718575492875058e-05,JI-DeepONet,20261005
11000,9.055189479554633e-06,JI-DeepONet,20261005
11500,1.129602625901589e-05,JI-DeepONet,20261005
12000,9.096855392655498e-05,JI-DeepONet,20261005
12500,0.000183708701304,JI-DeepONet,20261005
13000,4.6081927049687065e-05,JI-DeepONet,20261005
13500,8.064908030839049e-05,JI-DeepONet,20261005
14000,5.551107207419323e-05,JI-DeepONet,20261005
14500,3.385616080248146e-05,JI-DeepONet,20261005
15000,1.342070831714035e-05,JI-DeepONet,20261005
15500,1.754143409361295e-05,JI-DeepONet,20261005
16000,2.6153501025410947e-05,JI-DeepONet,20261005
16500,2.176729596085648e-05,JI-DeepONet,20261005
17000,4.905054636443088e-06,JI-DeepONet,20261005
17500,3.975760251491634e-06,JI-DeepONet,20261005
18000,1.0053878638104812e-05,JI-DeepONet,20261005
18500,4.975091094934778e-05,JI-DeepONet,20261005
19000,4.7484001442179934e-05,JI-DeepONet,20261005
19500,3.253571059500495e-05,JI-DeepONet,20261005
20000,3.5508726006085338e-06,JI-DeepONet,20261005
20500,2.001475921671275e-05,JI-DeepONet,20261005
21000,1.120210426432452e-05,JI-DeepONet,20261005
21500,3.2074627489236e-05,JI-DeepONet,20261005
22000,2.437807127087219e-05,JI-DeepONet,20261005
22500,1.2227472860809446e-05,JI-DeepONet,20261005
23000,2.6607273940525807e-06,JI-DeepONet,20261005
23500,2.2648850709911628e-06,JI-DeepONet,20261005
24000,4.4384211295333305e-06,JI-DeepONet,20261005
24500,4.494156138322705e-06,JI-DeepONet,20261005
25000,3.663141092006677e-06,JI-DeepONet,20261005
25500,3.5471806430740407e-06,JI-DeepONet,20261005
26000,9.300437867055323e-06,JI-DeepONet,20261005
26500,3.73526459348332e-06,JI-DeepONet,20261005
27000,4.716550834650958e-06,JI-DeepONet,20261005
27500,1.7719744705351233e-06,JI-DeepONet,20261005
28000,2.0279438054403174e-06,JI-DeepONet,20261005
28500,2.5413704532471924e-06,JI-DeepONet,20261005
29000,2.137332213259202e-06,JI-DeepONet,20261005
29500,1.541384373658964e-06,JI-DeepONet,20261005
30000,2.187685210913667e-06,JI-DeepONet,20261005
30500,1.4341363528891613e-06,JI-DeepONet,20261005
31000,8.441255845249922e-07,JI-DeepONet,20261005
31500,5.976906668963377e-07,JI-DeepONet,20261005
32000,5.076602504868233e-07,JI-DeepONet,20261005
32500,4.720622348855788e-07,JI-DeepONet,20261005
33000,4.033859692954813e-07,JI-DeepONet,20261005
33500,8.273999649458873e-07,JI-DeepONet,20261005
34000,8.976856990978156e-07,JI-DeepONet,20261005
34500,6.449559350454091e-07,JI-DeepONet,20261005
35000,4.843587789632786e-07,JI-DeepONet,20261005
35500,3.19405534324373e-07,JI-DeepONet,20261005
36000,3.401896742924677e-07,JI-DeepONet,20261005
36500,2.8652094362574096e-07,JI-DeepONet,20261005
37000,2.9326183259436804e-07,JI-DeepONet,20261005
37500,2.6242339978807266e-07,JI-DeepONet,20261005
38000,2.516615686319317e-07,JI-DeepONet,20261005
38500,2.6968390192165293e-07,JI-DeepONet,20261005
39000,2.408116838839523e-07,JI-DeepONet,20261005
39500,2.31233714826166e-07,JI-DeepONet,20261005
40000,2.319872253260341e-07,JI-DeepONet,20261005
500,0.0004098727682757,RP-MIONet,20261001
1000,8.074615117977278e-05,RP-MIONet,20261001
1500,0.0005958011347571,RP-MIONet,20261001
2000,3.1408722156822577e-05,RP-MIONet,20261001
2500,3.341603883251097e-05,RP-MIONet,20261001
3000,3.6747085563756214e-05,RP-MIONet,20261001
3500,2.974371064215872e-05,RP-MIONet,20261001
4000,2.0221675904861325e-05,RP-MIONet,20261001
4500,1.525520726982924e-05,RP-MIONet,20261001
5000,1.7175972061080487e-05,RP-MIONet,20261001
5500,1.6725948567811067e-05,RP-MIONet,20261001
6000,2.306751918172772e-05,RP-MIONet,20261001
6500,3.924913272729514e-06,RP-MIONet,20261001
7000,8.198370567548762e-06,RP-MIONet,20261001
7500,7.497159382053487e-06,RP-MIONet,20261001
8000,4.4795024186769396e-06,RP-MIONet,20261001
8500,1.3382396808463791e-05,RP-MIONet,20261001
9000,5.686208596936229e-05,RP-MIONet,20261001
9500,3.95592426518766e-05,RP-MIONet,20261001
10000,0.0022814888543282,RP-MIONet,20261001
10500,6.702444360294058e-05,RP-MIONet,20261001
11000,0.0001532300095344,RP-MIONet,20261001
11500,2.088822980111651e-05,RP-MIONet,20261001
12000,1.6604821573874313e-05,RP-MIONet,20261001
12500,1.34027234525031e-05,RP-MIONet,20261001
13000,6.248410596913374e-05,RP-MIONet,20261001
13500,2.1515917920676687e-05,RP-MIONet,20261001
14000,8.029274134424281e-06,RP-MIONet,20261001
14500,2.510611715313539e-05,RP-MIONet,20261001
15000,1.639196987726539e-05,RP-MIONet,20261001
15500,2.5642511637352124e-05,RP-MIONet,20261001
16000,5.134462604492388e-05,RP-MIONet,20261001
16500,1.772923359057052e-05,RP-MIONet,20261001
17000,3.065322146383198e-05,RP-MIONet,20261001
17500,4.808354709760169e-05,RP-MIONet,20261001
18000,0.2767504675386757,RP-MIONet,20261001
18500,4.646128704148217e-05,RP-MIONet,20261001
19000,3.8152143740028394e-05,RP-MIONet,20261001
19500,1.6700451292192336e-05,RP-MIONet,20261001
20000,3.292457669901013e-05,RP-MIONet,20261001
20500,2.929270447809818e-05,RP-MIONet,20261001
21000,1.300117765891511e-05,RP-MIONet,20261001
21500,4.04276228421457e-06,RP-MIONet,20261001
22000,1.1464303691038636e-05,RP-MIONet,20261001
22500,6.22587612525029e-06,RP-MIONet,20261001
23000,4.561903461010891e-06,RP-MIONet,20261001
23500,8.980719219821146e-06,RP-MIONet,20261001
24000,3.808789977225366e-06,RP-MIONet,20261001
24500,2.222900616450258e-06,RP-MIONet,20261001
25000,1.1200829218400771e-05,RP-MIONet,20261001
25500,7.481965999403376e-06,RP-MIONet,20261001
26000,1.940142753797214e-06,RP-MIONet,20261001
26500,9.01325087621921e-06,RP-MIONet,20261001
27000,1.20299155300457e-05,RP-MIONet,20261001
27500,5.315372387704097e-06,RP-MIONet,20261001
28000,4.307949587114676e-06,RP-MIONet,20261001
28500,5.225076310001011e-06,RP-MIONet,20261001
29000,2.0697661296873083e-06,RP-MIONet,20261001
29500,2.6166911257556717e-06,RP-MIONet,20261001
30000,2.088164681000271e-06,RP-MIONet,20261001
30500,3.304040630838244e-06,RP-MIONet,20261001
31000,9.663962068500365e-07,RP-MIONet,20261001
31500,1.370887314406015e-06,RP-MIONet,20261001
32000,1.3564546174138284e-06,RP-MIONet,20261001
32500,9.318599107538402e-07,RP-MIONet,20261001
33000,5.928970539752933e-07,RP-MIONet,20261001
33500,1.0098899609282967e-06,RP-MIONet,20261001
34000,6.15276182511417e-07,RP-MIONet,20261001
34500,7.297649065497847e-07,RP-MIONet,20261001
35000,8.300593219299634e-07,RP-MIONet,20261001
35500,4.772612393446577e-07,RP-MIONet,20261001
36000,3.407032698814683e-07,RP-MIONet,20261001
36500,3.2612018502958077e-07,RP-MIONet,20261001
37000,2.539269214983667e-07,RP-MIONet,20261001
37500,2.3487761965106435e-07,RP-MIONet,20261001
38000,2.496088516390134e-07,RP-MIONet,20261001
38500,2.2153402196853138e-07,RP-MIONet,20261001
39000,2.1335464018272617e-07,RP-MIONet,20261001
39500,2.153397088110593e-07,RP-MIONet,20261001
40000,2.1038911117643127e-07,RP-MIONet,20261001
500,0.0005133234949451,RP-MIONet,20261002
1000,0.0001274829752545,RP-MIONet,20261002
1500,2.6620091562621244e-05,RP-MIONet,20261002
2000,2.901441468368611e-05,RP-MIONet,20261002
2500,1.3360488283031366e-05,RP-MIONet,20261002
3000,4.955400781530204e-05,RP-MIONet,20261002
3500,0.0001068043207561,RP-MIONet,20261002
4000,2.5515738119075852e-05,RP-MIONet,20261002
4500,9.934960723011689e-06,RP-MIONet,20261002
5000,1.1575333097597865e-05,RP-MIONet,20261002
5500,5.498626293715375e-06,RP-MIONet,20261002
6000,7.151597829321287e-06,RP-MIONet,20261002
6500,8.619476315097499e-06,RP-MIONet,20261002
7000,1.4510112777727978e-05,RP-MIONet,20261002
7500,7.665086370850324e-06,RP-MIONet,20261002
8000,4.077122208422733e-06,RP-MIONet,20261002
8500,6.413240137316425e-06,RP-MIONet,20261002
9000,5.594204011337547e-06,RP-MIONet,20261002
9500,4.631773850129141e-05,RP-MIONet,20261002
10000,4.782825515937984e-06,RP-MIONet,20261002
10500,5.250238178352433e-06,RP-MIONet,20261002
11000,6.792501349068111e-06,RP-MIONet,20261002
11500,0.0005880389321146,RP-MIONet,20261002
12000,3.781251498256627e-05,RP-MIONet,20261002
12500,3.734519018201342e-05,RP-MIONet,20261002
13000,1.696777241836234e-05,RP-MIONet,20261002
13500,4.1233309799164224e-05,RP-MIONet,20261002
14000,7.925232435796844e-05,RP-MIONet,20261002
14500,2.09419733441647e-05,RP-MIONet,20261002
15000,7.600886033267923e-06,RP-MIONet,20261002
15500,2.8373737137310448e-05,RP-MIONet,20261002
16000,0.00037820415251,RP-MIONet,20261002
16500,4.662252250396624e-06,RP-MIONet,20261002
17000,2.4659779501214506e-06,RP-MIONet,20261002
17500,1.3863901868056284e-05,RP-MIONet,20261002
18000,8.614750812176746e-06,RP-MIONet,20261002
18500,5.239725534764083e-06,RP-MIONet,20261002
19000,1.568590042362041e-05,RP-MIONet,20261002
19500,5.168029143109671e-06,RP-MIONet,20261002
20000,3.943516252413263e-06,RP-MIONet,20261002
20500,5.738883573719917e-06,RP-MIONet,20261002
21000,1.7604213615629675e-06,RP-MIONet,20261002
21500,1.5990073062007969e-06,RP-MIONet,20261002
22000,2.9503241841563377e-06,RP-MIONet,20261002
22500,1.3575885469922092e-06,RP-MIONet,20261002
23000,5.926640400885162e-06,RP-MIONet,20261002
23500,5.886661798622298e-06,RP-MIONet,20261002
24000,1.7912934197091098e-05,RP-MIONet,20261002
24500,2.653438854957365e-06,RP-MIONet,20261002
25000,3.329469783476578e-06,RP-MIONet,20261002
25500,2.557554753085908e-06,RP-MIONet,20261002
26000,2.434556724122745e-06,RP-MIONet,20261002
26500,3.438233951450986e-06,RP-MIONet,20261002
27000,2.0221103815200502e-06,RP-MIONet,20261002
27500,2.6203022168942776e-06,RP-MIONet,20261002
28000,7.877488435528626e-07,RP-MIONet,20261002
28500,1.377219386840456e-06,RP-MIONet,20261002
29000,9.938355285589852e-07,RP-MIONet,20261002
29500,8.64823128873809e-07,RP-MIONet,20261002
30000,1.222957902131352e-06,RP-MIONet,20261002
30500,1.5476683793899335e-06,RP-MIONet,20261002
31000,1.8262428914821272e-06,RP-MIONet,20261002
31500,5.569598147747914e-07,RP-MIONet,20261002
32000,5.511285038544213e-07,RP-MIONet,20261002
32500,2.491898389961703e-07,RP-MIONet,20261002
33000,3.796381892185784e-07,RP-MIONet,20261002
33500,3.359935258676263e-07,RP-MIONet,20261002
34000,3.584936413070981e-07,RP-MIONet,20261002
34500,4.906364316088284e-07,RP-MIONet,20261002
35000,2.089647176062459e-07,RP-MIONet,20261002
35500,2.403431641459278e-07,RP-MIONet,20261002
36000,1.543315986133845e-07,RP-MIONet,20261002
36500,1.3254864470574318e-07,RP-MIONet,20261002
37000,1.230359669827182e-07,RP-MIONet,20261002
37500,1.477257733809531e-07,RP-MIONet,20261002
38000,1.088037825965237e-07,RP-MIONet,20261002
38500,1.079350617439505e-07,RP-MIONet,20261002
39000,1.0731826963612393e-07,RP-MIONet,20261002
39500,9.823874395434799e-08,RP-MIONet,20261002
40000,9.774596224778641e-08,RP-MIONet,20261002
500,0.000733265967881,RP-MIONet,20261003
1000,0.0001388097709204,RP-MIONet,20261003
1500,4.753483373221223e-05,RP-MIONet,20261003
2000,1.5506157751846827e-05,RP-MIONet,20261003
2500,3.917658434520286e-05,RP-MIONet,20261003
3000,5.20589193066501e-05,RP-MIONet,20261003
3500,2.5163664399709924e-05,RP-MIONet,20261003
4000,1.3945910096303228e-05,RP-MIONet,20261003
4500,2.065539334934814e-05,RP-MIONet,20261003
5000,8.523423715377349e-06,RP-MIONet,20261003
5500,1.0975416368444096e-05,RP-MIONet,20261003
6000,2.4490570397840703e-05,RP-MIONet,20261003
6500,6.933262202984397e-06,RP-MIONet,20261003
7000,7.774649674714193e-06,RP-MIONet,20261003
7500,1.5709285010628574e-05,RP-MIONet,20261003
8000,2.3073947863860932e-05,RP-MIONet,20261003
8500,6.696019519916347e-06,RP-MIONet,20261003
9000,2.7599989988441096e-06,RP-MIONet,20261003
9500,2.1569584082004895e-06,RP-MIONet,20261003
10000,2.1765058050074353e-06,RP-MIONet,20261003
10500,1.451309237262916e-05,RP-MIONet,20261003
11000,1.0994574134632104e-05,RP-MIONet,20261003
11500,6.712734722106737e-06,RP-MIONet,20261003
12000,2.5896397509830048e-06,RP-MIONet,20261003
12500,1.7368636786880197e-06,RP-MIONet,20261003
13000,2.1415027282168492e-06,RP-MIONet,20261003
13500,2.6401557307954985e-06,RP-MIONet,20261003
14000,6.637653518844248e-06,RP-MIONet,20261003
14500,1.401714730781773e-05,RP-MIONet,20261003
15000,1.9795192020384656e-05,RP-MIONet,20261003
15500,2.774250419388588e-06,RP-MIONet,20261003
16000,2.0178058721111153e-05,RP-MIONet,20261003
16500,3.330156009385342e-06,RP-MIONet,20261003
17000,5.317634526243155e-06,RP-MIONet,20261003
17500,2.475459397194413e-05,RP-MIONet,20261003
18000,2.8909816265773165e-06,RP-MIONet,20261003
18500,6.657075290409911e-05,RP-MIONet,20261003
19000,1.33417437331553e-05,RP-MIONet,20261003
19500,4.462280668214973e-06,RP-MIONet,20261003
20000,4.772354785845001e-06,RP-MIONet,20261003
20500,2.2401330461547967e-06,RP-MIONet,20261003
21000,1.621959214949685e-06,RP-MIONet,20261003
21500,7.365257459166184e-06,RP-MIONet,20261003
22000,2.496628394940184e-06,RP-MIONet,20261003
22500,4.545971758655587e-06,RP-MIONet,20261003
23000,1.2391600714937853e-06,RP-MIONet,20261003
23500,5.117846010045416e-06,RP-MIONet,20261003
24000,2.643409205041192e-06,RP-MIONet,20261003
24500,1.0862778176664743e-06,RP-MIONet,20261003
25000,3.0965303150265857e-06,RP-MIONet,20261003
25500,9.259756194632928e-06,RP-MIONet,20261003
26000,1.1655752831094769e-05,RP-MIONet,20261003
26500,6.242373024959995e-06,RP-MIONet,20261003
27000,2.1984251661638983e-06,RP-MIONet,20261003
27500,1.4862223906849582e-06,RP-MIONet,20261003
28000,9.908564210887823e-07,RP-MIONet,20261003
28500,7.6280900455438e-07,RP-MIONet,20261003
29000,9.4658197992126e-07,RP-MIONet,20261003
29500,3.0456279367236014e-06,RP-MIONet,20261003
30000,1.8391661083116628e-06,RP-MIONet,20261003
30500,1.6231201306033724e-06,RP-MIONet,20261003
31000,5.099251016036252e-07,RP-MIONet,20261003
31500,2.258672255760497e-06,RP-MIONet,20261003
32000,5.228204863808258e-07,RP-MIONet,20261003
32500,1.0714533819600509e-06,RP-MIONet,20261003
33000,3.052455152787378e-07,RP-MIONet,20261003
33500,2.069586580389803e-07,RP-MIONet,20261003
34000,3.80049940144978e-07,RP-MIONet,20261003
34500,2.117988352567237e-07,RP-MIONet,20261003
35000,4.638059516193615e-07,RP-MIONet,20261003
35500,1.9416072906604465e-07,RP-MIONet,20261003
36000,2.306431010840904e-07,RP-MIONet,20261003
36500,1.5990324031389746e-07,RP-MIONet,20261003
37000,1.541453014965497e-07,RP-MIONet,20261003
37500,1.2664203770329758e-07,RP-MIONet,20261003
38000,1.3276748944181494e-07,RP-MIONet,20261003
38500,1.2462254488098246e-07,RP-MIONet,20261003
39000,1.0446600122076936e-07,RP-MIONet,20261003
39500,1.0391139674982823e-07,RP-MIONet,20261003
40000,1.0260412721446005e-07,RP-MIONet,20261003
500,0.0007437399102646,RP-MIONet,20261004
1000,9.03584677022777e-05,RP-MIONet,20261004
1500,6.100319852586429e-05,RP-MIONet,20261004
2000,1.8332945724821433e-05,RP-MIONet,20261004
2500,2.409867880184591e-05,RP-MIONet,20261004
3000,5.741897399599455e-05,RP-MIONet,20261004
3500,2.2682976350366417e-05,RP-MIONet,20261004
4000,4.928286856194945e-05,RP-MIONet,20261004
4500,1.4552636220074396e-05,RP-MIONet,20261004
5000,7.38706261738967e-06,RP-MIONet,20261004
5500,6.615545447921049e-06,RP-MIONet,20261004
6000,6.509154806508766e-06,RP-MIONet,20261004
6500,4.493234159618249e-05,RP-MIONet,20261004
7000,1.5095505095147043e-05,RP-MIONet,20261004
7500,5.2526526425209385e-06,RP-MIONet,20261004
8000,4.327412419950981e-06,RP-MIONet,20261004
8500,2.5157748046986496e-05,RP-MIONet,20261004
9000,6.481669922583294e-06,RP-MIONet,20261004
9500,0.000122162662738,RP-MIONet,20261004
10000,1.6820080657640684e-05,RP-MIONet,20261004
10500,1.059602501517117e-05,RP-MIONet,20261004
11000,1.5907864854893865,RP-MIONet,20261004
11500,7.316364921749044e-05,RP-MIONet,20261004
12000,2.828911381581891e-05,RP-MIONet,20261004
12500,2.500220109213779e-05,RP-MIONet,20261004
13000,1.4051781215905352e-05,RP-MIONet,20261004
13500,1.5006326956567436e-05,RP-MIONet,20261004
14000,1.6482284071226285e-05,RP-MIONet,20261004
14500,4.892095226014703e-05,RP-MIONet,20261004
15000,9.902148370971082e-06,RP-MIONet,20261004
15500,1.6903954425995218e-05,RP-MIONet,20261004
16000,1.6582952986715486e-05,RP-MIONet,20261004
16500,2.377741520833976e-05,RP-MIONet,20261004
17000,0.000109277411836,RP-MIONet,20261004
17500,6.37652391188411e-05,RP-MIONet,20261004
18000,8.340303847991603e-05,RP-MIONet,20261004
18500,3.101503513555225e-05,RP-MIONet,20261004
19000,6.519182386768375e-06,RP-MIONet,20261004
19500,9.636638212887453e-06,RP-MIONet,20261004
20000,1.6924264834543417e-05,RP-MIONet,20261004
20500,7.584006393787351e-06,RP-MIONet,20261004
21000,1.142031003262478e-05,RP-MIONet,20261004
21500,8.702192706884117e-06,RP-MIONet,20261004
22000,1.2261910435784115e-05,RP-MIONet,20261004
22500,3.6849372256029823e-06,RP-MIONet,20261004
23000,6.447490601944845e-05,RP-MIONet,20261004
23500,1.9979494974665723e-05,RP-MIONet,20261004
24000,3.4853506652806745e-05,RP-MIONet,20261004
24500,2.963572015098296e-06,RP-MIONet,20261004
25000,1.23747569014793e-05,RP-MIONet,20261004
25500,6.284095478785863e-06,RP-MIONet,20261004
26000,3.499452618875268e-06,RP-MIONet,20261004
26500,2.686623883539461e-06,RP-MIONet,20261004
27000,2.282009589339619e-06,RP-MIONet,20261004
27500,6.925364171051425e-06,RP-MIONet,20261004
28000,3.5250228702423716e-06,RP-MIONet,20261004
28500,4.593897960919723e-06,RP-MIONet,20261004
29000,1.2653274532799145e-06,RP-MIONet,20261004
29500,3.7636263415075138e-06,RP-MIONet,20261004
30000,1.5819536132910334e-06,RP-MIONet,20261004
30500,1.588134631597811e-06,RP-MIONet,20261004
31000,2.0774513176230676e-06,RP-MIONet,20261004
31500,2.8378760638785795e-06,RP-MIONet,20261004
32000,6.418117099575548e-07,RP-MIONet,20261004
32500,1.4780216379838818e-06,RP-MIONet,20261004
33000,1.689347802129583e-06,RP-MIONet,20261004
33500,4.1698331817596e-07,RP-MIONet,20261004
34000,5.554049524456841e-07,RP-MIONet,20261004
34500,3.7109936452256465e-07,RP-MIONet,20261004
35000,3.693425484178805e-07,RP-MIONet,20261004
35500,2.8912007938561276e-07,RP-MIONet,20261004
36000,2.1559936550916974e-07,RP-MIONet,20261004
36500,3.03921052557396e-07,RP-MIONet,20261004
37000,1.717258859919345e-07,RP-MIONet,20261004
37500,1.86494565392739e-07,RP-MIONet,20261004
38000,1.3842377663966145e-07,RP-MIONet,20261004
38500,1.300633917550326e-07,RP-MIONet,20261004
39000,1.247682744271513e-07,RP-MIONet,20261004
39500,1.1937812776876177e-07,RP-MIONet,20261004
40000,1.19707099707858e-07,RP-MIONet,20261004
500,0.0003860413960832,RP-MIONet,20261005
1000,0.0001044226236593,RP-MIONet,20261005
1500,5.292090461900707e-05,RP-MIONet,20261005
2000,3.259580947609568e-05,RP-MIONet,20261005
2500,1.7360586073830278e-05,RP-MIONet,20261005
3000,1.1152604743596777e-05,RP-MIONet,20261005
3500,1.4959111685036257e-05,RP-MIONet,20261005
4000,0.0016536004228083,RP-MIONet,20261005
4500,2.1728421144179323e-05,RP-MIONet,20261005
5000,7.126836304822614e-06,RP-MIONet,20261005
5500,4.730991637343177e-06,RP-MIONet,20261005
6000,1.6411941853867023e-05,RP-MIONet,20261005
6500,6.191253584497118e-06,RP-MIONet,20261005
7000,5.899064131742581e-06,RP-MIONet,20261005
7500,8.215119064449921e-06,RP-MIONet,20261005
8000,1.0020151708907432e-05,RP-MIONet,20261005
8500,4.174857164449431e-06,RP-MIONet,20261005
9000,5.416212490699262e-06,RP-MIONet,20261005
9500,2.3878496001532225e-06,RP-MIONet,20261005
10000,3.5928536844494184e-06,RP-MIONet,20261005
10500,7.616255551060527e-06,RP-MIONet,20261005
11000,0.0351754874983153,RP-MIONet,20261005
11500,0.0001002861770314,RP-MIONet,20261005
12000,4.339438207097944e-05,RP-MIONet,20261005
12500,2.4521554649874397e-05,RP-MIONet,20261005
13000,3.993630697197012e-05,RP-MIONet,20261005
13500,1.151630615564804e-05,RP-MIONet,20261005
14000,0.0001316718048675,RP-MIONet,20261005
14500,2.1405034919271084e-05,RP-MIONet,20261005
15000,5.0996528552124395e-06,RP-MIONet,20261005
15500,3.3474947890574014e-05,RP-MIONet,20261005
16000,0.0178355244239565,RP-MIONet,20261005
16500,3.208889429780454e-05,RP-MIONet,20261005
17000,6.188800887335074e-06,RP-MIONet,20261005
17500,3.701780196677803e-06,RP-MIONet,20261005
18000,3.259040746928723e-06,RP-MIONet,20261005
18500,1.163334984897589e-05,RP-MIONet,20261005
19000,8.897495043379543e-06,RP-MIONet,20261005
19500,2.135550983058274e-05,RP-MIONet,20261005
20000,1.2646254779530947e-05,RP-MIONet,20261005
20500,1.1360711324406932e-05,RP-MIONet,20261005
21000,1.2533380501933975e-05,RP-MIONet,20261005
21500,4.3100979636605925e-06,RP-MIONet,20261005
22000,5.441359646793492e-06,RP-MIONet,20261005
22500,2.861320313032439e-06,RP-MIONet,20261005
23000,2.343594382291198e-06,RP-MIONet,20261005
23500,5.3050886504764005e-06,RP-MIONet,20261005
24000,2.4573911046849967e-06,RP-MIONet,20261005
24500,9.216058579651876e-06,RP-MIONet,20261005
25000,3.0536562399312673e-06,RP-MIONet,20261005
25500,3.723972896752321e-06,RP-MIONet,20261005
26000,1.6266972210220502e-06,RP-MIONet,20261005
26500,7.0714174142922e-06,RP-MIONet,20261005
27000,6.7733818785181825e-06,RP-MIONet,20261005
27500,1.1873853843799057e-06,RP-MIONet,20261005
28000,1.6576619465844494e-06,RP-MIONet,20261005
28500,1.6411688968486555e-06,RP-MIONet,20261005
29000,2.6317174663446994e-06,RP-MIONet,20261005
29500,9.53736698036716e-07,RP-MIONet,20261005
30000,1.5346803599026622e-06,RP-MIONet,20261005
30500,1.2756550944000038e-06,RP-MIONet,20261005
31000,4.273050022497487e-07,RP-MIONet,20261005
31500,4.79814195300479e-07,RP-MIONet,20261005
32000,4.615185411559853e-07,RP-MIONet,20261005
32500,5.97989438799902e-07,RP-MIONet,20261005
33000,2.897926230064284e-07,RP-MIONet,20261005
33500,4.105966080554848e-07,RP-MIONet,20261005
34000,3.5656988259201813e-07,RP-MIONet,20261005
34500,2.81141453937934e-07,RP-MIONet,20261005
35000,1.5756698244734826e-07,RP-MIONet,20261005
35500,1.7224180860742464e-07,RP-MIONet,20261005
36000,1.8159732696696606e-07,RP-MIONet,20261005
36500,1.6109734001933606e-07,RP-MIONet,20261005
37000,1.2108311584662978e-07,RP-MIONet,20261005
37500,1.395782152994927e-07,RP-MIONet,20261005
38000,1.0887184127870701e-07,RP-MIONet,20261005
38500,1.1249081131149893e-07,RP-MIONet,20261005
39000,9.938197559846053e-08,RP-MIONet,20261005
39500,9.756382925467409e-08,RP-MIONet,20261005
40000,9.582820375612277e-08,RP-MIONet,20261005
500,0.0015767653749868,PFDEONet,20261001
1000,8.872240410731668e-05,PFDEONet,20261001
1500,0.0006441849279055,PFDEONet,20261001
2000,3.054546465618763e-05,PFDEONet,20261001
2500,4.127420021578354e-05,PFDEONet,20261001
3000,8.957948331318336e-06,PFDEONet,20261001
3500,5.126671164413249e-05,PFDEONet,20261001
4000,9.9075235640525e-06,PFDEONet,20261001
4500,1.60986160578422e-05,PFDEONet,20261001
5000,7.644743614976944e-06,PFDEONet,20261001
5500,5.98113750436058e-06,PFDEONet,20261001
6000,4.955871133609894e-06,PFDEONet,20261001
6500,9.148538890877908e-06,PFDEONet,20261001
7000,2.943795510510129e-06,PFDEONet,20261001
7500,2.598068823754457e-05,PFDEONet,20261001
8000,1.5943314988452957e-05,PFDEONet,20261001
8500,1.9174288844834603e-05,PFDEONet,20261001
9000,0.0049852628715507,PFDEONet,20261001
9500,4.540800386496902e-06,PFDEONet,20261001
10000,4.957756251078312e-06,PFDEONet,20261001
10500,7.467518170555121e-06,PFDEONet,20261001
11000,4.0396197452568985e-06,PFDEONet,20261001
11500,5.965853258324127e-06,PFDEONet,20261001
12000,1.2581491138600428e-05,PFDEONet,20261001
12500,8.252251124025557e-06,PFDEONet,20261001
13000,3.4757835121086944e-06,PFDEONet,20261001
13500,5.065280030481125e-05,PFDEONet,20261001
14000,2.4368648600142407e-05,PFDEONet,20261001
14500,1.491170381203854e-05,PFDEONet,20261001
15000,9.680014709494657e-06,PFDEONet,20261001
15500,7.069216762964851e-06,PFDEONet,20261001
16000,8.699127488833918e-06,PFDEONet,20261001
16500,3.4485236764263007e-06,PFDEONet,20261001
17000,8.646600057694922e-06,PFDEONet,20261001
17500,1.2517418983209532e-05,PFDEONet,20261001
18000,7.301210334313747e-05,PFDEONet,20261001
18500,4.537210127605115e-05,PFDEONet,20261001
19000,1.7426410258443786e-05,PFDEONet,20261001
19500,5.626094782758151e-06,PFDEONet,20261001
20000,3.585173825308424e-05,PFDEONet,20261001
20500,4.317858805934007e-06,PFDEONet,20261001
21000,6.454355674520534e-06,PFDEONet,20261001
21500,2.696247639178913e-06,PFDEONet,20261001
22000,5.396773144186614e-06,PFDEONet,20261001
22500,1.7338313322393573e-05,PFDEONet,20261001
23000,4.741460419082732e-06,PFDEONet,20261001
23500,4.0931802604034435e-06,PFDEONet,20261001
24000,1.9461608611587686e-06,PFDEONet,20261001
24500,1.112155523592921e-06,PFDEONet,20261001
25000,2.251340015156263e-06,PFDEONet,20261001
25500,2.5385739884312963e-06,PFDEONet,20261001
26000,1.0522282557058507e-05,PFDEONet,20261001
26500,2.409506792722326e-06,PFDEONet,20261001
27000,2.0084861013006775e-05,PFDEONet,20261001
27500,3.2822977691947665e-06,PFDEONet,20261001
28000,9.761716093721095e-07,PFDEONet,20261001
28500,1.2440035010576429e-06,PFDEONet,20261001
29000,2.0075587781680228e-06,PFDEONet,20261001
29500,2.589641294306559e-06,PFDEONet,20261001
30000,3.1663212646248745e-06,PFDEONet,20261001
30500,9.200867570915662e-07,PFDEONet,20261001
31000,7.6066273880669e-07,PFDEONet,20261001
31500,1.2218860050958863e-06,PFDEONet,20261001
32000,2.985241434428713e-07,PFDEONet,20261001
32500,6.658825827600759e-07,PFDEONet,20261001
33000,6.297387091283153e-07,PFDEONet,20261001
33500,3.180790792190365e-07,PFDEONet,20261001
34000,2.9581544026868085e-07,PFDEONet,20261001
34500,2.1121170346050178e-07,PFDEONet,20261001
35000,3.510864346423343e-07,PFDEONet,20261001
35500,1.2583716512123808e-07,PFDEONet,20261001
36000,3.220327820720545e-07,PFDEONet,20261001
36500,1.1067932904017218e-07,PFDEONet,20261001
37000,1.1855247403209273e-07,PFDEONet,20261001
37500,1.1110849374126953e-07,PFDEONet,20261001
38000,8.656956262458972e-08,PFDEONet,20261001
38500,8.536904572507798e-08,PFDEONet,20261001
39000,8.461173627831835e-08,PFDEONet,20261001
39500,7.787328357961298e-08,PFDEONet,20261001
40000,7.948324294779878e-08,PFDEONet,20261001
500,0.0012712520238115,PFDEONet,20261002
1000,8.06978636699081e-05,PFDEONet,20261002
1500,0.0009342928734078,PFDEONet,20261002
2000,1.9659814323121073e-05,PFDEONet,20261002
2500,1.5164243795810031e-05,PFDEONet,20261002
3000,3.552185838469974e-05,PFDEONet,20261002
3500,1.106915594754514e-05,PFDEONet,20261002
4000,2.8119142180158417e-05,PFDEONet,20261002
4500,7.606786000630811e-05,PFDEONet,20261002
5000,6.022349272458047e-06,PFDEONet,20261002
5500,1.5119227510559944e-05,PFDEONet,20261002
6000,8.025395814042672e-06,PFDEONet,20261002
6500,3.485827036351112e-06,PFDEONet,20261002
7000,5.01583135172929e-06,PFDEONet,20261002
7500,4.472625495632756e-06,PFDEONet,20261002
8000,3.1466141813012407e-06,PFDEONet,20261002
8500,5.487453929889358e-06,PFDEONet,20261002
9000,8.185550171159216e-06,PFDEONet,20261002
9500,1.232912219715798e-05,PFDEONet,20261002
10000,1.2914884613842711e-06,PFDEONet,20261002
10500,4.612376874187282e-06,PFDEONet,20261002
11000,2.521753087071531e-06,PFDEONet,20261002
11500,2.276350922518168e-05,PFDEONet,20261002
12000,1.769257511208007e-05,PFDEONet,20261002
12500,9.139927339349995e-06,PFDEONet,20261002
13000,1.0006913957869568e-05,PFDEONet,20261002
13500,0.2699798330588376,PFDEONet,20261002
14000,4.728424746317829e-05,PFDEONet,20261002
14500,2.3849415393381935e-05,PFDEONet,20261002
15000,1.2013294648855612e-05,PFDEONet,20261002
15500,8.177959704477309e-06,PFDEONet,20261002
16000,7.199576067389622e-06,PFDEONet,20261002
16500,9.112922286488685e-06,PFDEONet,20261002
17000,1.1445111599000614e-05,PFDEONet,20261002
17500,1.2064874999291306e-05,PFDEONet,20261002
18000,1.4204156447241894e-05,PFDEONet,20261002
18500,4.498492175290141e-05,PFDEONet,20261002
19000,2.810405011429216e-05,PFDEONet,20261002
19500,6.192473228893649e-06,PFDEONet,20261002
20000,1.1781084741370826e-05,PFDEONet,20261002
20500,3.427908331386281e-06,PFDEONet,20261002
21000,1.2500626844735758e-05,PFDEONet,20261002
21500,3.857698488488082e-06,PFDEONet,20261002
22000,1.5683414191500662e-06,PFDEONet,20261002
22500,1.1483727796235958e-05,PFDEONet,20261002
23000,3.767366636239301e-06,PFDEONet,20261002
23500,3.676889142804944e-06,PFDEONet,20261002
24000,1.2987807824893004e-05,PFDEONet,20261002
24500,1.4201981421441873e-06,PFDEONet,20261002
25000,4.523901210160506e-06,PFDEONet,20261002
25500,1.5931929851885164e-06,PFDEONet,20261002
26000,3.7775514186013817e-06,PFDEONet,20261002
26500,3.2005822055304536e-06,PFDEONet,20261002
27000,2.085789271152688e-06,PFDEONet,20261002
27500,4.002122379681818e-06,PFDEONet,20261002
28000,4.842702006957988e-07,PFDEONet,20261002
28500,8.867174256789934e-07,PFDEONet,20261002
29000,7.80386697983492e-07,PFDEONet,20261002
29500,1.4123374245736304e-06,PFDEONet,20261002
30000,6.004936252868588e-07,PFDEONet,20261002
30500,8.711988816118391e-07,PFDEONet,20261002
31000,1.9175945899628967e-06,PFDEONet,20261002
31500,3.325912406724538e-07,PFDEONet,20261002
32000,2.7785859348760093e-07,PFDEONet,20261002
32500,5.763524519987884e-07,PFDEONet,20261002
33000,2.0622646342297834e-07,PFDEONet,20261002
33500,1.8384980737222304e-06,PFDEONet,20261002
34000,2.322585332723851e-07,PFDEONet,20261002
34500,2.6896669063596585e-07,PFDEONet,20261002
35000,1.5412450072907924e-07,PFDEONet,20261002
35500,1.87741650143602e-07,PFDEONet,20261002
36000,1.2080172761340174e-07,PFDEONet,20261002
36500,1.7395849867260245e-07,PFDEONet,20261002
37000,1.1158451879862917e-07,PFDEONet,20261002
37500,1.213506522639124e-07,PFDEONet,20261002
38000,9.498458874929077e-08,PFDEONet,20261002
38500,9.938934418329861e-08,PFDEONet,20261002
39000,9.346134358299572e-08,PFDEONet,20261002
39500,8.616431767832427e-08,PFDEONet,20261002
40000,8.839492602280149e-08,PFDEONet,20261002
500,0.0011642861327251,PFDEONet,20261003
1000,0.00131783879227,PFDEONet,20261003
1500,0.0001435923161821,PFDEONet,20261003
2000,2.1165434878731473e-05,PFDEONet,20261003
2500,1.7160150035727743e-05,PFDEONet,20261003
3000,4.1434904687938546e-05,PFDEONet,20261003
3500,2.161728645223052e-05,PFDEONet,20261003
4000,1.240178847084648e-05,PFDEONet,20261003
4500,8.884612228542594e-06,PFDEONet,20261003
5000,6.578546674399226e-06,PFDEONet,20261003
5500,2.3978671377957396e-05,PFDEONet,20261003
6000,1.7091401284583493e-05,PFDEONet,20261003
6500,5.0917192958666475e-05,PFDEONet,20261003
7000,3.4831292488506616e-06,PFDEONet,20261003
7500,2.535501185187862e-06,PFDEONet,20261003
8000,2.3970213543421108e-05,PFDEONet,20261003
8500,4.386872610234841e-06,PFDEONet,20261003
9000,2.4112178542117058e-06,PFDEONet,20261003
9500,4.850834121449606e-06,PFDEONet,20261003
10000,0.0035204801126517,PFDEONet,20261003
10500,2.2971784077288023e-06,PFDEONet,20261003
11000,1.7707054946847606e-06,PFDEONet,20261003
11500,2.2300637868163176e-06,PFDEONet,20261003
12000,4.882562646866762e-06,PFDEONet,20261003
12500,1.831137534688818e-06,PFDEONet,20261003
13000,2.349249109644318e-05,PFDEONet,20261003
13500,1.1346419994263762e-05,PFDEONet,20261003
14000,5.459771981417387e-06,PFDEONet,20261003
14500,6.386326924853286e-06,PFDEONet,20261003
15000,0.0004913740475416,PFDEONet,20261003
15500,3.5134554006902277e-05,PFDEONet,20261003
16000,1.6102407573546543e-05,PFDEONet,20261003
16500,1.556120142462125e-05,PFDEONet,20261003
17000,8.519461969826123e-06,PFDEONet,20261003
17500,6.726690703861923e-06,PFDEONet,20261003
18000,4.5089182964465655e-06,PFDEONet,20261003
18500,4.177091647939406e-06,PFDEONet,20261003
19000,5.235990155893786e-06,PFDEONet,20261003
19500,1.3990406108509444e-05,PFDEONet,20261003
20000,9.959727497993976e-06,PFDEONet,20261003
20500,2.1217726115592604e-05,PFDEONet,20261003
21000,2.5658379279458174e-06,PFDEONet,20261003
21500,6.030083206806045e-06,PFDEONet,20261003
22000,2.297030709165587e-06,PFDEONet,20261003
22500,5.1047613369963566e-06,PFDEONet,20261003
23000,1.974572757274667e-06,PFDEONet,20261003
23500,1.7375522830413538e-06,PFDEONet,20261003
24000,3.3101845243234284e-06,PFDEONet,20261003
24500,2.620409423441458e-06,PFDEONet,20261003
25000,2.486679837741532e-06,PFDEONet,20261003
25500,4.720608978860277e-06,PFDEONet,20261003
26000,1.1153669765731643e-06,PFDEONet,20261003
26500,1.1025403924536175e-06,PFDEONet,20261003
27000,3.844771142629137e-06,PFDEONet,20261003
27500,1.631421419099653e-06,PFDEONet,20261003
28000,2.2513457669341746e-06,PFDEONet,20261003
28500,2.0135981637530062e-06,PFDEONet,20261003
29000,1.8996910232908456e-06,PFDEONet,20261003
29500,1.103746156707061e-06,PFDEONet,20261003
30000,5.137049899849888e-07,PFDEONet,20261003
30500,7.681050276283953e-07,PFDEONet,20261003
31000,4.300174666146429e-07,PFDEONet,20261003
31500,3.645416537804802e-07,PFDEONet,20261003
32000,7.363864998056064e-07,PFDEONet,20261003
32500,4.942037767116496e-07,PFDEONet,20261003
33000,4.56298536758527e-07,PFDEONet,20261003
33500,1.9589173746403998e-07,PFDEONet,20261003
34000,2.512661960881292e-07,PFDEONet,20261003
34500,1.7721653687492905e-07,PFDEONet,20261003
35000,2.294929166921516e-07,PFDEONet,20261003
35500,2.068425136034369e-07,PFDEONet,20261003
36000,2.919248674014284e-07,PFDEONet,20261003
36500,2.758931941666481e-07,PFDEONet,20261003
37000,2.1413530948328578e-07,PFDEONet,20261003
37500,1.3836237888884408e-07,PFDEONet,20261003
38000,1.7876672409419478e-07,PFDEONet,20261003
38500,1.2700152372826766e-07,PFDEONet,20261003
39000,1.1180956696134485e-07,PFDEONet,20261003
39500,1.1112218608514402e-07,PFDEONet,20261003
40000,1.0877086626947263e-07,PFDEONet,20261003
500,0.0005426462137177,PFDEONet,20261004
1000,0.0003448253098194,PFDEONet,20261004
1500,7.614985137102139e-05,PFDEONet,20261004
2000,2.4335342145186013e-05,PFDEONet,20261004
2500,0.0001723360520112,PFDEONet,20261004
3000,0.0001463300806734,PFDEONet,20261004
3500,1.060200017380779e-05,PFDEONet,20261004
4000,1.121125886991689e-05,PFDEONet,20261004
4500,4.912427576827028e-06,PFDEONet,20261004
5000,0.0003735942916338,PFDEONet,20261004
5500,1.3467273928312796e-05,PFDEONet,20261004
6000,1.0333119886286283e-05,PFDEONet,20261004
6500,5.92339905460296e-06,PFDEONet,20261004
7000,4.027206887193213e-06,PFDEONet,20261004
7500,7.668927412894778e-06,PFDEONet,20261004
8000,9.550034285515357e-06,PFDEONet,20261004
8500,1.0264278127730782e-05,PFDEONet,20261004
9000,5.225980694167204e-06,PFDEONet,20261004
9500,2.0697103551939405e-05,PFDEONet,20261004
10000,9.411107176152216e-05,PFDEONet,20261004
10500,2.7810421563434697e-05,PFDEONet,20261004
11000,3.474665565394151e-05,PFDEONet,20261004
11500,9.924441468644456e-06,PFDEONet,20261004
12000,2.017165146156102e-05,PFDEONet,20261004
12500,1.098106806780624e-05,PFDEONet,20261004
13000,0.0001045795102725,PFDEONet,20261004
13500,2.250348442014776e-05,PFDEONet,20261004
14000,0.0001671327866349,PFDEONet,20261004
14500,4.6501969049883635e-06,PFDEONet,20261004
15000,4.527057561264646e-06,PFDEONet,20261004
15500,3.2408916432953545e-06,PFDEONet,20261004
16000,1.997139873700388e-06,PFDEONet,20261004
16500,6.339880264176109e-06,PFDEONet,20261004
17000,2.5803757518559256e-06,PFDEONet,20261004
17500,1.0375903598058066e-05,PFDEONet,20261004
18000,4.3599332138027505e-06,PFDEONet,20261004
18500,8.230048050054164e-06,PFDEONet,20261004
19000,7.619867593313944e-06,PFDEONet,20261004
19500,8.870236705067766e-06,PFDEONet,20261004
20000,1.7733715919829605e-05,PFDEONet,20261004
20500,6.490933225112848e-06,PFDEONet,20261004
21000,7.021075374464728e-06,PFDEONet,20261004
21500,1.4851863837577904e-05,PFDEONet,20261004
22000,4.856419154037431e-06,PFDEONet,20261004
22500,2.3306340867284504e-06,PFDEONet,20261004
23000,1.709581098344517e-06,PFDEONet,20261004
23500,1.3172249021338725e-06,PFDEONet,20261004
24000,1.91889850489642e-06,PFDEONet,20261004
24500,1.4381859553791163e-06,PFDEONet,20261004
25000,8.061209769826786e-07,PFDEONet,20261004
25500,6.521140248552852e-07,PFDEONet,20261004
26000,1.125014114129818e-06,PFDEONet,20261004
26500,1.1480830572471718e-06,PFDEONet,20261004
27000,5.361718444610112e-07,PFDEONet,20261004
27500,1.3972908104195166e-06,PFDEONet,20261004
28000,8.364608778311094e-07,PFDEONet,20261004
28500,6.1075613131409255e-06,PFDEONet,20261004
29000,6.660357650846544e-07,PFDEONet,20261004
29500,1.242475435709834e-06,PFDEONet,20261004
30000,6.658264614078487e-07,PFDEONet,20261004
30500,8.305200558604416e-07,PFDEONet,20261004
31000,1.0373538345977988e-06,PFDEONet,20261004
31500,3.642223356850986e-06,PFDEONet,20261004
32000,4.5695869423332074e-07,PFDEONet,20261004
32500,3.01644198691836e-07,PFDEONet,20261004
33000,8.992003911779404e-07,PFDEONet,20261004
33500,5.105776135448702e-07,PFDEONet,20261004
34000,2.1298880499343426e-07,PFDEONet,20261004
34500,7.267209080483782e-07,PFDEONet,20261004
35000,8.250283277762536e-07,PFDEONet,20261004
35500,2.631114403125974e-07,PFDEONet,20261004
36000,2.136743675137295e-07,PFDEONet,20261004
36500,5.265217951615373e-07,PFDEONet,20261004
37000,1.295191176868903e-07,PFDEONet,20261004
37500,1.6066256067126104e-07,PFDEONet,20261004
38000,1.4532414557204498e-07,PFDEONet,20261004
38500,1.2599588953191592e-07,PFDEONet,20261004
39000,1.1475474363961409e-07,PFDEONet,20261004
39500,1.1088232552460685e-07,PFDEONet,20261004
40000,1.1245174422180561e-07,PFDEONet,20261004
500,0.0020497499872006,PFDEONet,20261005
1000,0.000157451614231,PFDEONet,20261005
1500,4.32511297154495e-05,PFDEONet,20261005
2000,1.8579087635196113e-05,PFDEONet,20261005
2500,3.322091944244691e-05,PFDEONet,20261005
3000,5.549423696248084e-05,PFDEONet,20261005
3500,7.242596210343552e-06,PFDEONet,20261005
4000,0.0002169885953808,PFDEONet,20261005
4500,1.1601980844726374e-05,PFDEONet,20261005
5000,1.5202004362599884e-05,PFDEONet,20261005
5500,6.66554928648712e-05,PFDEONet,20261005
6000,4.376734250035646e-06,PFDEONet,20261005
6500,4.488860682903293e-06,PFDEONet,20261005
7000,7.066423937127108e-06,PFDEONet,20261005
7500,5.214129266719629e-06,PFDEONet,20261005
8000,1.7115721174493094e-05,PFDEONet,20261005
8500,4.428323010663883e-06,PFDEONet,20261005
9000,8.577490914646771e-06,PFDEONet,20261005
9500,2.3927096695580586e-06,PFDEONet,20261005
10000,1.3030456799946533e-05,PFDEONet,20261005
10500,7.508353363641125e-06,PFDEONet,20261005
11000,1.2210103349274703e-05,PFDEONet,20261005
11500,1.2149022218739982e-05,PFDEONet,20261005
12000,0.0418393461929961,PFDEONet,20261005
12500,2.637457351588777e-06,PFDEONet,20261005
13000,2.620667512831789e-06,PFDEONet,20261005
13500,3.994041263756266e-06,PFDEONet,20261005
14000,1.7403472264498445e-06,PFDEONet,20261005
14500,4.891902988915049e-06,PFDEONet,20261005
15000,3.3840437444518527e-06,PFDEONet,20261005
15500,1.7333939415995214e-05,PFDEONet,20261005
16000,8.136172743810436e-06,PFDEONet,20261005
16500,1.5458671778565945e-05,PFDEONet,20261005
17000,3.996338775742314e-06,PFDEONet,20261005
17500,1.5753833081239675e-06,PFDEONet,20261005
18000,1.1649217671796116e-06,PFDEONet,20261005
18500,7.820301214378177e-06,PFDEONet,20261005
19000,3.2785545215890436e-06,PFDEONet,20261005
19500,1.797031905316228e-06,PFDEONet,20261005
20000,9.514168230265856e-07,PFDEONet,20261005
20500,9.935093376011357e-07,PFDEONet,20261005
21000,5.247717735703677e-07,PFDEONet,20261005
21500,9.662596308603562e-07,PFDEONet,20261005
22000,6.09686973500285e-07,PFDEONet,20261005
22500,6.413947703278413e-07,PFDEONet,20261005
23000,3.8629756473681895e-06,PFDEONet,20261005
23500,1.3211268746928884e-06,PFDEONet,20261005
24000,1.129412999891142e-06,PFDEONet,20261005
24500,1.8870833293363152e-06,PFDEONet,20261005
25000,7.075185787244752e-07,PFDEONet,20261005
25500,1.4625442119046362e-06,PFDEONet,20261005
26000,3.655647835577888e-06,PFDEONet,20261005
26500,9.215733744331416e-07,PFDEONet,20261005
27000,9.423883243531144e-07,PFDEONet,20261005
27500,8.773536197722863e-07,PFDEONet,20261005
28000,7.547007833171185e-07,PFDEONet,20261005
28500,9.39621969319489e-07,PFDEONet,20261005
29000,7.65787501673348e-07,PFDEONet,20261005
29500,1.1278663511032625e-06,PFDEONet,20261005
30000,5.265480113552638e-07,PFDEONet,20261005
30500,4.204801282402255e-07,PFDEONet,20261005
31000,3.174805666600331e-07,PFDEONet,20261005
31500,2.8864950727045994e-07,PFDEONet,20261005
32000,4.95801467740308e-07,PFDEONet,20261005
32500,1.963613626765041e-07,PFDEONet,20261005
33000,1.7669852559179265e-07,PFDEONet,20261005
33500,1.6769223658969873e-07,PFDEONet,20261005
34000,3.365170803240887e-07,PFDEONet,20261005
34500,1.985913997503971e-07,PFDEONet,20261005
35000,1.9160828851952879e-07,PFDEONet,20261005
35500,1.337530615585865e-07,PFDEONet,20261005
36000,1.0240835188772544e-07,PFDEONet,20261005
36500,1.3451852286770256e-07,PFDEONet,20261005
37000,7.411513687063989e-08,PFDEONet,20261005
37500,7.434534836404851e-08,PFDEONet,20261005
38000,6.667687086613547e-08,PFDEONet,20261005
38500,6.509405292656062e-08,PFDEONet,20261005
39000,5.824817632676978e-08,PFDEONet,20261005
39500,5.711663044758146e-08,PFDEONet,20261005
40000,5.7824392159366226e-08,PFDEONet,20261005
