system,method_key,noise_standard_deviation,panel_index,case_count,failure_count,parameter_nrmse_panel_mean,trajectory_relative_l2_panel_mean,warm_online_seconds_panel_median,boundary_count,absolute_error_r1_panel_mean,absolute_error_r2_panel_mean
competition,de,0.005,0,50,0,0.009734425912984693,0.001403719424024468,37.48869647155516,1,0.004867891051141126,0.0058472087767806125
competition,de,0.005,1,50,0,0.00839281508969952,0.001395538012042228,37.42578553943895,1,0.004356702335119002,0.0049183709796951315
competition,de,0.005,2,50,0,0.00838359685646601,0.0013145289921564296,36.94996356032789,0,0.0038597178433617675,0.005125768367587129
competition,de,0.005,3,50,0,0.007915596351615253,0.00124495851128147,37.95146154961549,0,0.004421064487586744,0.004278946901991145
competition,de,0.005,4,50,0,0.008256901605834439,0.001266606549055802,37.77770783659071,0,0.0037585210732270506,0.004868145357900605
competition,de,0.005,5,50,0,0.007809534922791809,0.001224227470617617,37.133980160113424,1,0.0035945703021412773,0.004906646709369264
competition,de,0.005,6,50,0,0.008710250565722073,0.0012390730658080509,37.21670925314538,0,0.003735445102577348,0.005585343776993215
competition,de,0.005,7,50,0,0.008980419282110089,0.0013883171457567357,36.94863300677389,0,0.004652115324434942,0.005256797953448872
competition,de,0.005,8,50,0,0.008687261143826213,0.0013521394419307102,36.885530207073316,0,0.004453932399902988,0.004904877414276084
competition,de,0.005,9,50,0,0.00848377832396713,0.001227896486051178,37.07309712306596,1,0.004575849402582963,0.004493596163207219
competition,de,0.005,10,50,0,0.009047900807223074,0.0013605491413070942,36.756857282016426,0,0.004084377123698312,0.005790562925836384
competition,de,0.005,11,50,0,0.009156238352887477,0.0013248395536556118,37.52464644028805,2,0.004226891415602283,0.005702209898781352
competition,de,0.005,12,50,0,0.0076341803510724835,0.0011488695988680598,37.51608718466014,0,0.0036473384448582283,0.004677093631240497
competition,de,0.005,13,50,0,0.007557002696797623,0.0011538808453702741,37.53671417431906,0,0.0032788516706899772,0.0045761040936000055
competition,de,0.005,14,50,0,0.008880989829664338,0.0012881800593292417,37.878122818889096,0,0.005136715769868084,0.004374373624331823
competition,de,0.005,15,50,0,0.009068678589346194,0.001379028713637054,37.8435958486516,0,0.004208791256131722,0.005862620680383484
competition,de,0.005,16,50,0,0.00836533408549036,0.0012921760197110298,37.05643403553404,0,0.003510839504934614,0.0052658273439710555
competition,de,0.005,17,50,0,0.009537885456492064,0.0013390773050134042,36.78816923778504,1,0.004630795429129966,0.005737406220850724
competition,de,0.005,18,50,0,0.008892402502048478,0.0013388626457869022,37.005480154650286,1,0.004494422937374494,0.0053087478434704774
competition,de,0.005,19,50,0,0.008246804333994103,0.0013136306728868579,37.510765437968075,0,0.004292833195214813,0.004634037590239287
competition,de,0.01,0,50,0,0.01910904596407867,0.0027774915334599828,37.565254972083494,4,0.00975595838351237,0.011350065120433725
competition,de,0.01,1,50,0,0.016459415832433016,0.0027586574436572527,37.434861610177904,1,0.008466683558857283,0.009696190054121104
competition,de,0.01,2,50,0,0.016491721629322432,0.002604823552153083,36.94235066045076,1,0.007670735156197279,0.010009982748475971
competition,de,0.01,3,50,0,0.015611665757219742,0.00247159940118776,37.99312988226302,1,0.00880363197145489,0.008388256928292802
competition,de,0.01,4,50,0,0.016522267754545523,0.002533688548660248,37.77954517910257,0,0.007515996704890853,0.009744808739591325
competition,de,0.01,5,50,0,0.015460951989452855,0.002435659794255382,37.19071447686292,1,0.007245471815690277,0.009557575008541198
competition,de,0.01,6,50,0,0.017421558915275397,0.002477503486034763,37.2040344979614,1,0.007466938754295792,0.011174984377522795
competition,de,0.01,7,50,0,0.01773032018864186,0.0027335805305947424,36.91964674065821,1,0.009166288647009559,0.010364283748500758
competition,de,0.01,8,50,0,0.01720542064985494,0.002688927549757224,36.852034635143355,2,0.008810059234386946,0.009735887582513782
competition,de,0.01,9,50,0,0.016476159054894232,0.002410303222143782,36.96905882307328,3,0.009053039699813381,0.008704171626453299
competition,de,0.01,10,50,0,0.01792103433775208,0.0027104367898442244,36.71503160055727,1,0.008013075869095727,0.011581748602316115
competition,de,0.01,11,50,0,0.01775164717220516,0.002615859078310548,37.53313565510325,2,0.008425279901183073,0.010926922307260365
competition,de,0.01,12,50,0,0.015159746343971166,0.0022837488646143098,37.34552023257129,2,0.007238591136198903,0.009289925934057822
competition,de,0.01,13,50,0,0.015081250581130403,0.002303575753757196,37.47725606360473,1,0.006542298529231285,0.009133710024848722
competition,de,0.01,14,50,0,0.017659567782816913,0.0025705901609674505,37.8673543529585,1,0.010204663112076804,0.008733061705366793
competition,de,0.01,15,50,0,0.0176832427306968,0.002718634369787534,37.83580520027317,3,0.008361494162204502,0.011328163492596615
competition,de,0.01,16,50,0,0.01673152050164066,0.002583287830492948,37.062751336954534,0,0.007019189819164701,0.010530240439656162
competition,de,0.01,17,50,0,0.01841617845880019,0.002612967871511706,36.79950545402244,3,0.008834541895619243,0.011169579913223045
competition,de,0.01,18,50,0,0.01733276497046103,0.002638979179969124,36.981334551703185,2,0.008783268115020434,0.010341370479139777
competition,de,0.01,19,50,0,0.016270488933770783,0.0026010920609863203,37.49851771094836,3,0.008593090996849646,0.009090079348968641
competition,de,0.02,0,50,0,0.036683838320816745,0.005374313213945613,37.47339892806485,8,0.019070221165490297,0.021356682399044605
competition,de,0.02,1,50,0,0.032188776369483196,0.0054543684421197525,37.43666950985789,3,0.016602565784557967,0.018908557333280996
competition,de,0.02,2,50,0,0.03164961719460644,0.005015605888427631,36.92137473542243,5,0.014834560152153791,0.018966520628607805
competition,de,0.02,3,50,0,0.03080545329434687,0.004910044878472885,37.932524987263605,2,0.017440358599823572,0.01649547103386943
competition,de,0.02,4,50,0,0.032781885536368224,0.005023142692539256,37.72582701547071,1,0.014851641171061166,0.019313016746795777
competition,de,0.02,5,50,0,0.030808923860410346,0.004861194916328132,37.18241894408129,2,0.014495938209287108,0.01885797449620925
competition,de,0.02,6,50,0,0.034141011012900624,0.00484890974533577,37.23749540699646,4,0.014670617390164023,0.02182617510233456
competition,de,0.02,7,50,0,0.034369801521073697,0.005298269437600705,36.931924392003566,4,0.01767677039153467,0.02006672246571759
competition,de,0.02,8,50,0,0.033392887020964296,0.005291760616721053,36.86181414802559,4,0.01697701604806946,0.019005303952530438
competition,de,0.02,9,50,0,0.03172274936469339,0.004717586530521378,37.00588476588018,7,0.01795287495060912,0.01656210271769232
competition,de,0.02,10,50,0,0.035397700279478334,0.005342352612027574,36.783079077489674,4,0.01568849600110223,0.022927803668106886
competition,de,0.02,11,50,0,0.034981929316056405,0.005199038404309358,37.59671397553757,3,0.01678175791285854,0.02141017528624597
competition,de,0.02,12,50,0,0.029264305435533787,0.004457853454238508,37.423314531100914,3,0.014002563696742147,0.0178798615235624
competition,de,0.02,13,50,0,0.029657025966909667,0.004509586170573777,37.55620835442096,2,0.012833521127014042,0.017931669305620398
competition,de,0.02,14,50,0,0.03501182311876365,0.005128992260987416,37.855282517150044,1,0.02018842130577301,0.017396689213651933
competition,de,0.02,15,50,0,0.03417672042574444,0.005314792906653424,37.87605948909186,6,0.016621055610895635,0.02154101869465287
competition,de,0.02,16,50,0,0.03320062848341828,0.005137866354180695,37.00620072009042,1,0.013810007955932863,0.020990488738954736
competition,de,0.02,17,50,0,0.03533220424087003,0.0050710238347460666,36.72629877389409,5,0.017129435313841868,0.0213042887864621
competition,de,0.02,18,50,0,0.0335473873978478,0.005181588262865777,36.94846224482171,6,0.017080734386175807,0.01995213499384112
competition,de,0.02,19,50,0,0.031176051889059656,0.004963663356634262,37.540490188403055,4,0.01670155046594087,0.01720685693390714
competition,de,0.05,0,50,0,0.08341060374466748,0.012530217411902321,37.525577895808965,13,0.044441337570024816,0.04741325436837619
competition,de,0.05,1,50,0,0.07691752448185758,0.013281629714005929,37.39535935479216,9,0.03918446180156935,0.04562014469521941
competition,de,0.05,2,50,0,0.07488746456128519,0.011745823068082317,36.96946151694283,10,0.035665147756081275,0.044485510917687814
competition,de,0.05,3,50,0,0.07576745293178354,0.012130975298406663,37.99394917092286,4,0.042657538028478624,0.04066960811521354
competition,de,0.05,4,50,0,0.07776704787572107,0.0121524694307184,37.74184362730011,5,0.0366610676762864,0.04462110000461784
competition,de,0.05,5,50,0,0.07552442412408827,0.012020056651221307,37.14728158805519,5,0.03524494842209532,0.045946440638030356
competition,de,0.05,6,50,0,0.08052957371752026,0.011555670663669375,37.22663842467591,7,0.03414830238668218,0.05117001913707995
competition,de,0.05,7,50,0,0.08119697511522002,0.012674208001966836,36.927401597611606,8,0.04118734649790982,0.047859622600419115
competition,de,0.05,8,50,0,0.08035776036083118,0.012913302618953213,36.8446954828687,5,0.04019696358619376,0.04686409345775761
competition,de,0.05,9,50,0,0.07253125639600312,0.011059077517341602,37.03335145977326,10,0.04078176823828151,0.037901925070366695
competition,de,0.05,10,50,0,0.08243083923866605,0.012370529137434165,36.714466048404574,12,0.03543178248817452,0.05373790534581627
competition,de,0.05,11,50,0,0.08418065470428485,0.012530444586580047,37.520440966356546,6,0.04008034825886588,0.051297019799066694
competition,de,0.05,12,50,0,0.06850086714751866,0.010629975520197557,37.48296033870429,10,0.03323090828513174,0.041222648924726046
competition,de,0.05,13,50,0,0.07217448961846318,0.010940933269271527,37.582488015294075,7,0.03081596994503345,0.043729580860594676
competition,de,0.05,14,50,0,0.08373417505959208,0.01233164870255892,37.89879357535392,4,0.04803469837657441,0.04176640050655307
competition,de,0.05,15,50,0,0.0816073709217719,0.012808017954769664,37.85296963714063,11,0.04046642100922633,0.050240255213896336
competition,de,0.05,16,50,0,0.08026577392889617,0.012549436544940798,37.02971017896198,7,0.03296758377433035,0.050830005321306014
competition,de,0.05,17,50,0,0.08033271922099706,0.011790875585152088,36.80906851612963,12,0.03816693159189581,0.04924559422341482
competition,de,0.05,18,50,0,0.07869483462656515,0.012292321492563289,36.967070039128885,10,0.03928572681453265,0.046863945108481415
competition,de,0.05,19,50,0,0.07478117390781566,0.011798533695617232,37.50821220641956,10,0.03996668766389671,0.04136186250198662
competition,frozen_lm,0.005,0,50,0,0.009707269823396323,0.0014001387192372702,0.10510460380464785,0,0.004849821688056056,0.005850809522942958
competition,frozen_lm,0.005,1,50,0,0.008346519177028775,0.0013871853272958742,0.09945047437213361,1,0.0043784610164212786,0.004814929459174417
competition,frozen_lm,0.005,2,50,0,0.008312994279706982,0.001312108771755066,0.09055044362321495,0,0.003865080115186766,0.005109749330061637
competition,frozen_lm,0.005,3,50,0,0.007946654896630123,0.0012552259036071242,0.10033584106713525,0,0.004467254776277165,0.004253971571926731
competition,frozen_lm,0.005,4,50,0,0.008282760619271549,0.001267277934224626,0.09834837191738185,0,0.0037548622084413634,0.004869243712450498
competition,frozen_lm,0.005,5,50,0,0.0077506313758212144,0.0012192045840260833,0.0943733428139239,1,0.0035337266499562876,0.0049353840891388275
competition,frozen_lm,0.005,6,50,0,0.008838669272683609,0.001250092650949236,0.0995861256960779,0,0.003766668188959432,0.005608368440010256
competition,frozen_lm,0.005,7,50,0,0.008990385259585404,0.001391666868086509,0.10901043028570709,0,0.004687563138562182,0.005235580523714473
competition,frozen_lm,0.005,8,50,0,0.008637086154861404,0.0013473660142742,0.09245545649901024,0,0.004434133771454744,0.004862262769155188
competition,frozen_lm,0.005,9,50,0,0.008414394903306859,0.001225258051188794,0.0905747460201382,0,0.004577619247930182,0.004477178392860077
competition,frozen_lm,0.005,10,50,0,0.00909539038842791,0.00137074381476829,0.0883175411727279,0,0.0040636487669357,0.00584712526877837
competition,frozen_lm,0.005,11,50,0,0.009852486335958975,0.0014175264139766918,0.101099909748882,2,0.004351382528252724,0.00620278037185989
competition,frozen_lm,0.005,12,50,0,0.007631882762839256,0.001149408781910752,0.0958631567191332,0,0.003623165623708537,0.004686231314226398
competition,frozen_lm,0.005,13,50,0,0.007573619703224454,0.001153244802857662,0.09226001286879175,0,0.0032745597746525186,0.004575921507998135
competition,frozen_lm,0.005,14,50,0,0.008915059002196867,0.001288800617578506,0.09264232777059075,0,0.005145742308203281,0.004421332971104426
competition,frozen_lm,0.005,15,50,0,0.008996684306146988,0.0013744052549771687,0.10212711617350576,0,0.004225202069127818,0.0057855579945063984
competition,frozen_lm,0.005,16,50,0,0.008439661812079516,0.001310104956191368,0.10129579692147665,0,0.003512442124096169,0.005337370027608288
competition,frozen_lm,0.005,17,50,0,0.009468400248872761,0.0013284595207186398,0.09384743496775619,1,0.004545090437563518,0.005711879098618383
competition,frozen_lm,0.005,18,50,0,0.008849102876339894,0.0013355794017534902,0.09323925222270185,1,0.004482700908576178,0.005227421279488461
competition,frozen_lm,0.005,19,50,0,0.008167308560615394,0.0013102251989144424,0.10899730306118721,0,0.004281925348329508,0.0045604208875294
competition,frozen_lm,0.01,0,50,0,0.019075121765561445,0.002771763760423637,0.1061231456696987,4,0.009729290367484156,0.011348275848702854
competition,frozen_lm,0.01,1,50,0,0.016414832747375735,0.0027490852486639376,0.1076124168466776,1,0.008499369992022478,0.00961324045427634
competition,frozen_lm,0.01,2,50,0,0.016402731860664498,0.002600189554714704,0.08197397040203211,2,0.0076733996838208,0.009966164124983516
competition,frozen_lm,0.01,3,50,0,0.015624151888612641,0.002480186221835732,0.10443983715958885,1,0.00883686766926134,0.008352484698300027
competition,frozen_lm,0.01,4,50,0,0.016550911723769296,0.0025339754825944483,0.09621642623096699,0,0.007507162621029264,0.009754964919115526
competition,frozen_lm,0.01,5,50,0,0.015356090075309772,0.0024191717092368393,0.0955940254498273,1,0.00713245596472747,0.009597741657879674
competition,frozen_lm,0.01,6,50,0,0.0175144423669409,0.002485117290301764,0.10132400970906015,1,0.007484785842466691,0.011173216797621515
competition,frozen_lm,0.01,7,50,0,0.017737186933282925,0.0027360507487653642,0.0991796420421451,1,0.009197791772442804,0.010343131144747188
competition,frozen_lm,0.01,8,50,0,0.0171910361876763,0.0026873022337858504,0.09840429504401975,2,0.008807204965149813,0.009724865718297641
competition,frozen_lm,0.01,9,50,0,0.01645440472659972,0.002410134288655182,0.0911696574185043,3,0.00905034106303944,0.008724568713816501
competition,frozen_lm,0.01,10,50,0,0.017980833662802162,0.0027193860757698464,0.0891885401215404,1,0.008004670924604775,0.011633453584513226
competition,frozen_lm,0.01,11,50,0,0.018388804339826557,0.0026946250881098623,0.09919900959357615,2,0.00847868662447465,0.011379562324422316
competition,frozen_lm,0.01,12,50,0,0.015182716226497377,0.002286569720249786,0.09540872438810766,2,0.007232876555486484,0.00931871145872713
competition,frozen_lm,0.01,13,50,0,0.01510388736307984,0.0023029894551393998,0.09817955433391035,1,0.006547493734613474,0.00913282428999409
competition,frozen_lm,0.01,14,50,0,0.017720537766744596,0.002572046525932396,0.0977306065615266,1,0.010230340046108247,0.008790777818211361
competition,frozen_lm,0.01,15,50,0,0.01768348297881642,0.0027215523308747737,0.0978230705950409,2,0.00839586184963013,0.011311774024627248
competition,frozen_lm,0.01,16,50,0,0.016764575324281203,0.002597324993302246,0.0987316260579973,0,0.0070206534983790056,0.01056361071625457
competition,frozen_lm,0.01,17,50,0,0.01838272332706628,0.002604040724468356,0.0937650254927575,3,0.008765654476432825,0.011172370786577205
competition,frozen_lm,0.01,18,50,0,0.017285403276732524,0.0026335632681723574,0.1178261723835021,2,0.008743251189791025,0.01027871703678216
competition,frozen_lm,0.01,19,50,0,0.01617091159145968,0.00259228192654311,0.1084178567398339,4,0.008577028440936996,0.009002531813773236
competition,frozen_lm,0.02,0,50,0,0.036671874067073375,0.00536797934889235,0.10847566369920965,8,0.019065685631156022,0.021358506389932103
competition,frozen_lm,0.02,1,50,0,0.03219145375392531,0.0054490507301684695,0.0980574837885797,3,0.016673505676989518,0.018841593954642556
competition,frozen_lm,0.02,2,50,0,0.03153527430938356,0.005008188485239956,0.0903602396138012,5,0.014840286013471683,0.018900421638737924
competition,frozen_lm,0.02,3,50,0,0.030823842954350634,0.004918620069337323,0.108416480012238,2,0.0174496029407152,0.016494159455303796
competition,frozen_lm,0.02,4,50,0,0.032824076024455216,0.0050236074389541615,0.0967147105839103,1,0.014845464756496786,0.019336579651857845
competition,frozen_lm,0.02,5,50,0,0.03070094447170848,0.00484008458028977,0.09552966197952625,2,0.014357498673605962,0.01890849023499759
competition,frozen_lm,0.02,6,50,0,0.034207544883838585,0.004843497196106147,0.1035596698056906,4,0.014655489253568988,0.021818850868527376
competition,frozen_lm,0.02,7,50,0,0.03442103371889471,0.005303474544055986,0.1160895656794309,4,0.01772450681264972,0.020097077468141964
competition,frozen_lm,0.02,8,50,0,0.03338580473604575,0.005288140988983908,0.10299641336314375,4,0.016972151998078274,0.019027846618108434
competition,frozen_lm,0.02,9,50,0,0.03165126788649839,0.004703693469285668,0.09346937201917166,7,0.0179041890435387,0.01657326754918944
competition,frozen_lm,0.02,10,50,0,0.03546345014836745,0.005352619385208091,0.08923104801215226,4,0.015700344628752107,0.02297181866248565
competition,frozen_lm,0.02,11,50,0,0.03559356221549171,0.005273931890782702,0.10652755340561265,4,0.01684710841745866,0.02179935949015764
competition,frozen_lm,0.02,12,50,0,0.02931020609310296,0.00446181231007956,0.10091206850484011,3,0.014003752009435457,0.01793539374975801
competition,frozen_lm,0.02,13,50,0,0.029706992015805078,0.0045103275795299515,0.0892547585535794,2,0.012840808429971744,0.017957643616394847
competition,frozen_lm,0.02,14,50,0,0.035053029581600774,0.005125789271186216,0.09682362806051964,1,0.02021391539019394,0.017436758176335138
competition,frozen_lm,0.02,15,50,0,0.03420133942430418,0.0053209550532548385,0.097131802001968,6,0.016688032612645884,0.0215286479088283
competition,frozen_lm,0.02,16,50,0,0.033184617481016546,0.005149329203470296,0.1133071812801063,1,0.0137987923743403,0.02099267355957733
competition,frozen_lm,0.02,17,50,0,0.035351259276254966,0.00506141533855318,0.0960759380832314,5,0.017088248642234825,0.02133828865995978
competition,frozen_lm,0.02,18,50,0,0.03353780918489111,0.005178094642909469,0.10824984614737325,6,0.017036857232652965,0.019934831376610652
competition,frozen_lm,0.02,19,50,0,0.031032188258029038,0.004948427313668353,0.11471621971577405,4,0.01664153091858287,0.017109814929160194
competition,frozen_lm,0.05,0,50,0,0.08338649188552857,0.012523399216009295,0.1115356446243822,13,0.04448250375401981,0.04734480352051682
competition,frozen_lm,0.05,1,50,0,0.07694956046806825,0.01328175511706272,0.10018179938197136,9,0.039276587141756976,0.04552988664269
competition,frozen_lm,0.05,2,50,0,0.07486693945154134,0.011745472058826026,0.090501410420984,10,0.03566711427098917,0.044560250778447406
competition,frozen_lm,0.05,3,50,0,0.07566953609818936,0.012120711825415374,0.11431789933703834,4,0.04254991262402596,0.04068878983974899
competition,frozen_lm,0.05,4,50,0,0.0777028009998838,0.012130146129072317,0.10139165748842055,5,0.03659891658068502,0.04462315401556634
competition,frozen_lm,0.05,5,50,0,0.07542632995662102,0.011994789534020113,0.1043631823267787,5,0.03510471430599174,0.0459644952360657
competition,frozen_lm,0.05,6,50,0,0.08062451100307123,0.011555332795340066,0.1048536805901676,7,0.034153861153513265,0.051199068659131014
competition,frozen_lm,0.05,7,50,0,0.0812327800708014,0.012671492881372015,0.1067508256528526,8,0.04119336626585101,0.04786423447329681
competition,frozen_lm,0.05,8,50,0,0.08032186711886373,0.012911072616235237,0.10260909283533684,5,0.040196204188858914,0.04683388920714085
competition,frozen_lm,0.05,9,50,0,0.07264792281357989,0.011081194485035783,0.09668917674571276,10,0.0408900050454308,0.03798794610372436
competition,frozen_lm,0.05,10,50,0,0.08256957213281899,0.012384215902803848,0.10713098826818165,12,0.035460586137235996,0.05384233598758881
competition,frozen_lm,0.05,11,50,0,0.08508033871465026,0.012621068299594647,0.10278371209278694,6,0.040138928705163134,0.051933697531358555
competition,frozen_lm,0.05,12,50,0,0.06859098240587463,0.01064822738160513,0.10242022061720485,10,0.03333530379967289,0.041250474154039624
competition,frozen_lm,0.05,13,50,0,0.07206515591734662,0.010918649002219137,0.09804493095725769,7,0.03074719980934434,0.04363451753874287
competition,frozen_lm,0.05,14,50,0,0.08383983164892904,0.012340105624916949,0.0891037206165492,4,0.048042673153102865,0.04192566641619578
competition,frozen_lm,0.05,15,50,0,0.08157600278024187,0.012805625961651081,0.0993264652788639,11,0.040436342046922445,0.050237672099731005
competition,frozen_lm,0.05,16,50,0,0.08009783662311572,0.01253930702107918,0.10121488617733115,7,0.03289527995688652,0.050748987121970505
competition,frozen_lm,0.05,17,50,0,0.0804234850298294,0.011790162895275154,0.1076619469095021,12,0.03812611529600952,0.04936193572989081
competition,frozen_lm,0.05,18,50,0,0.07864874516907641,0.012288247460526818,0.1016639729496091,10,0.0392763413203947,0.04679438781314934
competition,frozen_lm,0.05,19,50,0,0.07462780464357321,0.011773702614059965,0.1129462295211851,10,0.039861016458972894,0.04131401264000888
competition,lm,0.005,0,50,0,0.00973693345916899,0.001403575407286308,7.946622216142714,1,0.00486618526180931,0.005850095174862418
competition,lm,0.005,1,50,0,0.008392865674203977,0.0013954095513235682,8.00312691507861,1,0.0043573422607992825,0.004917548123825505
competition,lm,0.005,2,50,0,0.008383983378159675,0.001314699281309824,8.996526279719546,0,0.0038607476187654992,0.005123142200420924
competition,lm,0.005,3,50,0,0.007915656153582052,0.001245044768830414,7.9331458494998515,0,0.004421156162088456,0.004279273840593958
competition,lm,0.005,4,50,0,0.008255716901413855,0.0012665837023353441,7.924848163034767,0,0.003757157747122762,0.004868472823729538
competition,lm,0.005,5,50,0,0.007802726492429082,0.0012229973207759134,7.775040122913197,1,0.0035895751593302424,0.00490216695859537
competition,lm,0.005,6,50,0,0.008711380518719712,0.0012391318430111692,9.685980342095718,0,0.0037341926220189436,0.005586321311138252
competition,lm,0.005,7,50,0,0.008980916861242982,0.0013884129598278816,7.895612413529307,0,0.004652972210828612,0.005256609859929608
competition,lm,0.005,8,50,0,0.008681778207238693,0.00135147912191799,7.774454612517729,0,0.004453635007258363,0.004899863538094626
competition,lm,0.005,9,50,0,0.00848319759185285,0.0012276642263123658,8.929824099643156,1,0.0045754635733928775,0.004493719641884097
competition,lm,0.005,10,50,0,0.009047694945990755,0.0013603723349985763,7.812705310992897,0,0.004083077323601591,0.0057910581278452075
competition,lm,0.005,11,50,0,0.009154269649619563,0.001323998255313513,7.852046760963276,2,0.004227911763833686,0.0057001027408463325
competition,lm,0.005,12,50,0,0.007633142546703945,0.001149064871986436,8.026300581172109,0,0.0036485093701197745,0.004675746173975215
competition,lm,0.005,13,50,0,0.007554458411301329,0.001153555909403744,8.097823459189385,0,0.003278401536662372,0.004574366737953154
competition,lm,0.005,14,50,0,0.008880910760405099,0.001288142317479548,7.893931034486741,0,0.005134941794864634,0.004375580939787468
competition,lm,0.005,15,50,0,0.009064302306506213,0.0013783263919600439,8.913116934709251,0,0.0042057183309220075,0.005858830679705142
competition,lm,0.005,16,50,0,0.008365246653763807,0.00129209014600344,7.726598910056055,0,0.003510229070578556,0.00526590861033708
competition,lm,0.005,17,50,0,0.009537257046385628,0.0013388811523775861,8.019012221135199,1,0.004629730650823821,0.005737419517072225
competition,lm,0.005,18,50,0,0.008914851028833467,0.001339842990645016,7.870980944950134,1,0.0044943188343673,0.005338656773008427
competition,lm,0.005,19,50,0,0.008242826018218845,0.001313325409363686,7.839067040942609,0,0.004290631256759735,0.004631680231872706
competition,lm,0.01,0,50,0,0.019111008351830473,0.002777530614014268,8.941073564812541,4,0.009759781164883012,0.01134885837756291
competition,lm,0.01,1,50,0,0.016457134344579877,0.0027585691435495024,8.031521002296358,1,0.008465311613957886,0.009695573542616354
competition,lm,0.01,2,50,0,0.016490668615555107,0.0026046992844676836,9.629007075214759,1,0.007674113371253312,0.010007553686274887
competition,lm,0.01,3,50,0,0.015613382043216183,0.0024723054185761865,8.47804368659854,1,0.008804688646762192,0.008388141225728602
competition,lm,0.01,4,50,0,0.016517543707110765,0.002532964197646338,8.350137586472556,0,0.0075115560350900125,0.00974361456168239
competition,lm,0.01,5,50,0,0.015451377188486055,0.002434095385335504,8.792189645348117,1,0.007233368760389497,0.009561760042308699
competition,lm,0.01,6,50,0,0.01742156387048953,0.0024774421500886952,8.07717980351299,1,0.007464412897424606,0.011177078041798483
competition,lm,0.01,7,50,0,0.017740458396102013,0.0027350429719430634,8.419630388962105,1,0.009163513005459709,0.010376850679489758
competition,lm,0.01,8,50,0,0.017210849650824197,0.002689922810588968,7.805148286279291,2,0.00881174449167145,0.009741117436034154
competition,lm,0.01,9,50,0,0.016472791603046474,0.002408391777549392,9.014292740263045,3,0.00903984249633436,0.008704311478349814
competition,lm,0.01,10,50,0,0.017917673169861488,0.002709442902475204,7.828614172060043,1,0.008012224941963592,0.011577565929195753
competition,lm,0.01,11,50,0,0.017752376891877374,0.0026143103120902984,8.834480063291267,2,0.008427940278633094,0.010929854637086435
competition,lm,0.01,12,50,0,0.01516481755483692,0.0022846583691884977,9.030480727087706,2,0.007241036592009062,0.009294288454340618
competition,lm,0.01,13,50,0,0.015079235409366391,0.002303453550231628,8.042051724158227,1,0.006546245297714921,0.009128619196395743
competition,lm,0.01,14,50,0,0.017657636251755905,0.002570317071295748,7.896120469085872,1,0.010202076610500212,0.008730975175012793
competition,lm,0.01,15,50,0,0.017684962232092923,0.00271903882546561,8.369333622977138,3,0.00836246830023475,0.011331324319906437
competition,lm,0.01,16,50,0,0.01673058623854413,0.0025831372687800088,8.698745043948293,0,0.007021979755454219,0.010526970951370207
competition,lm,0.01,17,50,0,0.01841700218855672,0.00261252062214246,9.074945710599422,3,0.008833689284313422,0.011174037335019411
competition,lm,0.01,18,50,0,0.017335831822548574,0.0026393602462862096,7.876458585029468,2,0.00878458064167772,0.010344981328266873
competition,lm,0.01,19,50,0,0.01627010548057132,0.002600467632251176,8.807320857420564,3,0.008590338644282493,0.009089775920216772
competition,lm,0.02,0,50,0,0.03668970937742874,0.005371284227459988,8.997344280825928,8,0.01907750929909246,0.021359703963351254
competition,lm,0.02,1,50,0,0.03219305963827784,0.005455413308457137,9.028681096620858,3,0.016610044121885888,0.018908334115598526
competition,lm,0.02,2,50,0,0.0316439161763233,0.005013347404623559,9.08310966216959,5,0.014840336447881625,0.01895095719839866
competition,lm,0.02,3,50,0,0.030812880000424106,0.004912366331408522,8.920366530306637,2,0.017441872135638244,0.016503576486889267
competition,lm,0.02,4,50,0,0.03280298040109763,0.0050246518000324515,8.895930094411597,1,0.01485424101489893,0.019327972264728103
competition,lm,0.02,5,50,0,0.030785737675902657,0.004857352946606491,8.79000314231962,2,0.014471390964474301,0.018862164549468555
competition,lm,0.02,6,50,0,0.03415762338345911,0.00484872000194102,8.06425674050115,4,0.014665434638242736,0.02184465826430762
competition,lm,0.02,7,50,0,0.03442862718046937,0.005303874135679207,8.910239623626694,4,0.017687771096350034,0.020125075619265697
competition,lm,0.02,8,50,0,0.033399784309573056,0.0052922403393733716,7.801268967567012,4,0.016978760456252916,0.019024472786404265
competition,lm,0.02,9,50,0,0.03170683596054466,0.004712249450375332,8.959845426492393,7,0.01792988100879614,0.016562100276209458
competition,lm,0.02,10,50,0,0.03539004747232743,0.005341586383511777,8.827918698778376,4,0.0156876028116991,0.02292020590549931
competition,lm,0.02,11,50,0,0.03498141914254093,0.005198043765012453,8.887724492000416,3,0.016790643825327776,0.021409652475781176
competition,lm,0.02,12,50,0,0.029278260761455913,0.004459124156245512,9.045136528788134,3,0.014014525638386425,0.017891371816419657
competition,lm,0.02,13,50,0,0.02967243558037298,0.004511359053973202,8.084750773850828,2,0.012843155226323445,0.017943052907173768
competition,lm,0.02,14,50,0,0.03499793958958761,0.00512592862259661,8.873018929967657,1,0.020184030028224772,0.017388841924206595
competition,lm,0.02,15,50,0,0.03417793717657001,0.005314839480551718,8.9400705662556,6,0.016623533677003758,0.02154470695749761
competition,lm,0.02,16,50,0,0.03321404931147973,0.005140831105265487,8.717590685468167,1,0.013813519557039322,0.021004902268618005
competition,lm,0.02,17,50,0,0.035331236499610605,0.0050693419404942855,9.066244614543391,5,0.01713285438077926,0.021306380319701664
competition,lm,0.02,18,50,0,0.033544025266680426,0.005181075195919124,8.848067908547819,6,0.01707971010978117,0.019946400455309835
competition,lm,0.02,19,50,0,0.0311724639579738,0.004963348679525793,8.872067197225988,4,0.016694791269274277,0.017207974306588457
competition,lm,0.05,0,50,0,0.08341459558555293,0.012522915561113613,10.008309633936735,13,0.04434641320217459,0.0474512340764775
competition,lm,0.05,1,50,0,0.07693017945162667,0.013282296958197269,9.542932895943522,9,0.03920837112212707,0.04563474022512888
competition,lm,0.05,2,50,0,0.07481949049441816,0.011730213601377572,9.59725793171674,10,0.03564670781200503,0.04445137555193753
competition,lm,0.05,3,50,0,0.07579583199982727,0.012139315218015985,8.9621476335451,4,0.04266097279276608,0.0407063927027575
competition,lm,0.05,4,50,0,0.07783413470121221,0.012154125808438611,8.898401110200211,5,0.03667023990399847,0.044687810443336924
competition,lm,0.05,5,50,0,0.07548073524356123,0.012010859922868981,8.839441710384563,5,0.03517374533707679,0.045980345078619915
competition,lm,0.05,6,50,0,0.08060248375246064,0.011561158365594942,9.129589956952259,7,0.03416336224722218,0.051210318811359706
competition,lm,0.05,7,50,0,0.0814047674057915,0.012691753875045958,8.946935339132324,8,0.041190744864639424,0.048013033332577615
competition,lm,0.05,8,50,0,0.08034365537529288,0.012911371447713555,8.828361050458625,5,0.0402084527293922,0.046830608292081646
competition,lm,0.05,9,50,0,0.0725089900900089,0.011050905999563366,8.978870521532372,10,0.0407434239637326,0.03791925930752758
competition,lm,0.05,10,50,0,0.08249574983613694,0.012381944572962012,8.873453118372709,12,0.035437208058191894,0.05379433898235661
competition,lm,0.05,11,50,0,0.0842956814000999,0.012543471615624835,8.880598571849987,6,0.04013530520510447,0.051380361846049334
competition,lm,0.05,12,50,0,0.06855209847982381,0.010640003650736172,9.062435042345896,10,0.033311908667011274,0.04122141249092135
competition,lm,0.05,13,50,0,0.07217537918335769,0.010938579401923188,9.14684235281311,7,0.030791973248739425,0.04374030529071466
competition,lm,0.05,14,50,0,0.08373968444636168,0.012327896523492485,7.9298930077347904,4,0.04803436359364101,0.04179910122646616
competition,lm,0.05,15,50,0,0.08163912022767629,0.012813063812738335,8.883646766422316,11,0.04045174568935636,0.05028802157452597
competition,lm,0.05,16,50,0,0.0803214199032026,0.012556976105118203,7.735581781947985,7,0.03295849131648267,0.050882015357197385
competition,lm,0.05,17,50,0,0.08033433380831333,0.011779130480684026,9.073123104637489,12,0.038112300447622045,0.0492725290659351
competition,lm,0.05,18,50,0,0.0786784505553802,0.012286431279804513,8.90503838006407,10,0.03930165628549897,0.04686526977017218
competition,lm,0.05,19,50,0,0.07479138511514581,0.011792171566679919,9.872260395437479,10,0.040009814055426175,0.041371571799132464
