time,x1_reference,x1_prediction,x2_reference,x2_prediction,x1_absolute_error,x2_absolute_error
0.0,0.6237655881251318,0.6242610817948111,0.6077307455884248,0.607511102793527,0.000495493412113403,0.00021964311806040997
0.025,0.6267503500634857,0.62731014508245,0.6129805866330617,0.6126731448391831,0.0006001790020889992,0.0003785491036498704
0.05,0.6297351120018395,0.630359208370089,0.6182304276776986,0.6178351868848392,0.0007048645920645954,0.00038534402189264365
0.07500000000000001,0.6327198739401934,0.6334082716577278,0.6234802687223355,0.6229972289304953,0.0008095501820401915,0.0003454685634478066
0.1,0.6357046358785472,0.6364573349453668,0.6287301097669724,0.6281592709761512,0.0008358955233628747,0.0003160834527343283
0.125,0.638689397816901,0.6395063982330057,0.6339799508116094,0.6333213130218073,0.0008170008783884901,0.00030428171474526286
0.15000000000000002,0.6414603339830128,0.6422343477033806,0.6392297918562463,0.6384833550674633,0.0007718106337729142,0.0003049969680327419
0.17500000000000002,0.6442312700677056,0.6449622970514839,0.6444796328164539,0.6436453971131194,0.0007266203791446914,0.00030052661412344905
0.2,0.6470022061523983,0.6476902463995872,0.6493599221829193,0.6488074391587755,0.0006814301245164687,0.0002889037320883737
0.225,0.6497731422370912,0.6504181957476904,0.6542402115493845,0.6539694812044314,0.0006362398698882459,0.0002705753052073183
0.25,0.6525440783217838,0.6531461450957937,0.6591205009158497,0.6591315232500875,0.000591049615260023,0.0002522468691344026
0.275,0.655112227909182,0.6556475135450536,0.664000790282315,0.6638317769508545,0.0005458593606318001,0.00024300814381598211
0.30000000000000004,0.6576803773421488,0.6581488818217616,0.6688810796487803,0.668532030299948,0.0004764348728563609,0.0002477169017195788
0.325,0.6602485267751155,0.6606502500984694,0.6737613689593592,0.6732322836490416,0.00040701037400762627,0.0002579689049023992
0.35000000000000003,0.6628166762080822,0.6631516183751774,0.6782747318736412,0.6779325369981352,0.00033758587515889143,0.00026822090473531125
0.375,0.6653848256410488,0.6656529866518853,0.6827880947879231,0.6826327903472287,0.0002681613763101568,0.0002692937868688297
0.4,0.6677504394706798,0.667988814058574,0.6873014577022051,0.6873330436963222,0.00022870305659401717,0.0002622008403443883
0.42500000000000004,0.6701160530689501,0.670324641276162,0.691814820616487,0.6916976908274828,0.0002099871733936118,0.0002419948708522845
0.45,0.6724816666672203,0.6726604684937499,0.6963281835307689,0.6960623376775056,0.00020396709494941226,0.0002217888903753887
0.47500000000000003,0.6748472802654906,0.6749962957113379,0.7008415464153716,0.7004269845275283,0.00020647048737252625,0.00019747018778035452
0.5,0.6772128937910568,0.6773321229289259,0.7049651848832942,0.7047916313775511,0.00020760297737685605,0.00018084048595441924
0.525,0.6793875691749524,0.6796679500041758,0.7090888233512169,0.7091562779530601,0.00020498036798495176,0.0001642107912164041
0.55,0.681562244558848,0.6817961031856398,0.7132124618191397,0.7131204039226602,0.00019329787299680545,0.00015792250448210337
0.5750000000000001,0.6837369199427435,0.6839242563671037,0.7173361002870624,0.7170845298922601,0.0001750588538026506,0.00015163421774780264
0.6000000000000001,0.6859115953266391,0.6860524095485678,0.721459738754985,0.7210486558618602,0.00015014410827581513,0.0001526474940969241
0.625,0.6880862707105346,0.6881805627300318,0.7252056857000735,0.7250127818314601,0.00012522935868188126,0.00015205144717020866
0.65,0.6902609460623815,0.6903087159114958,0.7289516318110343,0.7289769076800456,0.00010031461202933795,0.00015479326327080364
0.675,0.6923304119627305,0.6924368690929598,0.7326975779219952,0.7325437679755678,8.50558451989745e-05,0.0001522898735621048
0.7000000000000001,0.6943998778630794,0.6944908311130505,0.7364435236911794,0.73611062827109,7.873773982418849e-05,0.00015074013889739013
0.7250000000000001,0.6964693437634285,0.6965447930370912,0.739815475649832,0.7396774885666121,8.201598756075468e-05,0.0001429915396255203
0.75,0.6985388096637775,0.6985987549611318,0.7431874276084846,0.7432443488621343,9.262561558979572e-05,0.00013524294035365051
0.775,0.7006082755641264,0.7006527168851724,0.746559379567137,0.7464558021933059,0.00010818242845156528,0.00011789798703241126
0.8,0.7026777414644754,0.702706678809213,0.7499313315257896,0.749667255389148,0.00012880564192318947,9.572509384639139e-05
0.8250000000000001,0.7047472073648243,0.7047606407332536,0.7529229213781499,0.7528787085849902,0.00014942885736934008,5.7458850301893855e-05
0.8500000000000001,0.7068166732651733,0.7068146026572943,0.7559145105932498,0.7560901617808323,0.00017303228096704972,9.715606977384544e-06
0.875,0.7088861391655223,0.708868564581335,0.7589060998083497,0.7589604247044,0.00019663570456475925,5.197521565244572e-05
0.9,0.7109556050658713,0.7109225265053756,0.7618976885259221,0.7618306872642022,0.00021481515005282353,0.00011384484229093978
0.925,0.7130250709662203,0.7129764884294162,0.7645454292522685,0.7647009498240044,0.00022125244285393426,0.00017571448386330735
0.9500000000000001,0.7150945368665692,0.7150304503534568,0.7671931699786151,0.7675712123280203,0.00020915269096328354,0.00022220611816074336
0.9750000000000001,0.7171640027669182,0.7170844122774974,0.7698409107049615,0.7700752043659989,0.00017011171318748435,0.00025475020760795257
1.0,0.7192334686672672,0.719138374201538,0.772488651431308,0.7725791964039774,0.00010412938695432182,0.0002650022409860576
1.0250000000000001,0.7213029345676162,0.7211923361255786,0.7748373872827446,0.7750831884419561,6.240604179192159e-05,0.00026553868318308845
1.05,0.7233724004679651,0.7232462980496194,0.7771861227926219,0.7775871800519413,4.3690201132627836e-05,0.0002548098647521718
1.075,0.7254418663683141,0.72530025997366,0.779534858302499,0.7797789466214448,4.3332576371833844e-05,0.00024408104632125518
1.1,0.7272082518481713,0.7273542218977006,0.7818835938123763,0.7819707131909484,4.625319723689734e-05,0.0002290308620183387
1.125,0.7289746366817598,0.7290874277164259,0.78395215857224,0.7841624797604518,5.161762116339082e-05,0.00021398066848948461
1.1500000000000001,0.7307410215153483,0.7308206329489007,0.7860207228200317,0.7863542461555459,4.988908500694309e-05,0.0001989006933129016
1.175,0.7325074061290079,0.7325538379610285,0.7880892870678233,0.7882915459251288,4.643201069684006e-05,0.00019073485711994364
1.2000000000000002,0.7340516428452318,0.7340644727787492,0.790157851315615,0.7902288456947117,3.856422529973205e-05,0.00018644334256485566
1.225,0.7355958795614558,0.73557510759647,0.7919682854858273,0.7921661454642946,3.421306421546525e-05,0.0001919269522186899
1.25,0.7371401162776797,0.7370857424141908,0.7937787190073305,0.7941034452338775,3.1054018581927044e-05,0.00020116567527954217
1.2750000000000001,0.738503173634063,0.7385963771726375,0.7955891525288338,0.7958048444524648,3.534555599460949e-05,0.00021475555057496776
1.3,0.7398662309904465,0.7399124273009493,0.797399585457039,0.7975062436710519,4.196169768539971e-05,0.00022834542302412942
1.3250000000000002,0.7412292883468298,0.741228477429261,0.7989739371187727,0.7992076428896392,5.4101165251541904e-05,0.00024080272860615078
1.35,0.7424225153009445,0.7425445275575728,0.8005482887805064,0.8009090421082264,6.624063281768399e-05,0.0002485116176519209
1.375,0.7436157417635898,0.7436902889740803,0.8021226404422401,0.8023829754714222,7.838010038382608e-05,0.00025622049295632456
1.4000000000000001,0.744808968226235,0.7448360502738732,0.8036969921039738,0.8038569086787148,8.541345673104947e-05,0.00026392936826072827
1.425,0.7458411613788982,0.7459818112235106,0.8050570951174928,0.8053308418860075,8.946656633562564e-05,0.000274896613844678
1.4500000000000002,0.746873354519298,0.7469633598130713,0.8064171981146957,0.8068047750933001,8.79764602613905e-05,0.00028586385967676746
1.475,0.7479055476596977,0.747944908402632,0.8077773011118986,0.8080766800751598,8.78572438661422e-05,0.00029987095124912714
1.5,0.7487888499628984,0.7489264569921927,0.8091374041091015,0.8093485847800822,8.875131680495627e-05,0.00031387804698846213
1.5250000000000001,0.7496721521073568,0.7497746306899163,0.81030428446322,0.8106204894850045,9.733440058316801e-05,0.00032585860142874887
1.55,0.7505554540087668,0.7506228042860689,0.8114711646701903,0.8118923938653061,0.00010985139099493352,0.0003296732850710519
1.5750000000000002,0.7512999947703358,0.7514709778822213,0.8126380448771606,0.8129789657727001,0.00012603402500172608,0.0003263950435758062
1.6,0.7520445355319049,0.7521828568875071,0.813804925084131,0.8140655376800943,0.0001422166590085185,0.00031197073397891243
1.625,0.7527890762934739,0.7528947356540648,0.8147978340423119,0.8151521095874883,0.00015437601689005534,0.00029325488472427757
1.6500000000000001,0.7534081102086378,0.753606614267025,0.8157907427487668,0.8160885132224691,0.0001577734893165414,0.00027453902926007057
1.675,0.7540271439804327,0.754174427507413,0.8167836514552217,0.8170249166859096,0.000154852848143304,0.0002558231737958638
1.7000000000000002,0.7546461777522275,0.7547422407478009,0.8177765601616767,0.8179613201493501,0.00014221670936819582,0.0002371073183316568
1.725,0.7551512282271455,0.7553100539881888,0.8186120841819329,0.8188977236127906,0.00012338164805439193,0.00023043156383141587
1.75,0.7556562784590131,0.7557530563937999,0.8194476078665923,0.8196901228661956,9.751325009541138e-05,0.00022375583586713719
1.7750000000000001,0.7561613286220848,0.7561960585712924,0.8202831315512518,0.8204825218564021,7.16448392815254e-05,0.00021934508875968577
1.8,0.7565660043760871,0.7566390606566807,0.8211186550936688,0.8212749208466087,4.5776428467639654e-05,0.00021246076270436495
1.8250000000000002,0.7569706801300893,0.756989029265144,0.8218105009985133,0.8220673198368151,1.990801765375369e-05,0.00020557643664904408
1.85,0.7573753558840916,0.7573389978736074,0.8225023469033578,0.822714195245444,6.37769997763833e-06,0.00019678474587820662
1.875,0.7576909430430259,0.7576889664820706,0.8231941928082023,0.8233610702883563,2.920626965701088e-06,0.000187993050313954
1.9000000000000001,0.7580065301748222,0.7580389350657288,0.8238860386731566,0.8240079453312684,4.5895559745755375e-06,0.00017485020954937654
1.925,0.7583221171121364,0.7583074735376372,0.8244469331582234,0.8246548200455325,1.0510282335762831e-05,0.00016170736027166998
1.9500000000000002,0.7585603169593327,0.7585760120095456,0.8250078276432901,0.825170921184903,1.643100869695018e-05,0.00014517702195254316
1.975,0.758798516806529,0.7588445504814539,0.8255687221283569,0.8256870223242736,2.2351735058137472e-05,0.00012864668363341648
2.0,0.7590367166537253,0.7590456767149937,0.8261296166134237,0.8262031234636442,2.9206272855523895e-05,0.0001121163453142898
2.025,0.7592070863459808,0.7592468029023297,0.826577933591759,0.8267192246030147,3.9368877314360414e-05,0.00010281804650319872
2.0500000000000003,0.7593774560124084,0.75944792895455,0.8270262505272279,0.8271368627696712,4.95314909763415e-05,9.775161928403599e-05
2.075,0.7595478256788359,0.7595856898687658,0.8274745674626968,0.8275545005539073,6.341937510389284e-05,9.942054645144782e-05
2.1,0.75965180630205,0.7597234507829818,0.8279228841436517,0.8279721383381434,7.730726756530365e-05,0.0001051426266812982
2.125,0.7597557868342588,0.7598612116971976,0.8282783658625896,0.8283897761223795,9.42349684410935e-05,0.00011706351593482066
2.15,0.7598597673664678,0.7599989726114135,0.8286338475815276,0.8288074139066156,0.00011116266931688336,0.00013091165453859977
2.1750000000000003,0.7599637477899688,0.7600749492866358,0.8289893293004654,0.8291305013401837,0.00012809037019267353,0.00014475979461006956
2.2,0.7600056646806661,0.7601509256983684,0.8293448110194034,0.829453588370525,0.00014501807106846338,0.0001586079346815391
2.225,0.7600475815713634,0.7602269018492549,0.8296171564732674,0.8297766754008663,0.00015187263554250924,0.00016331671691200566
2.25,0.7600894984620608,0.760241713682628,0.8298895017815132,0.8300997624312076,0.00015151500318022574,0.00016081333022181893
2.275,0.7601314153527581,0.7602565255160012,0.830161847089759,0.8303363216184529,0.00014880299201512756,0.0001560151550581917
2.3000000000000003,0.7601247843439581,0.7602713373493744,0.830434192398005,0.8305728807068558,0.00014609098554806897,0.00015121698312192482
2.325,0.7601181531096313,0.7602861491827475,0.8307065377062508,0.8308094397952585,0.00014680624087817697,0.00014877319940186583
2.35,0.7601115218753043,0.7602584478246578,0.8309030147868239,0.8310459988836613,0.00014877319812635058,0.00014460083250881635
2.375,0.7601048906255727,0.7602307463759156,0.8310994917056207,0.8312825579420238,0.0001497864697109709,0.00013560056275703026
2.4000000000000004,0.7600578031368634,0.7602030449271735,0.8312959686244175,0.8314402242841648,0.00014692546000757875,0.00011861329658725508
2.4250000000000003,0.7600107156481543,0.7601753434379839,0.8314924455432142,0.8315978906263057,0.00014173985843028106,9.548669496449897e-05
2.45,0.759963628159445,0.760106786275098,0.8316889224620109,0.8317555569684467,0.00013655424959479554,7.236007417259305e-05
2.475,0.7599165406707358,0.760038229112212,0.8318853991675804,0.8319132233105877,0.00013136864075931004,4.9233453380687154e-05
2.5,0.7598694531820265,0.7599696719493261,0.8320210081493369,0.8320708896527287,0.0001261830319238245,2.610683258878124e-05
2.5250000000000004,0.759787300802145,0.7599011147864402,0.8321566171310933,0.8321932033441846,0.00011879208534962842,1.0311660572025712e-05
2.5500000000000003,0.7597051484222636,0.7598325575049982,0.8322922261128498,0.8323155170356403,0.00010436767945916715,3.337885683765621e-06
2.575,0.759622996042382,0.759716825180785,0.8324278350946062,0.8324378307270961,8.237368527765852e-05,1.3470620224978414e-05
2.6,0.7595408436625005,0.7596010928565718,0.8325634440763626,0.832560144418552,5.2899170557001664e-05,1.8060197244448337e-05
2.625,0.7594586912826191,0.7594853605323586,0.8326990530581191,0.8326824581100077,2.3424634188585285e-05,1.4126301641633509e-05
2.6500000000000004,0.7593765389027376,0.7593696282081454,0.8328346620398756,0.8328047718014636,6.854600705493739e-06,7.153099225027115e-07
2.6750000000000003,0.7592943864747526,0.7592538958839321,0.8329259303205984,0.8329270854929194,3.311031224633342e-05,2.050404768573069e-05
2.7,0.7591896749075094,0.7591381635597189,0.8330171984291064,0.8330493991843753,5.93661901181045e-05,4.4743246632612663e-05
2.725,0.7590849633402664,0.7590302706512146,0.8331084665376143,0.833171712875831,7.951257461604448e-05,6.898244557949465e-05
2.75,0.7589802517730234,0.7589223777534566,0.8331997346461223,0.8332940265672868,9.965895073918229e-05,9.322164452637663e-05
2.7750000000000004,0.7588755402057804,0.7588144848556985,0.8332910027546302,0.8334163402587427,0.0001118778637595754,0.00011020891621883852
2.8000000000000003,0.7587708286385373,0.7587065919579404,0.8333822708631382,0.833538653851501,0.00011652707672003219,0.00012153388032659233
2.825,0.7586661170712943,0.7585986990601823,0.8334735389716461,0.8336046191366919,0.00011289120465547337,0.00012713669728829828
2.85,0.7585614055040513,0.7584908061624243,0.8335648070801541,0.8336705844218828,0.00010204309062462964,0.00012689826408609708
2.875,0.7584566939368083,0.7583829132720421,0.833656075166037,0.8337365497070737,8.785719886129784e-05,0.00012087821124731556
2.9000000000000004,0.7583519823695652,0.7582847058413477,0.8337176339157202,0.8338025149922645,7.367130709796577e-05,0.00010949378371359042
2.9250000000000003,0.7582472708023221,0.7581864984106531,0.8337791926654033,0.8338684802774553,5.94854239136805e-05,9.415549672844571e-05
2.95,0.7581425592350791,0.7580882909799587,0.8338407514150865,0.8339344455626462,5.155803148551355e-05,7.88171913758301e-05
2.975,0.7580378476678361,0.7579900835492642,0.8339023101647697,0.8340004107842801,4.768371118576085e-05,6.347890855596079e-05
3.0,0.7579331361025095,0.7578918761185698,0.8339638689144528,0.8340500118073805,4.5865775153481166e-05,5.394220413762189e-05
3.0250000000000004,0.7578334572743513,0.7577936686878752,0.834025427664136,0.8340996128304807,4.4047839121201445e-05,5.0544748580258276e-05
3.0500000000000003,0.7577337784461932,0.7576954612571808,0.8340869864138192,0.834149213853581,4.0799387304969834e-05,5.218385984329311e-05
3.075,0.7576340996180351,0.7575972538264863,0.8341485451635023,0.8341988148766812,3.75509310221683e-05,5.3822986832248697e-05
3.1,0.7575344207898769,0.7574990463957918,0.8342101039131855,0.8342484158997815,3.430247473936677e-05,5.280969137397082e-05
3.125,0.7574347419617188,0.7574008389650974,0.8342716626628687,0.8342980169228819,3.105401845656524e-05,4.625320257496087e-05
3.1500000000000004,0.7573350631335607,0.7573026315344029,0.834333221412552,0.8343476179459821,2.7805562173763652e-05,3.618000492438044e-05
3.1750000000000003,0.7572353843054025,0.7572044241037084,0.8343947801622351,0.8343972189690824,2.4557094282151445e-05,2.6106817609606538e-05
3.2,0.7571357054772444,0.7571062166730139,0.8344563389119183,0.8344468199921826,1.6689323864168464e-05,2.0146387234925186e-05
3.225,0.7570360266490863,0.7570080092423195,0.8345178976083667,0.8344964210152829,6.437289138026032e-06,1.9788753463952367e-05
3.25,0.7569363478209281,0.756909801811625,0.834562406740386,0.8345460220383832,1.966953489760015e-06,2.2828578452001687e-05
3.2750000000000004,0.75683666899277,0.7568115943809305,0.8346069158724051,0.8345956230614835,3.993502944126469e-06,2.586840344005106e-05
3.3000000000000003,0.7567369901646119,0.756713386955453,0.8346514250044242,0.8346452240845837,2.265001831528399e-06,2.7388329071495828e-05
3.325,0.7566373113364537,0.7566176261388181,0.8346959341364435,0.834694825107684,1.4205786534481642e-05,2.8908248799802167e-05
3.35,0.7565376325082956,0.7565218653221832,0.8347404432684626,0.8347444261307843,2.6146571237434887e-05,3.319982615242751e-05
3.375,0.7564379536801376,0.7564261045055484,0.8347849524004819,0.8347940271538846,3.8087355940388136e-05,4.1782850538775844e-05
3.4000000000000004,0.756356121092197,0.7563303436889135,0.834829461532501,0.8348436281769849,4.321334507748834e-05,5.391240781554043e-05
3.4250000000000003,0.7562742885178472,0.7562345828722786,0.8348739706645203,0.8348932292000851,4.5835964336678765e-05,6.604196262522721e-05
3.45,0.7561924559434974,0.7561388220556438,0.8349184797965394,0.8349428302231854,4.8458572919826844e-05,7.522104462043313e-05
3.475,0.7561106233691475,0.7560430612390089,0.8349629889285587,0.8349924312462857,5.447868556965373e-05,7.945299012650003e-05
3.5,0.7560287907947977,0.755947300422374,0.8350074980605778,0.835042032269386,6.343924087802167e-05,7.97510123710912e-05
3.5250000000000004,0.7559469582204479,0.7558515396057391,0.8350520071925971,0.8350916332924863,7.239979618638975e-05,7.835030279715782e-05
3.5500000000000003,0.7558651256460981,0.755755778820174,0.8350965163246162,0.8351412343155865,8.136034427747188e-05,7.694959579693621e-05
3.575,0.7557832930717483,0.7556826836698053,0.8351410254566354,0.8351908353386868,8.505581756457079e-05,7.742643461984834e-05
3.6,0.7557014604973984,0.7556095885194365,0.8351855345886546,0.8352404363617871,8.535384423938887e-05,7.95125942683844e-05
3.625,0.7556196279230486,0.7555364933690678,0.8352300437206738,0.8352900373848874,8.386373526089388e-05,8.159875675843711e-05
3.6500000000000004,0.7555377953486988,0.755463398218699,0.835274552852693,0.8353396384079876,8.237362628239889e-05,8.213519680388811e-05
3.6750000000000003,0.755455962774349,0.7553903030683303,0.8353190619847122,0.8353892394310879,8.22544103902094e-05,7.957219708031404e-05
3.7,0.7553741301999991,0.7553172079179616,0.8353635711167314,0.8354388404541881,8.213519877842718e-05,7.325412478850006e-05
3.725,0.7553089908537733,0.7552441127675928,0.8354080802487506,0.8354884413909804,8.004901505194311e-05,6.285311168893556e-05
3.75,0.7552438515494995,0.7551710176172242,0.8354525893807698,0.8355134048806305,7.349252625293144e-05,5.245208832849588e-05
3.7750000000000004,0.7551787122452256,0.7550979224668554,0.835497098512789,0.8355383683702807,6.181005931512717e-05,4.017352171669912e-05
3.8000000000000003,0.7551135729409517,0.755035776499156,0.8355416076124225,0.8355633318599308,4.587573004664852e-05,2.7894955104902577e-05
3.825,0.7550484336366778,0.7549736305698129,0.8355732300091717,0.835588295349581,2.994138588336468e-05,1.5616388493106033e-05
3.85,0.754983294332404,0.7549114846404699,0.835604852405921,0.8356132588392311,1.4007060579033143e-05,3.3379202381208045e-06
3.875,0.7549181550281301,0.7548493387111268,0.8356364748026702,0.8356382223288813,4.112723253719211e-06,2.2560351327770218e-05
3.9000000000000004,0.7548530157238562,0.7547871927817837,0.8356680971994195,0.8356631858185314,9.536874474481687e-07,4.178278241741997e-05
3.9250000000000003,0.7547878764195823,0.7547250468524407,0.8356997195961687,0.8356881493081816,2.682211275554303e-06,5.6326402673564e-05
3.95,0.7547227371153085,0.7546629009230976,0.835731341992918,0.8357131127978317,3.4570678282012907e-06,6.204842788886811e-05
3.975,0.7546575978110346,0.7546007549937546,0.8357629643896671,0.8357380762874819,2.2053796517097692e-06,5.841251216681126e-05
4.0,0.7545924585067607,0.7545386090644115,0.8357945867864164,0.835763039777132,4.470343774939582e-06,5.00679096422572e-05
4.025,0.7545273192024868,0.7544764631350684,0.8358262091831656,0.8357880032667822,2.0861557918924014e-05,4.4167067281258356e-05
4.05,0.754462179898213,0.7544143172057254,0.8358578315799149,0.8358129667564322,5.069380251633798e-05,4.553793989890636e-05
4.075,0.75441159928161,0.7543419569757532,0.8358894539766641,0.8358379302460824,8.052610929462155e-05,5.412110643483918e-05
4.1000000000000005,0.7543610187780964,0.754269596666438,0.8359210763734134,0.8358628937357325,0.00011098393918593969,6.582343689264162e-05
4.125,0.7543104382745829,0.7541972363571229,0.8359526987701626,0.8358878572253827,0.00013238192630173333,7.752576735044364e-05
4.15,0.7542598577710693,0.7541248760478078,0.8359843211669119,0.8359128207150328,0.0001437067469178848,8.922809780824609e-05
4.175,0.7542092772675558,0.7540525157384926,0.8360159435636612,0.835937784204683,0.0001490712232224047,0.0001038311738137419
4.2,0.7541586967640422,0.7539801555880177,0.8360475659604104,0.8359627476943331,0.00015443569297235452,0.00012433518196060944
4.2250000000000005,0.7541081162605286,0.7539292979570751,0.8360791883571597,0.8359877111839833,0.00016266110506643052,0.00014483923819176898
4.25,0.7540575357570152,0.7538784403261324,0.8361108107539089,0.8360126746736334,0.00017088651716050624,0.0001653432907688593
4.275,0.7540069552535016,0.7538275826951898,0.8361424331506581,0.8360376381632836,0.00017911192925458222,0.00017625090115401656
4.3,0.753956374749988,0.7537767250642471,0.8361740555474073,0.8360626016529337,0.00018078087371618145,0.00017601251990241135
4.325,0.7539057942464745,0.7537258674333045,0.8362056779441566,0.8360875651425839,0.0001786053250041158,0.000167965817588993
4.3500000000000005,0.7538552137429609,0.7536750098023618,0.8362373003409058,0.836112528632234,0.00017642975801277747,0.00015777346633028355
4.375,0.7538046332394474,0.7536241521714192,0.8362689227376551,0.836137492121884,0.0001783967029099253,0.00015032291272502725
4.4,0.7537540527359339,0.7535732945404765,0.8363005451344043,0.8361624556115342,0.0001850723999625334,0.00014474989927885064
4.425,0.7537034722324203,0.7535224369095339,0.8363321675311536,0.8361874191011843,0.0001933872911724165,0.00013917688583267422
4.45,0.7536655271485563,0.7534715792785912,0.8363637899279028,0.8362123825908345,0.0002017021477072455,0.00012922275198790247
4.4750000000000005,0.7536275821532195,0.7534207216476486,0.8363954123246521,0.8362373460804846,0.00020527839197418793,0.00011567268605916087
4.5,0.7535896371578827,0.7533698640167059,0.8364270347214013,0.8362623095701348,0.0002043843271679428,0.00010212262013041975
4.525,0.7535516921625459,0.7533418336138108,0.8364469557229338,0.8362872730597849,0.00020021201630620155,8.857255420167814e-05
4.55,0.7535137471672091,0.7533138032196077,0.8364668767200107,0.8363122365494351,0.0001938939581567714,8.469822805030693e-05
4.575,0.7534758021718724,0.7532857728254047,0.8364867977170877,0.8363372000390852,0.0001851915368242989,8.702282335287906e-05
4.6000000000000005,0.7534378571765356,0.7532577424312015,0.8365067187141646,0.8363621635287354,0.00017350904836427796,9.196998426261965e-05
4.625,0.7533999121811987,0.7532297120369984,0.8365266397112415,0.8363871270183855,0.000158443963092831,9.524821951656773e-05
4.65,0.753361967185862,0.7532016816427952,0.8365465607083185,0.8364120905080357,0.0001433788778213835,9.447336605053742e-05
4.675,0.7533240221905252,0.7531736512485921,0.8365664817053954,0.8364370539976858,0.00012831379254993656,9.117524343907877e-05
4.7,0.7532860771951885,0.753145620854389,0.8365864027024723,0.836462017487336,0.00011324875809254508,8.787711006670494e-05
4.7250000000000005,0.7532481321998516,0.7531175904601859,0.8366063236995491,0.836486980976986,0.00010472533539010459,8.457898643848109e-05
4.75,0.7532101872045148,0.7530895600659828,0.836626244696626,0.8365119444666362,9.877976705218158e-05,8.356571410489889e-05
4.775,0.7531722422091781,0.7530615296717796,0.836646165693703,0.8365369079562863,9.283419871425834e-05,8.350610713058158e-05
4.800000000000001,0.7531342972138413,0.75302058977581,0.8366660866907799,0.8365618714459365,8.688863037633511e-05,8.344650015626426e-05
4.825,0.7530963522185045,0.7529796498198698,0.8366860076878568,0.8365868349355866,8.09431041971339e-05,8.547310536959024e-05
4.8500000000000005,0.7530584072231677,0.7529387098639295,0.8367059286849338,0.8366117984252368,8.07047182475172e-05,9.179119375042298e-05
4.875,0.7530204622319344,0.7528977699079894,0.8367258496820107,0.8366367619148869,8.833409029214262e-05,0.00010225177173245841
4.9,0.752993293861242,0.7528568299520492,0.8367457706790876,0.8366617254045371,0.00010424847637101579,0.00011271234971449421
4.925000000000001,0.7529661254905498,0.752815889996109,0.8367656916761645,0.8366866888941872,0.0001276433937425844,0.00011885160852606232
4.95,0.7529389571198575,0.7527749500259115,0.8367856126732415,0.8367116523838374,0.00015103835374888277,0.00011712306213373922
4.9750000000000005,0.7529117887491652,0.7527319751237395,0.8368055336703184,0.8367366158734875,0.00017718483290351302,0.00010794397345689316
5.0,0.7528846203784728,0.7526890002215674,0.8368254546673953,0.8367615793631377,0.00020333131205814233,9.685754778707826e-05
5.025,0.7528574520077805,0.7526460253193953,0.8368453756644723,0.8367865428527878,0.00022947779121277256,8.577112211726295e-05
5.050000000000001,0.7528302836370883,0.7526030504172232,0.8368652966615492,0.836811506342438,0.0002503393644679883,7.981066243786373e-05
5.075,0.7528031152663959,0.7525600755150511,0.8368852176586261,0.836836469832088,0.00026208161810561725,7.626415071886065e-05
5.1000000000000005,0.7527759468957036,0.752517100612879,0.836905138655703,0.8368614332905565,0.0002611875151357817,7.271765302796875e-05
5.125,0.7527487785250113,0.7524741257107069,0.83692505965278,0.8368764101445839,0.00024938583994437986,6.824731737970386e-05
5.15,0.752721610154319,0.7524597327639561,0.8369449806498569,0.8368913869986114,0.00023335224722330981,6.55651164715749e-05
5.175000000000001,0.7526944417836267,0.7524453398280884,0.8369649016469337,0.8369063638526388,0.00021731865289083865,6.836650365471744e-05
5.2,0.7526672734129344,0.7524309468922208,0.8369848226440106,0.8369213407066662,0.00020921228715033578,7.718810476672034e-05
5.2250000000000005,0.7526401050422421,0.7524165539563531,0.8370047436410876,0.8369363175606938,0.0002071261330812023,8.851293087797695e-05
5.25,0.7526129366715498,0.7524021610204855,0.8370246646381645,0.8369512944147212,0.00020503997901206888,9.512900830344757e-05
5.275,0.7525857683008574,0.7523877680846178,0.8370445856352414,0.8369662712687486,0.000198781516928721,9.220839883163086e-05
5.300000000000001,0.7525585999301652,0.7523733751487501,0.8370645066323184,0.836981248122776,0.00018781425192964242,8.126101518287179e-05
5.325,0.7525314315594729,0.7523589822128826,0.8370758766053189,0.8369962249768035,0.00017684696684905376,7.0313597302544e-05
5.3500000000000005,0.7525042631887806,0.7523445892770149,0.8370872465118966,0.8370112018308309,0.00016587971455961448,5.936622483825116e-05
5.375,0.7524770948180882,0.7523301963411473,0.8370986164184743,0.8370261786848583,0.00016260147328076406,5.9068203705746205e-05
5.4,0.752449926447396,0.7523158034052796,0.8371099863250518,0.8370411555388858,0.00015932323200191354,6.192921377069865e-05
5.425000000000001,0.7524313733260009,0.7523014104694119,0.8371213562316295,0.8370561323929132,0.00015169388332486768,6.157159815336124e-05
5.45,0.7524128202446275,0.7522870175335443,0.8371327261382072,0.8370711092469406,0.00013548118302942597,5.370368805661582e-05
5.4750000000000005,0.7523942671632541,0.7522726245976766,0.8371440960447849,0.8370860861009681,0.00011223545450315308,4.094834102790826e-05
5.5,0.7523757140818808,0.752258231661809,0.8371554659513625,0.8371010629549955,8.898972854150302e-05,2.8192997267390593e-05
5.525,0.7523571610005074,0.7522438387259414,0.8371668358579402,0.8371160398090229,7.247930119463986e-05,2.4020685157380535e-05
5.550000000000001,0.752338607919134,0.7522294457900737,0.8371782057645178,0.8371310166630503,6.651883207079433e-05,3.0517521243401207e-05
5.575,0.7523200548377607,0.7522150528542061,0.8371895756710954,0.8371459935170779,7.045275095954148e-05,4.500146931902281e-05
5.6000000000000005,0.7523015017563873,0.7522006598971568,0.8372009455776731,0.8371609703711053,7.906559229802707e-05,5.948546944139676e-05
5.625,0.7522829486750139,0.7521802204300357,0.8372123154842508,0.8371759472251327,8.767843363651237e-05,6.937980676671053e-05
5.65,0.7522643955936406,0.7521597809629148,0.8372236853908284,0.8371909240791602,9.351966710541463e-05,7.218121524756405e-05
5.675000000000001,0.7522458425122672,0.7521393414957938,0.837235055297406,0.8372059009331876,9.626150841731935e-05,6.848576471977506e-05
5.7,0.7522272894308938,0.7521189020286728,0.8372464252039837,0.837220877787215,9.900335666485257e-05,6.306172577944549e-05
5.7250000000000005,0.7522087363495205,0.7520984625615519,0.8372577951105613,0.8372358546412425,0.00010383131960681958,5.7637685894778003e-05
5.75,0.7521901832681471,0.7520780230944308,0.837269165017139,0.8372508314952699,0.00011241435452551733,5.57899492512285e-05
5.775,0.7521716301867737,0.7520575836273099,0.8372805349237167,0.8372597701126893,0.00012239809895980724,5.689262882996052e-05
5.800000000000001,0.7521530771054004,0.7520371441601889,0.8372919048302944,0.8372687087278095,0.00013238184392744983,5.7995309532132106e-05
5.825,0.752134524024027,0.7520167046930679,0.8373032747368719,0.8372776473429296,0.00013607737185464036,5.650516123404356e-05
5.8500000000000005,0.7521159709426536,0.751996265225947,0.8373146446434496,0.8372865859580497,0.00013214344938759773,5.16771980500014e-05
5.875,0.7520974178612803,0.7519758257588259,0.8373260145500273,0.8372955245731699,0.00012117625285137724,4.500151370695493e-05
5.9,0.7520788647799069,0.751955386291705,0.8373373844566049,0.8373044631882901,0.00010782486056183654,4.03523612307339e-05
5.925000000000001,0.7520603116985335,0.7519418295671575,0.8373487543631826,0.8373134018034103,9.447346645661888e-05,4.1425216919124485e-05
5.95,0.7520417586171602,0.7519282728719628,0.8373601242697603,0.8373223404185304,8.666512992083265e-05,4.827983614438002e-05
5.9750000000000005,0.7520232055357868,0.7519147161767681,0.8373714941763378,0.8373312790336506,8.392333571552449e-05,5.7876132900538894e-05
6.0,0.7520046524544135,0.7519011594815733,0.8373828640829155,0.8373402176487708,8.28802601330864e-05,6.347894350743595e-05
6.025,0.7519860993730401,0.7518876027863786,0.8373942339894932,0.837349156263891,8.183718455064826e-05,6.073714727763513e-05
6.050000000000001,0.7519675462916667,0.7518740460911838,0.8374056038960709,0.837358094879011,7.939340733748377e-05,5.012759117152701e-05
6.075,0.7519556007589804,0.751860489395989,0.8374169738026485,0.8373670334941312,7.808210736675918e-05,3.629915166488426e-05
6.1000000000000005,0.7519436552801364,0.7518469327007943,0.8374283437092261,0.8373759721092514,8.094314091434675e-05,2.5808796663173304e-05
6.125,0.7519317098012924,0.751833376003166,0.8374397136158038,0.8373849107243716,8.994341543823748e-05,2.288818247064738e-05
6.15,0.7519197643224484,0.7518134283350505,0.8374510835223814,0.8373938493394918,0.00010420882483803379,2.6643262788805225e-05
6.175000000000001,0.7519078188436045,0.751793480666935,0.8374624534289591,0.8374027879546119,0.0001184742342378301,3.182884349213658e-05
6.2,0.7518958733647605,0.7517735329988193,0.8374738233355368,0.8374117265697321,0.00013273960967206998,3.308053960759491e-05
6.2250000000000005,0.7518839278859165,0.7517535853307038,0.8374851932421143,0.8374206651848523,0.0001421571011796496,2.7656524045259783e-05
6.25,0.7518719824070725,0.7517336376625882,0.837496563148692,0.8374296037999724,0.00014957785417363492,1.8268823249867503e-05
6.275,0.7518600369282286,0.7517136899944726,0.8375079330552697,0.8374385424150925,0.0001569986071676205,8.881122454474893e-06
6.300000000000001,0.7518480914493846,0.7516937423263571,0.8375193029618474,0.8374474810302127,0.00016683342552997808,4.172359716628548e-06
6.325,0.7518361459705406,0.7516737946582415,0.837530672868425,0.8374564196453329,0.0001766682325211694,4.231945442491267e-06
6.3500000000000005,0.7518242004916966,0.7516538469901259,0.8375420427750027,0.8374653582604531,0.00018417836024872786,6.258489045925855e-06
6.375,0.7518122550128526,0.7516338993220103,0.8375534126815803,0.8374742968755732,0.00018572807335402193,6.854536122435691e-06
6.4,0.7518003095340087,0.7516139516538948,0.8375647825881579,0.8374832354906934,0.00018060209194863388,4.4703547597070806e-06
6.425000000000001,0.7517883640551647,0.7515940039857791,0.8375761524947356,0.8374921741058136,0.00016942617865104193,1.788476124788271e-07
6.45,0.7517764185763207,0.7515890656086878,0.8375819493251357,0.8375011127209337,0.0001582502484138565,2.4437747960861753e-06
6.4750000000000005,0.7517644730974767,0.7515841273424708,0.8375877461143673,0.8375100513360539,0.00014787908504250517,2.9805919323983234e-07
6.5,0.7517525276186328,0.7515791890762539,0.8375935429035987,0.837518989951174,0.0001375079216711542,7.748598613718933e-06
6.525,0.7517405821397888,0.7515742508100369,0.8375993396928302,0.8375279285662942,0.00012910369473067998,2.0583497100035813e-05
6.550000000000001,0.7517286366609448,0.75156931254382,0.8376051364820617,0.8375368671814144,0.00012069946928812,3.341839968679441e-05
6.575,0.7517166911821008,0.751564374277603,0.8376109332712932,0.8375458057965346,0.00010994078654587431,4.62532488743558e-05
6.6000000000000005,0.7517047457032568,0.7515594360113861,0.8376167300605247,0.8375547444116547,9.918207712643646e-05,5.22136587848453e-05
6.625,0.7516928002244129,0.7515544977451691,0.8376225268497562,0.8375636830267749,8.64564747444276e-05,4.93526372358768e-05
6.65,0.7516808547455689,0.7515495594789522,0.8376283236389876,0.837572621641895,7.373087236241828e-05,3.856425564387396e-05
6.675000000000001,0.7516689092667249,0.7515446212127352,0.8376341204282192,0.8375815602570152,6.1005269980408956e-05,2.1606660223803494e-05
6.7,0.7516569637878809,0.7515396829465183,0.8376399172174507,0.8375904988721353,4.8279723296496444e-05,4.649198395926491e-06
6.7250000000000005,0.751645018309037,0.7515347446803013,0.8376457140066822,0.8375994374872555,4.309415271094642e-05,9.655993998356191e-06
6.75,0.751633072830193,0.7515298064140844,0.8376515107959137,0.8376083761023757,4.1663648744386584e-05,1.9788746412381163e-05
6.775,0.751621127351349,0.7515248681478675,0.8376573075851452,0.8376173147174959,4.2557720593365006e-05,2.6196223442264414e-05
6.800000000000001,0.751609181872505,0.7515199298816505,0.8376631043743766,0.8376262533326161,4.345179244234343e-05,3.2603700472147665e-05
6.825,0.751597236393661,0.7515149916154336,0.8376689011636081,0.8376351919477362,4.434587473133208e-05,3.618001672772066e-05
6.8500000000000005,0.7515852909148171,0.7515100533492167,0.8376746979528397,0.8376441305628564,4.6730056744756675e-05,3.5643558516581045e-05
6.875,0.7515733454359731,0.7515051150829998,0.8376804947420712,0.8376530691779766,5.063414592778157e-05,2.9921533301275974e-05
6.9,0.7515613999571291,0.7515001768167828,0.8376862915313027,0.8376620077930967,5.4538235110806595e-05,2.026555314058369e-05
6.925000000000001,0.7515543873343711,0.7514952385505659,0.8376920883205342,0.8376709464082168,5.686281611048211e-05,1.0609572979891408e-05
6.95,0.7515473747288933,0.7514898782402275,0.8376978851097657,0.837679885023337,5.644558389197274e-05,9.537120360092876e-07
6.9750000000000005,0.7515403621234156,0.7514845179269323,0.8377036818989971,0.8376888236384572,5.465745541131253e-05,5.275028897297945e-06
7.0,0.7515333495179378,0.751479157613637,0.8377094786882286,0.8376977622535774,5.400180711226355e-05,9.59634575858645e-06
7.025,0.7515263369124601,0.7514737973003418,0.8377152754774602,0.8377067008686975,5.5372709969763824e-05,1.066922708640627e-05
7.050000000000001,0.7515193243069823,0.7514684369870466,0.8377210722666917,0.8377156394838177,5.75482883475618e-05,6.616143138730469e-06
7.075,0.7515123117015047,0.7514630766737512,0.8377268690559232,0.8377245780989379,5.972385697970172e-05,4.5897000396475305e-06
7.1000000000000005,0.7515052990960269,0.751457716360456,0.8377326658451547,0.837733516714058,6.0319900584560325e-05,2.2490888665576222e-05
7.125,0.7514982864905492,0.7514523560471608,0.8377384626343861,0.8377424553291781,6.0915944189418906e-05,4.0392077291504274e-05
7.15,0.7514912738850714,0.7514469957338655,0.8377442594236176,0.8377513939442983,6.40153743020809e-05,5.829326591743296e-05
7.175000000000001,0.7514842612795937,0.7514416354205703,0.8377500562128491,0.8377603325594185,7.003546790712509e-05,6.842605287966836e-05
7.2,0.751477248674116,0.7514362751072751,0.8377558530020807,0.8377692711745387,7.605554248381755e-05,7.283689880677057e-05
7.2250000000000005,0.7514702360686383,0.7514309147939797,0.8377616497913122,0.8377782097896589,7.802245306498225e-05,7.581713096062965e-05
7.25,0.7514632234631605,0.7514255544806845,0.8377674465805437,0.837787148404779,7.194279832273215e-05,8.076429962328705e-05
7.275,0.7514562108576828,0.7514201941673893,0.8377732433697751,0.8377960870198992,5.960462732880944e-05,8.571146828594464e-05
7.300000000000001,0.751449198252205,0.751414833854094,0.8377790401590066,0.8378050256350194,4.7266456334886726e-05,8.696316560135583e-05
7.325,0.7514421856467273,0.7514094735407988,0.8377848369482381,0.8378139642501395,3.492828534096445e-05,8.058537911651772e-05
7.3500000000000005,0.7514351730412496,0.7514041132275036,0.8377906337374696,0.8378229028652596,2.2590135644946016e-05,6.693596437730505e-05
7.375,0.7514281604357719,0.7513987529142082,0.8377964305267012,0.8378318414803798,1.5735623307681176e-05,5.328655199845e-05
7.4,0.7514211478302941,0.751393392600913,0.8378022273159327,0.8378407800955,8.88111097041609e-06,4.5835992584675054e-05
7.425000000000001,0.7514141352248164,0.7513880322876177,0.8378080241051642,0.8378497187106202,1.7285818339286136e-06,4.863736905540189e-05
7.45,0.7514071226193386,0.7513826719743225,0.8378138208943956,0.8378586573257403,1.2397804953129371e-05,5.850194058201379e-05
7.4750000000000005,0.751400110013861,0.7513773116610273,0.8378196176836271,0.8378675959408605,1.8000593100297394e-05,6.836653645919761e-05
7.5,0.7513930974083832,0.751371951347732,0.8378254144728586,0.8378765345559807,1.537799990410147e-05,7.182359904761957e-05
7.525,0.7513860848029055,0.7513665910344367,0.8378312112620901,0.8378854731711008,5.722079085982204e-06,6.800891169840384e-05
7.550000000000001,0.7513790721974277,0.7513612307211415,0.8378370080513217,0.837894411786221,5.304814929960522e-06,6.157164034023125e-05
7.575,0.75137205959195,0.7513558704078462,0.8378428048405532,0.8379033504013411,1.162288965480817e-05,5.829336717071865e-05
7.6000000000000005,0.7513650469864722,0.751350510094551,0.8378486016297846,0.8379122890164613,9.655926914198524e-06,6.121399168230229e-05
7.625,0.7513580343809946,0.7513451497812558,0.8378543984190161,0.8379212276315815,7.748626487278902e-07,6.840625977000867e-05
7.65,0.7513510217755168,0.7513397894679604,0.8378601952082476,0.8379301662467017,9.715521350702351e-06,7.55985278577153e-05
7.675000000000001,0.7513440091700391,0.7513314151008489,0.8378659919974791,0.8379391048618218,1.8656186838713398e-05,8.279079594542194e-05
7.7,0.7513369965645613,0.7513230407220312,0.8378717887867106,0.837948043476942,2.0980805894666775e-05,8.493662357300279e-05
7.7250000000000005,0.7513299839590836,0.7513146663432133,0.8378775855759422,0.8379569820920622,1.7225704671482964e-05,8.577109380202174e-05
7.75,0.7513229713536058,0.7513062919643955,0.8378833823651736,0.8379659207071823,8.970498856424292e-06,8.80360662545648e-05
7.775,0.7513159587481282,0.7512979175855776,0.8378891791544051,0.8379748593223024,7.152930413653255e-07,9.381768749353676e-05
7.800000000000001,0.7513089461426504,0.7512895432067598,0.8378949759436366,0.8379837979374226,5.6624495899267044e-06,0.0001013279093457529
7.825,0.7513019335371727,0.7512811688279419,0.8379007727328681,0.8379927365525428,1.060963744029492e-05,0.00010883809227000917
7.8500000000000005,0.7512949209316949,0.7512727944491241,0.8379065695220996,0.838001675167663,1.2338161508981944e-05,0.00011038777356329198
7.875,0.7512879083262172,0.7512644200703062,0.8379123663113311,0.8380106137827832,1.3053417429178949e-05,0.00010311602171761925
7.9,0.7512808957207395,0.7512560456914885,0.8379181631005627,0.8380195523979033,1.4543529311933972e-05,8.571152956451092e-05
7.925000000000001,0.7512738831152618,0.7512511836479164,0.8379239598897941,0.8380108225851587,1.7583344263970918e-05,5.9505319766639254e-05
7.95,0.751266870509784,0.7512463216139736,0.8379297566790256,0.8380020927239749,2.273916066001544e-05,3.329908583820709e-05
7.9750000000000005,0.7512598579043063,0.751241459580031,0.8379355534682571,0.8379933628627909,2.7895001590447883e-05,7.09297892493659e-06
8.0,0.7512528452988285,0.7512365975460882,0.8379413502574886,0.8379846330016071,3.492832437983917e-05,1.3589863586599988e-05
8.025,0.7512458326933508,0.7512317355121455,0.8379471470467201,0.8379759031404231,4.45248844253861e-05,2.7686313633193644e-05
8.05,0.7512388200878731,0.7512268734782027,0.8379529438359516,0.8379671732792393,5.8114436311901694e-05,4.1782763679787296e-05
8.075000000000001,0.7512354956514182,0.75122201144426,0.837958740625183,0.8379584434180554,7.647267743441321e-05,5.331622775475127e-05
8.1,0.7512321712393994,0.7512171494103173,0.8379645374144146,0.8379497135568715,9.483095015185627e-05,6.484967484866037e-05
8.125,0.7512288468273806,0.7512122873763746,0.837966621266085,0.8379409836956876,0.00011318922286930065,7.295608432826975e-05
8.15,0.7512255224153617,0.7512074253424318,0.8379687050600719,0.8379322538345038,0.0001259447321795529,7.67707952264255e-05
8.175,0.7512221980033428,0.751202563308489,0.837970788854059,0.8379235239733198,0.00013351434992356237,7.742643104309346e-05
8.200000000000001,0.7512188735913239,0.7511977012745463,0.8379728726480459,0.837914794112136,0.00013720990008302765,7.671118599862505e-05
8.225,0.751215549179305,0.7511928392406035,0.8379749564420329,0.837906064250952,0.0001378059288687156,7.599593134938904e-05
8.25,0.7512122247672862,0.7511879772066609,0.8379770402360198,0.8379104344981745,0.00013512372975332294,7.456541064696205e-05
8.275,0.7512089003552673,0.7511831151727181,0.8379791240300068,0.8379148049539056,0.00012749413349193904,7.09294051653905e-05
8.3,0.7512055759432484,0.7511782531387754,0.8379812078239939,0.8379191754096367,0.0001143218054539239,6.300216946912835e-05
8.325000000000001,0.7512022515312295,0.7511733911048326,0.8379832916179808,0.8379235458653679,9.602316636355672e-05,5.0842633522286685e-05
8.35,0.7511989271192107,0.7511685290708899,0.8379853754119678,0.837927916321099,7.772448940485814e-05,3.5007631105820055e-05
8.375,0.7511956027071918,0.7511636670369471,0.8379874592059547,0.8379322867768301,5.9425818914330574e-05,1.9172628689352292e-05
8.4,0.751192278295173,0.7511588050030045,0.8379895429999418,0.8379366572325613,4.678954059132415e-05,3.3380107981206345e-06
8.425,0.7511889538831541,0.7511539429690617,0.8379916267939287,0.8379410276882924,3.975635267989822e-05,1.353017180880189e-05
8.450000000000001,0.7511856294711352,0.751149080935119,0.8379937105879157,0.8379453981440235,3.8027773788177806e-05,3.0398177868135994e-05
8.475,0.7511823050591163,0.7511442189011762,0.8379957943819027,0.8379497685997547,3.9339045421513593e-05,4.726623578431199e-05
8.5,0.7511789806470974,0.7511393568672335,0.8379978781758897,0.8379541390554858,4.142522529840639e-05,6.133318525036654e-05
8.525,0.7511756562350785,0.7511344948332908,0.8379999619698767,0.8379585095112169,4.1484780039511246e-05,7.098917916584861e-05
8.55,0.7511723318230598,0.7511296327993481,0.8380020457638636,0.8379628799669481,3.8266207171600664e-05,7.385012895394799e-05
8.575000000000001,0.7511690074110409,0.7511247707654053,0.8380041295578506,0.8379672504226792,3.153079765369053e-05,6.848563844241365e-05
8.6,0.751165682999022,0.7511199087314626,0.8380062133518376,0.8379716208784103,2.3215976949200527e-05,5.4896080747489564e-05
8.625,0.7511623585870031,0.7511184748176986,0.8380082971458246,0.8379759913341415,1.4901157163889421e-05,3.2544127173639186e-05
8.65,0.7511590341749842,0.7511170409558877,0.8380103809398116,0.8379803617898726,9.000319568187657e-06,1.0192439258400444e-05
8.675,0.7511557097629653,0.7511156070940769,0.8380124647337985,0.8379847322456037,3.0994819724858936e-06,1.2874582612909955e-05
8.700000000000001,0.7511523853509465,0.751114173232266,0.8380145485277856,0.8379891027013349,2.443851998005492e-06,2.9742769589472137e-05
8.725,0.7511490609389276,0.7511127393704552,0.8380166323217725,0.837993473157066,1.0967285694162962e-05,3.719318134939757e-05
8.75,0.7511457365269087,0.7511113055086444,0.8380187161157595,0.837997843612797,1.949071939032104e-05,3.51071366368187e-05
8.775,0.7511424121148899,0.7511098716468335,0.8380207999097464,0.8380022140685283,2.9206379174152882e-05,2.65439105760409e-05
8.8,0.751139087702871,0.7511084377850227,0.8380228837037335,0.8380065845242594,3.588194913332788e-05,1.7980684515262636e-05
8.825000000000001,0.7511357632908521,0.7511070039232118,0.8380249674977204,0.8380109549799905,3.7550901249121466e-05,9.417498957011238e-06
8.85,0.7511324388788333,0.751105570061401,0.8380270512917074,0.8380153254357217,3.498796875806533e-05,5.602897303412891e-06
8.875,0.7511291144668144,0.7511041361995902,0.8380291350856944,0.8380196958914528,3.0517578359481705e-05,4.738569695510085e-06
8.9,0.7511257900547955,0.7511027023377793,0.8380312188796813,0.8380240663471838,2.747773469743552e-05,3.874290401275387e-06
8.925,0.7511224656427766,0.7511012684759685,0.8380333026736684,0.838028436802915,2.706051084893599e-05,3.0994486005230035e-06
8.950000000000001,0.7511191412307577,0.7510998346141576,0.8380353864676553,0.8380328072586462,2.825259785901197e-05,3.0994691035028652e-06
8.975,0.7511158168187388,0.7510984007523468,0.8380374702616423,0.8380371777143772,2.795457999459686e-05,6.3180480990051944e-06
9.0,0.7511124924067201,0.751096966890536,0.8380395540556292,0.8380415481701085,2.491473237426752e-05,1.3887895618742019e-05
9.025,0.7511091679947012,0.7510955330287251,0.8380416378496163,0.8380459186258395,1.8179284788329874e-05,2.5108424507213545e-05
9.05,0.7511058435826823,0.7510940991669143,0.8380437216436033,0.8380502890815706,9.149211657991272e-06,3.632895339568507e-05
9.075000000000001,0.7511025191706634,0.7510900644109918,0.8380458054375902,0.8380546595373018,1.1927600386562791e-07,4.7549482284156596e-05
9.1,0.7510991947586445,0.7510860296348659,0.8380478892315772,0.838059029993033,8.787485042278e-06,5.8770011172627325e-05
9.125,0.7510958703466256,0.75108199485874,0.8380499730255642,0.838063400448764,1.7455694080690988e-05,6.59227404191666e-05
9.15,0.7510925459346068,0.7510779600826142,0.8380520568195512,0.8380677709044952,2.6123903119103977e-05,7.307542462117748e-05
9.175,0.751089221522588,0.7510739253064883,0.8380541406135381,0.8380721413602263,3.479211215751697e-05,8.115181822605596e-05
9.200000000000001,0.7510858971105691,0.7510698905303624,0.8380562244075251,0.8380765118159574,4.346032119592996e-05,8.922821315187802e-05
9.225,0.7510825726985502,0.7510658557542366,0.8380583082015121,0.8380808822716886,5.2128530234342334e-05,9.74834268253091e-05
9.25,0.7510792482865313,0.7510618209781107,0.8380603919954991,0.8380852527274197,6.0796737243122364e-05,0.00010573863790008876
9.275,0.7510759238745124,0.7510577862019849,0.8380624757894861,0.8380896231831508,6.413454780940415e-05,0.00010716903539233728
9.3,0.7510725994624936,0.7510537514258591,0.838064559583473,0.838093993638882,6.109478069423289e-05,9.977822372024957e-05
9.325000000000001,0.7510692750504747,0.7510497166497332,0.8380666433774601,0.8380983640946131,5.0604221604237306e-05,8.320792294234862e-05
9.35,0.7510659506384558,0.7510456818736073,0.838068727171447,0.8381027345503442,3.296164302522134e-05,6.045875303820889e-05
9.375,0.7510626262264369,0.7510416470974814,0.838070810965434,0.8381071050060754,1.013278932869088e-05,3.770958313406755e-05
9.4,0.751059301814418,0.7510575615672815,0.8380728947594209,0.8381114754618065,1.5199560175191465e-05,1.4960619421458611e-05
9.425,0.7510559774023992,0.7510734760370815,0.838074978553408,0.8381158459175376,3.9413850771383176e-05,5.48369431528268e-06
9.450000000000001,0.7510526529903804,0.7510893905068816,0.838077062347395,0.8381202163732688,6.362814136757488e-05,7.629483228664866e-06
9.475,0.7510493285783615,0.7511053049766817,0.8380791461413819,0.8381245868289999,8.784243196376488e-05,1.790137299381306e-05
9.5,0.7510460041663426,0.7511212194464817,0.8380812299353689,0.838128957284731,0.00011205672255995658,2.817326275896198e-05
9.525,0.7510426797543237,0.7511371339162818,0.8380833137293558,0.8381333277404622,0.00013473621101392155,3.84450194378555e-05
9.55,0.7510393553423048,0.7511530483860819,0.8380853975233429,0.8381376981961933,0.0001574156988834746,3.993510295152255e-05
9.575000000000001,0.7510360309302859,0.7511689628558819,0.8380874813173298,0.8381420686519244,0.0001727939032326094,3.516667080017016e-05
9.600000000000001,0.7510327065182671,0.751184877325682,0.8380895651113168,0.8381464391076556,0.00017732375386144794,2.6911457126737614e-05
9.625,0.751030981677559,0.7512007917718071,0.8380916489053039,0.8381508095633867,0.00016999242868951194,1.8656241716885615e-05
9.65,0.7510292568598742,0.7511959809100073,0.8380937326992908,0.8381551800191178,0.000153064670930433,8.881035853045983e-06
9.675,0.7510275320421895,0.7511911700482075,0.8380958164932778,0.838159550474849,0.00013613691317135404,5.245238817453182e-06
9.700000000000001,0.7510258072245047,0.7511863591864076,0.8380979002872647,0.8381639209305801,0.00011920925310535626,2.60474397360789e-05
9.725000000000001,0.75102408240682,0.7511815483246078,0.8380999840812517,0.8381682913863112,0.0001148582143568488,5.289923681137875e-05
9.75,0.7510223575891352,0.751176737462808,0.8381020678752387,0.8381726618420424,0.00012147427378120305,7.975102760022308e-05
9.775,0.7510206327714505,0.7511719266010082,0.8381041516692257,0.8381770322977735,0.00013527269005868427,9.83476959732681e-05
9.8,0.7510189079537657,0.7511671157392084,0.8381062354632126,0.8381814027535046,0.0001490711063361655,0.00010025499389586839
9.825000000000001,0.7510171831360809,0.7511540174199024,0.8381083192571996,0.8381857732092358,0.00015610453132279228,8.13600439920531e-05
9.850000000000001,0.7510154583183961,0.7511409190330652,0.8381104030511867,0.8381901436649669,0.00015151507479770705,4.1395269318728844e-05
9.875,0.7510137335007114,0.7511278206462281,0.8381124868451736,0.838194514120698,0.00013351439147373648,1.4305228678348648e-06
9.9,0.7510120086830266,0.7511147216766682,0.8381145706391606,0.8381988845764292,0.00010335378396715198,3.5584226512509734e-05
9.925,0.7510102838653419,0.7510650116369371,0.8381166544331475,0.8382032550321603,6.13624602698814e-05,5.1617515593777956e-05
9.950000000000001,0.7510085590476571,0.751015301597206,0.8381187382271346,0.8382076254878914,1.9371616933054903e-05,3.564338790739278e-05
9.975000000000001,0.7510068342299724,0.7509655915574749,0.8381208220211215,0.8382119959436226,3.129225073079975e-05,1.4245841237423576e-05
10.0,0.7510051094122876,0.7509158815177438,0.8381229058151085,0.8382163663993537,8.92281521706226e-05,9.346008032803985e-05
