case_count,repeat,rk4_time_seconds,pfdeonet_time_seconds,paired_speedup
1,1,2.0451515740714967,0.0035216901451349,580.7301295080736
1,2,2.084239425137639,0.0069684381596744,299.0970684362111
1,3,2.0680962591432035,0.0068675153888762,301.141845636494
1,4,2.0384829780086875,0.006813246756792,299.1940627978227
1,5,2.05618226993829,0.0067105777561664,306.40912670281614
10,1,2.0669011822901666,0.0071500297635793,289.07588508491426
10,2,2.0720383166335523,0.0075634294189512,273.9548691287815
10,3,2.193508822005242,0.0080315871164202,273.11025706497253
10,4,2.087705926038325,0.0049733049236238,419.78240990643246
10,5,2.025467971805483,0.0071825059130787,282.00018159641013
50,1,2.175239244941622,0.0083006210625171,262.05740854311415
50,2,2.1764368871226907,0.0082983160391449,262.2745237534918
50,3,2.1602479750290513,0.0082405563443899,262.14831678200096
50,4,2.0833564191125333,0.0058094640262424,358.6142215016111
50,5,2.146721591707319,0.0079630007967352,269.5870120454423
100,1,2.1338157881982625,0.0098269679583609,217.13877538216525
100,2,2.185726650059223,0.008217089343816,265.99767370232536
100,3,2.142471586354077,0.0090273362584412,237.33153668123464
100,4,2.1343797030858696,0.0061279479414224,348.3025188021496
100,5,2.139359201770276,0.0088964500464499,240.47335629383772
500,1,2.231654491275549,0.0176724218763411,126.27892808869447
500,2,2.266590729821474,0.0086251110769808,262.7897437600176
500,3,2.217342863790691,0.0093052410520613,238.28967475264966
500,4,2.2024329169653356,0.0077024158090353,285.94053756248485
500,5,2.2251180107705295,0.0086842668242752,256.22404928308276
1000,1,2.6754165799356997,0.0134204537607729,199.35366028798262
1000,2,2.7482302910648286,0.0130890486761927,209.96409739567298
1000,3,2.672175453044474,0.0144092896953225,185.44810393477673
1000,4,2.384092089254409,0.0151154710911214,157.72529184715842
1000,5,2.661947039421648,0.0138354608789086,192.40031558902675
2048,1,2.999365401919931,0.0203044489026069,147.7196163415615
2048,2,2.7348679886199534,0.0182725088670849,149.67118136395572
2048,3,2.897971312981099,0.0232606902718544,124.58664292038077
2048,4,2.8405092167668045,0.0225219610147178,126.12175355914033
2048,5,2.7295263009145856,0.0193863627500832,140.7962048426475
4096,1,3.139938782900572,0.0437486851587891,71.77218632980467
4096,2,3.2719896561466157,0.0339995929971337,96.23614189800618
4096,3,3.025173056870699,0.0343679427169263,88.02310577004056
4096,4,3.05145315406844,0.0327839762903749,93.07757933452146
4096,5,3.061591506935656,0.0329053620807826,93.04232846365448
