time,reference_state_1,frozen_lm_state_1,lm_state_1,de_state_1,observation_state_1,reference_state_2,frozen_lm_state_2,lm_state_2,de_state_2,observation_state_2
0.0,0.44825831055641174,0.4482583,0.4482583,0.4482583,0.4486563050746918,0.5923088788986206,0.5923089,0.5923089,0.5923089,0.5979689574241638
0.025,0.4538244903087616,0.4538592,0.4538547,0.45385453,,0.5981745719909668,0.5981945,0.5981992,0.5981993,
0.05,0.4593914747238159,0.4594609,0.45945188,0.45945156,,0.603938639163971,0.6039781,0.60398746,0.6039877,
0.07500000000000001,0.4649553596973419,0.46505943,0.4650459,0.4650454,,0.6095984578132629,0.60965717,0.60967106,0.6096714,
0.1,0.47051185369491577,0.4706505,0.47063246,0.47063178,,0.6151521801948547,0.61522985,0.6152482,0.6152487,
0.125,0.47605663537979126,0.47622967,0.4762072,0.47620633,,0.6205987334251404,0.62069494,0.6207177,0.6207183,
0.15000000000000002,0.48158517479896545,0.48179248,0.48176554,0.48176453,,0.6259379386901855,0.6260523,0.62607944,0.6260801,
0.17500000000000002,0.487093061208725,0.48733443,0.48730308,0.4873019,,0.6311702132225037,0.6313025,0.63133377,0.63133454,
0.2,0.49257585406303406,0.49285108,0.49281532,0.49281397,,0.6362969279289246,0.63644654,0.636482,0.6364829,
0.225,0.4980292320251465,0.49833807,0.49829796,0.49829644,,0.6413198709487915,0.64148647,0.6415259,0.64152694,
0.25,0.5034492015838623,0.50379133,0.50374687,0.5037452,,0.6462415456771851,0.6464248,0.64646816,0.6464693,
0.275,0.5088319182395935,0.50920707,0.5091584,0.50915647,,0.6510651111602783,0.65126455,0.65131176,0.65131295,
0.30000000000000004,0.5141739249229431,0.51458174,0.51452875,0.5145267,,0.6557939648628235,0.6560092,0.65606016,0.6560614,
0.325,0.5194721817970276,0.51991224,0.5198551,0.5198529,,0.6604319214820862,0.6606625,0.66071707,0.66071844,
0.35000000000000003,0.524724006652832,0.5251959,0.5251346,0.52513224,,0.6649832129478455,0.66522866,0.6652868,0.6652882,
0.375,0.5299273729324341,0.5304307,0.5303653,0.5303628,,0.6694520115852356,0.66971195,0.6697735,0.66977507,
0.4,0.5350807905197144,0.5356151,0.53554565,0.535543,,0.67384272813797,0.67411673,0.67418164,0.67418325,
0.42500000000000004,0.5401832461357117,0.540748,0.5406747,0.5406719,,0.6781597137451172,0.67844737,0.67851543,0.67851716,
0.45,0.5452343821525574,0.5458291,0.54575187,0.54574895,,0.6824072003364563,0.68270797,0.6827792,0.68278104,
0.47500000000000003,0.5502342581748962,0.55085844,0.5507774,0.5507743,,0.6865891814231873,0.68690276,0.686977,0.68697894,
0.5,0.5551835298538208,0.5558366,0.5557518,0.5557486,,0.6907097697257996,0.6910357,0.6911129,0.6911148,
0.525,0.560083270072937,0.56076473,0.5606762,0.5606728,0.5579300525784493,0.6947724223136902,0.69511026,0.69519025,0.6951923,0.7018202394247055
0.55,0.564935028553009,0.56564426,0.5655522,0.5655486,,0.6987806558609009,0.69913,0.69921273,0.6992148,
0.5750000000000001,0.5697405934333801,0.570477,0.5703814,0.57037777,,0.7027376294136047,0.7030981,0.7031835,0.7031856,
0.6000000000000001,0.574502170085907,0.57526517,0.5751661,0.5751623,,0.7066463232040405,0.7070175,0.7071054,0.7071076,
0.625,0.579221785068512,0.58001083,0.5799084,0.57990444,,0.7105094790458679,0.7108909,0.7109812,0.7109835,
0.65,0.5839017033576965,0.58471614,0.58461034,0.5846063,,0.7143296599388123,0.71472096,0.7148136,0.7148159,
0.675,0.5885440111160278,0.5893832,0.5892742,0.58927006,,0.7181093096733093,0.7185101,0.7186049,0.71860737,
0.7000000000000001,0.5931506156921387,0.5940139,0.5939018,0.5938975,,0.7218506336212158,0.72226053,0.7223576,0.72236,
0.7250000000000001,0.5977229475975037,0.5986098,0.5984947,0.5984903,,0.7255561351776123,0.72597474,0.7260738,0.7260763,
0.75,0.6022623777389526,0.6031721,0.603054,0.60304946,,0.7292279601097107,0.72965485,0.7297559,0.72975844,
0.775,0.6067692637443542,0.60770124,0.60758024,0.6075756,,0.7328685522079468,0.73330337,0.7334063,0.73340887,
0.8,0.6112436652183533,0.6121972,0.6120735,0.6120687,,0.7364802360534668,0.7369226,0.73702735,0.73702997,
0.8250000000000001,0.615684986114502,0.6166595,0.616533,0.61652815,,0.7400655150413513,0.7405151,0.7406215,0.7406242,
0.8500000000000001,0.6200917363166809,0.62108654,0.62095743,0.6209525,,0.7436267733573914,0.7440832,0.7441912,0.744194,
0.875,0.6244620084762573,0.6254764,0.62534475,0.62533975,,0.7471665143966675,0.74762946,0.74773896,0.74774176,
0.9,0.6287931203842163,0.62982655,0.6296924,0.62968725,,0.7506870627403259,0.7511561,0.7512671,0.7512699,
0.925,0.6330817937850952,0.63413346,0.63399696,0.6339917,,0.7541903257369995,0.7546652,0.75477755,0.75478035,
0.9500000000000001,0.6373242735862732,0.6383935,0.6382547,0.6382494,,0.757678210735321,0.75815845,0.7582721,0.758275,
0.9750000000000001,0.6415163278579712,0.6426025,0.64246154,0.6424562,,0.7611516714096069,0.76163703,0.7617519,0.7617548,
1.0,0.6456507444381714,0.6467531,0.64661,0.64660454,,0.7646033763885498,0.76509356,0.76520956,0.7652125,
1.0250000000000001,0.6496999859809875,0.6508177,0.6506726,0.6506671,,0.767968475818634,0.7684629,0.76857996,0.7685829,
1.05,0.6536585688591003,0.6547908,0.6546438,0.6546382,0.6582673552632332,0.7712332010269165,0.7717313,0.7718494,0.7718524,0.7697866846621036
1.075,0.6575267910957336,0.65867275,0.65852386,0.65851814,,0.7743985652923584,0.77489984,0.7750188,0.7750218,
1.1,0.6613050103187561,0.6624638,0.6623131,0.6623073,,0.7774654626846313,0.7779694,0.7780892,0.77809227,
1.125,0.6649935841560364,0.66616446,0.666012,0.66600615,,0.7804350852966309,0.7809411,0.7810618,0.78106487,
1.1500000000000001,0.6685931086540222,0.66977525,0.6696211,0.6696152,,0.7833085656166077,0.7838162,0.7839377,0.78394073,
1.175,0.6721041798591614,0.6732968,0.67314106,0.6731351,,0.7860870361328125,0.7865959,0.7867181,0.7867211,
1.2000000000000002,0.6755275130271912,0.67672986,0.67657256,0.67656654,,0.7887718081474304,0.78928137,0.7894042,0.7894073,
1.225,0.6788638830184937,0.68007517,0.6799164,0.67991036,,0.7913642525672913,0.791874,0.7919975,0.7920006,
1.25,0.6821140646934509,0.68333364,0.6831734,0.68316734,,0.7938656806945801,0.79437524,0.7944993,0.79450244,
1.2750000000000001,0.6852790117263794,0.68650603,0.6863445,0.68633837,,0.7962775230407715,0.79678655,0.7969111,0.7969143,
1.3,0.6883595585823059,0.6895935,0.68943065,0.68942446,,0.7986013293266296,0.79910934,0.79923445,0.7992376,
1.3250000000000002,0.6913567781448364,0.69259685,0.69243276,0.6924265,,0.8008385896682739,0.80134517,0.80147076,0.801474,
1.35,0.6942716240882874,0.6955172,0.69535196,0.69534564,,0.8029909133911133,0.8034957,0.8036217,0.8036249,
1.375,0.6971051692962646,0.69835556,0.6981892,0.6981829,,0.8050597906112671,0.8055625,0.8056889,0.80569214,
1.4000000000000001,0.6998583674430847,0.701113,0.7009456,0.70093924,,0.8070469498634338,0.80754715,0.80767393,0.8076772,
1.425,0.7025324106216431,0.70379066,0.7036223,0.7036159,,0.8089539408683777,0.8094514,0.80957854,0.80958176,
1.4500000000000002,0.7051283717155457,0.7063897,0.7062203,0.7062139,,0.8107824921607971,0.81127685,0.8114043,0.81140757,
1.475,0.7076473236083984,0.7089112,0.7087409,0.70873445,,0.8125342130661011,0.81302524,0.81315297,0.81315625,
1.5,0.7100903987884521,0.7113562,0.7111851,0.7111786,,0.814210832118988,0.81469816,0.8148262,0.81482947,
1.5250000000000001,0.7124587297439575,0.71372604,0.7135541,0.7135476,,0.8158140182495117,0.8162974,0.8164257,0.816429,
1.55,0.7147534489631653,0.7160217,0.71584904,0.7158425,,0.8173453211784363,0.8178246,0.8179531,0.8179564,
1.5750000000000002,0.7169756889343262,0.7182445,0.7180711,0.71806455,0.7104567468166352,0.8188064694404602,0.81928134,0.8194101,0.8194134,0.8087999653816224
1.6,0.7191266417503357,0.7203955,0.7202214,0.72021484,,0.8201990723609924,0.82066935,0.8207983,0.8208016,
1.625,0.7212073802947998,0.7224759,0.7223012,0.72229457,,0.8215246796607971,0.8219902,0.8221193,0.82212263,
1.6500000000000001,0.7232191562652588,0.7244868,0.7243116,0.724305,,0.8227849006652832,0.8232454,0.82337475,0.8233781,
1.675,0.7251629829406738,0.7264296,0.72625375,0.72624713,,0.8239812850952148,0.82443666,0.8245661,0.8245695,
1.7000000000000002,0.72704017162323,0.7283052,0.72812885,0.72812223,,0.8251153826713562,0.82556546,0.8256951,0.8256985,
1.725,0.7288517355918884,0.7301149,0.7299381,0.7299314,,0.8261886835098267,0.82663333,0.8267631,0.8267665,
1.75,0.7305988669395447,0.73185986,0.7316826,0.7316759,,0.8272026181221008,0.8276418,0.8277716,0.827775,
1.7750000000000001,0.7322827577590942,0.7335412,0.73336357,0.7333569,,0.8281587958335876,0.82859224,0.82872224,0.82872564,
1.8,0.7339044213294983,0.73516005,0.7349821,0.7349754,,0.8290585279464722,0.82948625,0.82961637,0.82961977,
1.8250000000000002,0.7354650497436523,0.7367176,0.73653924,0.73653257,,0.8299034833908081,0.8303253,0.8304555,0.83045894,
1.85,0.7369656562805176,0.7382149,0.7380363,0.73802954,,0.8306949734687805,0.8311109,0.8312412,0.83124465,
1.875,0.7384074330329895,0.73965305,0.7394742,0.73946744,,0.8314345479011536,0.8318445,0.83197486,0.8319783,
1.9000000000000001,0.7397912740707397,0.7410332,0.740854,0.7408473,,0.8321237564086914,0.83252764,0.8326582,0.8326616,
1.925,0.7411183714866638,0.7423563,0.7421769,0.7421702,,0.8327640891075134,0.83316195,0.83329254,0.833296,
1.9500000000000002,0.742389976978302,0.7436237,0.7434441,0.7434374,,0.8333572745323181,0.833749,0.83387965,0.83388317,
1.975,0.7436076998710632,0.7448371,0.74465734,0.74465066,,0.833905041217804,0.8342907,0.8344214,0.8344249,
2.0,0.7447735071182251,0.7459984,0.74581856,0.7458118,,0.834409236907959,0.8347888,0.8349196,0.8349231,
2.025,0.7458891868591309,0.7471094,0.74692947,0.7469228,,0.8348717093467712,0.8352452,0.835376,0.83537954,
2.0500000000000003,0.7469565272331238,0.74817204,0.747992,0.7479853,,0.8352941870689392,0.8356616,0.83579254,0.83579606,
2.075,0.7479773759841919,0.749188,0.7490079,0.7490012,,0.8356785178184509,0.83603984,0.83617085,0.83617437,
2.1,0.7489533424377441,0.7501591,0.74997896,0.7499722,0.7662829804420471,0.8360262513160706,0.8363817,0.8365127,0.83651626,0.8451155388355255
2.125,0.7498862743377686,0.751087,0.7509069,0.75090015,,0.8363391757011414,0.83668864,0.83681977,0.8368233,
2.15,0.7507779002189636,0.75197357,0.7517934,0.7517867,,0.836618959903717,0.8369625,0.8370937,0.8370973,
2.1750000000000003,0.7516297698020935,0.7528204,0.75264025,0.7526336,,0.836867094039917,0.8372049,0.8373361,0.8373397,
2.2,0.7524436116218567,0.75362915,0.75344896,0.7534423,,0.8370852470397949,0.8374173,0.8375486,0.8375522,
2.225,0.7532210350036621,0.7544014,0.7542213,0.75421464,,0.8372749090194702,0.8376013,0.8377327,0.83773625,
2.25,0.7539635300636292,0.75513875,0.75495875,0.7549521,,0.8374375700950623,0.8377584,0.83788985,0.8378934,
2.275,0.7546727061271667,0.7558428,0.75566286,0.7556562,,0.8375746607780457,0.8378901,0.8380216,0.83802515,
2.3000000000000003,0.7553500533103943,0.756515,0.75633514,0.7563285,,0.8376875519752502,0.8379976,0.8381292,0.8381328,
2.325,0.7559969425201416,0.75715685,0.756977,0.7569704,,0.8377776741981506,0.83808255,0.83821416,0.8382178,
2.35,0.7566148042678833,0.75776964,0.75759,0.7575834,,0.8378463387489319,0.8381461,0.83827776,0.8382814,
2.375,0.757205069065094,0.7583549,0.7581753,0.7581687,,0.837894856929779,0.8381896,0.8383213,0.83832496,
2.4000000000000004,0.757768988609314,0.7589139,0.7587344,0.7587278,,0.8379243612289429,0.8382142,0.83834606,0.8383497,
2.4250000000000003,0.7583078742027283,0.7594479,0.7592685,0.75926197,,0.8379361629486084,0.8382213,0.83835316,0.8383568,
2.45,0.7588229775428772,0.7599581,0.759779,0.75977236,,0.8379313945770264,0.8382119,0.8383438,0.83834743,
2.475,0.759315550327301,0.76044583,0.76026684,0.7602603,,0.8379111289978027,0.83818716,0.8383191,0.83832276,
2.5,0.7597866058349609,0.76091224,0.7607334,0.7607268,,0.8378764986991882,0.8381481,0.8382802,0.83828384,
2.5250000000000004,0.7602373957633972,0.7613584,0.76117975,0.7611732,,0.837828516960144,0.83809596,0.83822805,0.83823174,
2.5500000000000003,0.7606689929962158,0.7617854,0.7616069,0.7616004,,0.8377681970596313,0.83803153,0.83816373,0.83816737,
2.575,0.7610823512077332,0.7621943,0.76201594,0.76200944,,0.8376964926719666,0.83795583,0.8380881,0.8380918,
2.6,0.7614784836769104,0.76258606,0.7624079,0.7624014,,0.8376143574714661,0.8378699,0.8380022,0.8380059,
2.625,0.7618584632873535,0.7629617,0.76278377,0.7627772,0.7640853250026702,0.8375226259231567,0.83777446,0.83790684,0.83791053,0.8368391118943691
2.6500000000000004,0.7622230648994446,0.7633221,0.7631443,0.7631378,,0.8374221920967102,0.8376704,0.8378029,0.8378066,
2.6750000000000003,0.7625732421875,0.7636682,0.76349056,0.76348406,,0.8373137712478638,0.8375586,0.8376912,0.8376949,
2.7,0.7629098296165466,0.7640007,0.76382333,0.76381683,,0.8371983170509338,0.83743984,0.83757246,0.83757615,
2.725,0.7632336020469666,0.76432055,0.76414335,0.76413685,,0.8370764255523682,0.8373148,0.83744746,0.83745116,
2.75,0.7635453343391418,0.7646284,0.76445144,0.76444495,,0.836948812007904,0.83718413,0.83731693,0.8373206,
2.7750000000000004,0.7638457417488098,0.76492506,0.7647483,0.76474184,,0.8368161916732788,0.8370486,0.83718145,0.83718514,
2.8000000000000003,0.764135479927063,0.76521116,0.76503456,0.7650281,,0.8366791605949402,0.83690876,0.8370417,0.83704543,
2.825,0.7644152045249939,0.7654874,0.76531094,0.7653045,,0.8365382552146912,0.8367652,0.8368982,0.8369019,
2.85,0.7646855115890503,0.76575416,0.765578,0.7655716,,0.8363940715789795,0.8366185,0.8367515,0.8367553,
2.875,0.7649469971656799,0.76601225,0.7658363,0.76582986,,0.8362470269203186,0.83646905,0.83660215,0.8366059,
2.9000000000000004,0.765200138092041,0.7662621,0.76608634,0.7660799,,0.8360976576805115,0.83631736,0.8364506,0.83645433,
2.9250000000000003,0.7654454112052917,0.7665042,0.76632863,0.7663222,,0.8359463810920715,0.83616394,0.8362972,0.8363009,
2.95,0.7656833529472351,0.766739,0.76656365,0.7665573,,0.8357936143875122,0.8360091,0.8361424,0.8361461,
2.975,0.7659143805503845,0.766967,0.7667918,0.76678544,,0.8356397151947021,0.83585316,0.83598655,0.8359903,
3.0,0.7661388516426086,0.76718855,0.76701355,0.7670072,,0.8354849815368652,0.8356966,0.83583003,0.8358338,
3.0250000000000004,0.7663571834564209,0.76740396,0.7672292,0.7672228,,0.8353297710418701,0.8355396,0.8356731,0.8356769,
3.0500000000000003,0.7665696740150452,0.7676137,0.7674391,0.76743275,,0.8351743221282959,0.83538246,0.8355161,0.83551985,
3.075,0.7667767405509949,0.76781803,0.76764363,0.76763725,,0.8350189924240112,0.8352255,0.8353592,0.83536303,
3.1,0.7669785618782043,0.76801723,0.767843,0.7678367,,0.8348639011383057,0.835069,0.83520275,0.8352065,
3.125,0.767175555229187,0.76821166,0.7680376,0.7680313,,0.8347093462944031,0.8349131,0.8350469,0.83505064,
3.1500000000000004,0.7673678994178772,0.76840144,0.76822764,0.7682213,0.7712911099195481,0.8345555067062378,0.8347579,0.8348918,0.83489555,0.8388376247882843
3.1750000000000003,0.7675557732582092,0.768587,0.76841336,0.76840705,,0.8344025611877441,0.8346037,0.83473766,0.8347415,
3.2,0.7677395343780518,0.76876837,0.7685949,0.7685886,,0.8342506885528564,0.83445066,0.8345847,0.83458847,
3.225,0.7679193019866943,0.7689458,0.7687726,0.7687663,,0.8341000080108643,0.83429885,0.83443296,0.8344368,
3.25,0.7680953145027161,0.7691196,0.7689465,0.76894027,,0.8339505791664124,0.83414847,0.83428264,0.83428645,
3.2750000000000004,0.7682676911354065,0.7692898,0.76911694,0.7691106,,0.8338026404380798,0.8339996,0.8341338,0.8341376,
3.3000000000000003,0.7684366106987,0.76945657,0.7692839,0.76927763,,0.8336561918258667,0.83385223,0.8339866,0.83399034,
3.325,0.7686022520065308,0.7696201,0.7694476,0.76944137,,0.8335113525390625,0.8337066,0.83384097,0.8338448,
3.35,0.7687646746635437,0.7697806,0.7696082,0.76960194,,0.8333682417869568,0.83356273,0.83369714,0.83370095,
3.375,0.7689240574836731,0.769938,0.7697658,0.7697596,,0.8332268595695496,0.83342063,0.83355516,0.833559,
3.4000000000000004,0.7690804600715637,0.7700925,0.7699205,0.76991427,,0.8330872654914856,0.83328044,0.833415,0.8334188,
3.4250000000000003,0.7692340612411499,0.77024424,0.7700724,0.7700662,,0.8329495191574097,0.8331421,0.83327675,0.83328056,
3.45,0.7693849205970764,0.77039325,0.7702216,0.7702154,,0.8328136801719666,0.8330057,0.83314043,0.83314425,
3.475,0.769533097743988,0.7705397,0.7703682,0.77036196,,0.8326797485351562,0.8328713,0.8330061,0.8330099,
3.5,0.7696787118911743,0.7706835,0.7705122,0.770506,,0.8325477242469788,0.8327389,0.8328737,0.8328775,
3.5250000000000004,0.76982182264328,0.77082497,0.7706538,0.7706476,,0.8324177265167236,0.83260846,0.83274335,0.83274716,
3.5500000000000003,0.76996248960495,0.77096397,0.77079296,0.77078676,,0.8322896361351013,0.83248,0.83261496,0.8326188,
3.575,0.7701007723808289,0.77110064,0.7709298,0.7709236,,0.8321635723114014,0.83235365,0.8324886,0.8324925,
3.6,0.7702367305755615,0.77123505,0.77106434,0.77105814,,0.832039475440979,0.83222926,0.8323643,0.83236814,
3.625,0.7703704237937927,0.7713672,0.77119666,0.77119046,,0.8319173455238342,0.8321069,0.832242,0.8322458,
3.6500000000000004,0.7705019116401672,0.77149713,0.7713268,0.7713206,,0.831797182559967,0.83198655,0.8321217,0.83212554,
3.6750000000000003,0.7706312537193298,0.771625,0.77145475,0.7714486,0.7726346984505653,0.8316790461540222,0.8318682,0.8320034,0.8320072,0.8289643767476081
3.7,0.7707584500312805,0.7717507,0.77158064,0.7715745,,0.8315628170967102,0.8317518,0.83188707,0.83189094,
3.725,0.7708835005760193,0.77187437,0.77170444,0.7716983,,0.8314485549926758,0.8316374,0.83177274,0.83177656,
3.75,0.7710065841674805,0.771996,0.77182627,0.7718201,,0.8313362002372742,0.83152497,0.8316604,0.8316642,
3.7750000000000004,0.7711276412010193,0.7721157,0.7719461,0.77193993,,0.8312257528305054,0.83141446,0.83154994,0.83155376,
3.8000000000000003,0.7712466716766357,0.7722334,0.772064,0.77205783,,0.8311172127723694,0.8313059,0.8314414,0.8314453,
3.825,0.7713637948036194,0.77234924,0.7721799,0.77217376,,0.8310105800628662,0.8311992,0.83133477,0.83133864,
3.85,0.7714790105819702,0.77246314,0.7722939,0.7722878,,0.8309057950973511,0.83109444,0.83123004,0.8312339,
3.875,0.7715923190116882,0.7725752,0.7724061,0.7724,,0.830802857875824,0.8309915,0.83112717,0.83113104,
3.9000000000000004,0.7717037796974182,0.7726854,0.7725165,0.77251035,,0.8307017087936401,0.8308904,0.83102614,0.83102995,
3.9250000000000003,0.7718134522438049,0.7727938,0.772625,0.77261895,,0.8306023478507996,0.8307911,0.8309269,0.8309307,
3.95,0.7719212770462036,0.77290046,0.77273184,0.7727257,,0.8305047750473022,0.8306936,0.83082944,0.8308333,
3.975,0.7720273733139038,0.77300537,0.77283686,0.7728307,,0.8304089307785034,0.8305979,0.8307337,0.8307376,
4.0,0.7721316814422607,0.77310854,0.77294016,0.772934,,0.8303148150444031,0.8305039,0.8306398,0.83064365,
4.025,0.772234320640564,0.77321,0.7730417,0.77303565,,0.8302223682403564,0.83041155,0.8305475,0.8305514,
4.05,0.7723352313041687,0.7733098,0.7731416,0.77313554,,0.8301316499710083,0.83032095,0.830457,0.83046085,
4.075,0.7724344730377197,0.77340794,0.7732399,0.77323383,,0.8300425410270691,0.83023196,0.83036804,0.8303719,
4.1000000000000005,0.772532045841217,0.77350444,0.7733365,0.77333045,,0.8299550414085388,0.83014464,0.8302808,0.83028466,
4.125,0.7726280093193054,0.7735993,0.77343154,0.77342546,,0.8298691511154175,0.83005893,0.8301951,0.83019894,
4.15,0.7727224230766296,0.77369267,0.773525,0.7735189,,0.8297848105430603,0.82997483,0.830111,0.83011484,
4.175,0.7728151679039001,0.7737844,0.77361685,0.7736108,,0.8297020196914673,0.8298922,0.8300285,0.83003235,
4.2,0.7729064226150513,0.77387464,0.77370715,0.77370113,0.7632644295692443,0.8296207785606384,0.82981116,0.8299475,0.8299513,0.8338954529166221
4.2250000000000005,0.7729961276054382,0.77396333,0.77379596,0.77378994,,0.8295409679412842,0.8297316,0.8298679,0.8298718,
4.25,0.7730843424797058,0.77405053,0.7738833,0.77387726,,0.8294627070426941,0.8296535,0.8297899,0.82979375,
4.275,0.7731710076332092,0.77413625,0.7739691,0.7739631,,0.8293858170509338,0.82957685,0.8297133,0.82971716,
4.3,0.7732563018798828,0.7742205,0.7740535,0.7740475,,0.8293103575706482,0.8295017,0.8296381,0.829642,
4.325,0.7733400464057922,0.7743034,0.7741365,0.77413046,,0.8292363286018372,0.82942784,0.82956433,0.8295682,
4.3500000000000005,0.7734224200248718,0.77438486,0.774218,0.774212,,0.829163670539856,0.8293554,0.829492,0.82949585,
4.375,0.7735034227371216,0.7744649,0.7742982,0.7742922,,0.8290923237800598,0.8292843,0.8294209,0.8294248,
4.4,0.7735829949378967,0.7745436,0.774377,0.7743709,,0.8290222883224487,0.8292146,0.8293512,0.82935506,
4.425,0.7736612558364868,0.7746209,0.7744544,0.7744484,,0.8289535641670227,0.82914615,0.8292828,0.8292867,
4.45,0.7737381458282471,0.7746969,0.77453053,0.7745245,,0.8288861513137817,0.829079,0.82921565,0.8292195,
4.4750000000000005,0.7738137245178223,0.77477163,0.77460533,0.7745993,,0.8288199305534363,0.82901305,0.8291498,0.82915366,
4.5,0.7738879919052124,0.77484506,0.7746788,0.7746728,,0.8287549614906311,0.8289483,0.8290851,0.829089,
4.525,0.7739609479904175,0.7749172,0.77475107,0.77474505,,0.8286911845207214,0.82888484,0.8290217,0.82902557,
4.55,0.774032711982727,0.7749881,0.77482206,0.7748161,,0.8286285996437073,0.82882255,0.8289594,0.8289633,
4.575,0.7741032242774963,0.7750578,0.77489185,0.77488583,,0.8285672068595886,0.8287614,0.8288983,0.8289022,
4.6000000000000005,0.7741725444793701,0.7751263,0.77496046,0.77495444,,0.8285069465637207,0.82870144,0.82883835,0.8288422,
4.625,0.7742406129837036,0.7751936,0.7750278,0.77502185,,0.8284477591514587,0.82864255,0.8287795,0.8287834,
4.65,0.7743075489997864,0.77525973,0.77509403,0.7750881,,0.8283897042274475,0.8285848,0.82872176,0.82872564,
4.675,0.7743732929229736,0.7753247,0.7751591,0.77515316,,0.8283326625823975,0.82852805,0.8286651,0.828669,
4.7,0.7744379639625549,0.77538854,0.7752231,0.77521706,,0.8282767534255981,0.82847244,0.82860947,0.8286134,
4.7250000000000005,0.7745014429092407,0.7754513,0.7752859,0.77527994,0.7826924645900726,0.82822185754776,0.8284178,0.8285549,0.8285588,0.821660760641098
4.75,0.7745638489723206,0.775513,0.77534765,0.7753417,,0.8281679153442383,0.8283642,0.82850134,0.8285052,
4.775,0.7746251821517944,0.77557355,0.7754083,0.77540237,,0.8281150460243225,0.82831156,0.8284488,0.82845265,
4.800000000000001,0.7746855020523071,0.7756331,0.77546793,0.775462,,0.8280630707740784,0.82825994,0.82839715,0.828401,
4.825,0.7747446894645691,0.7756916,0.7755265,0.77552056,,0.8280121088027954,0.8282093,0.8283465,0.8283504,
4.8500000000000005,0.7748029232025146,0.77574915,0.7755841,0.77557814,,0.8279620409011841,0.8281595,0.8282968,0.8283007,
4.875,0.774860143661499,0.77580565,0.7756407,0.77563477,,0.8279129266738892,0.8281107,0.828248,0.8282519,
4.9,0.7749163508415222,0.77586114,0.7756963,0.7756903,,0.8278647065162659,0.8280628,0.8282001,0.828204,
4.925000000000001,0.774971604347229,0.77591574,0.77575094,0.775745,,0.8278173208236694,0.8280157,0.8281531,0.82815695,
4.95,0.7750258445739746,0.7759693,0.77580464,0.7757987,,0.8277708292007446,0.8279695,0.8281069,0.8281108,
4.9750000000000005,0.7750792503356934,0.776022,0.7758574,0.7758514,,0.8277251720428467,0.82792413,0.8280616,0.82806545,
5.0,0.7751316428184509,0.7760738,0.77590925,0.7759033,,0.8276803493499756,0.8278796,0.82801706,0.828021,
5.025,0.7751832008361816,0.7761247,0.7759602,0.7759543,,0.8276363015174866,0.8278359,0.82797337,0.8279773,
5.050000000000001,0.7752338647842407,0.7761747,0.77601033,0.7760044,,0.8275930881500244,0.82779294,0.82793045,0.8279344,
5.075,0.7752836346626282,0.7762239,0.7760595,0.7760536,,0.8275506496429443,0.8277508,0.82788837,0.82789224,
5.1000000000000005,0.7753325700759888,0.77627224,0.7761079,0.776102,,0.8275089263916016,0.8277094,0.82784694,0.8278509,
5.125,0.7753806710243225,0.7763197,0.7761555,0.7761496,,0.8274679780006409,0.8276687,0.82780635,0.8278102,
5.15,0.7754279971122742,0.77636635,0.7762022,0.7761963,,0.8274277448654175,0.8276288,0.8277664,0.8277703,
5.175000000000001,0.7754744291305542,0.77641225,0.77624816,0.77624226,,0.8273881673812866,0.8275896,0.8277272,0.82773113,
5.2,0.7755201458930969,0.77645737,0.77629334,0.77628744,,0.8273493647575378,0.82755107,0.8276887,0.8276926,
5.2250000000000005,0.7755650877952576,0.7765017,0.77633774,0.77633184,,0.8273112177848816,0.82751316,0.82765085,0.8276548,
5.25,0.7756092548370361,0.7765453,0.7763814,0.7763755,,0.8272737264633179,0.82747597,0.8276137,0.8276176,
5.275,0.7756526470184326,0.77658814,0.7764243,0.7764184,0.77849564909935,0.8272368907928467,0.8274394,0.8275772,0.8275811,0.8223950603604316
5.300000000000001,0.7756953239440918,0.7766303,0.7764665,0.7764606,,0.827200710773468,0.82740355,0.8275413,0.8275452,
5.325,0.7757373452186584,0.7766717,0.776508,0.7765021,,0.8271651268005371,0.82736826,0.82750607,0.82750994,
5.3500000000000005,0.775778591632843,0.7767124,0.77654874,0.77654284,,0.827130138874054,0.82733357,0.8274714,0.82747525,
5.375,0.7758191823959351,0.7767525,0.77658886,0.77658296,,0.8270957469940186,0.8272995,0.82743734,0.8274412,
5.4,0.7758591175079346,0.7767919,0.7766283,0.7766224,,0.8270620107650757,0.827266,0.82740384,0.8274077,
5.425000000000001,0.7758983969688416,0.7768306,0.7766671,0.7766612,,0.827028751373291,0.8272331,0.82737094,0.8273748,
5.45,0.775937020778656,0.7768687,0.77670527,0.77669936,,0.8269960880279541,0.82720065,0.8273386,0.82734245,
5.4750000000000005,0.7759749889373779,0.7769062,0.7767428,0.7767369,,0.8269639611244202,0.8271688,0.82730675,0.8273106,
5.5,0.7760123610496521,0.776943,0.7767797,0.7767738,,0.8269323706626892,0.82713753,0.82727545,0.8272794,
5.525,0.7760490775108337,0.7769793,0.776816,0.7768101,,0.8269013166427612,0.8271068,0.8272447,0.8272486,
5.550000000000001,0.7760852575302124,0.777015,0.7768517,0.7768458,,0.8268707990646362,0.8270765,0.8272144,0.82721835,
5.575,0.7761208415031433,0.7770501,0.7768869,0.776881,,0.8268406987190247,0.8270467,0.8271847,0.82718855,
5.6000000000000005,0.7761558294296265,0.7770846,0.77692145,0.77691555,,0.8268111348152161,0.82701737,0.8271554,0.8271593,
5.625,0.7761902809143066,0.77711856,0.7769554,0.7769496,,0.8267820477485657,0.8269886,0.8271266,0.8271305,
5.65,0.7762241959571838,0.777152,0.7769889,0.776983,,0.8267534375190735,0.8269602,0.82709825,0.8271022,
5.675000000000001,0.7762575149536133,0.7771849,0.7770219,0.777016,,0.8267252445220947,0.8269323,0.82707036,0.8270743,
5.7,0.7762903571128845,0.77721727,0.7770543,0.7770484,,0.8266975283622742,0.82690483,0.82704294,0.8270468,
5.7250000000000005,0.7763226628303528,0.7772491,0.7770862,0.7770803,,0.826670229434967,0.82687783,0.82701594,0.8270198,
5.75,0.7763544917106628,0.77728045,0.7771176,0.7771117,,0.8266433477401733,0.82685125,0.82698935,0.8269932,
5.775,0.7763857841491699,0.7773113,0.7771485,0.77714264,,0.8266169428825378,0.826825,0.8269632,0.82696706,
5.800000000000001,0.7764165997505188,0.7773417,0.77717894,0.77717304,0.7728071603178978,0.826590895652771,0.8267993,0.82693744,0.8269413,0.822210853099823
5.825,0.7764469385147095,0.77737164,0.77720886,0.777203,,0.8265652656555176,0.8267739,0.82691205,0.8269159,
5.8500000000000005,0.7764768004417419,0.7774011,0.77723837,0.7772325,,0.8265399932861328,0.8267489,0.8268871,0.82689095,
5.875,0.776506245136261,0.7774301,0.77726746,0.77726156,,0.8265151381492615,0.8267243,0.82686245,0.8268664,
5.9,0.7765352129936218,0.77745867,0.777296,0.77729017,,0.8264906406402588,0.82670003,0.82683825,0.8268421,
5.925000000000001,0.7765637636184692,0.7774868,0.7773242,0.7773183,,0.8264665007591248,0.8266762,0.8268144,0.8268183,
5.95,0.7765918374061584,0.77751446,0.7773519,0.7773461,,0.8264427185058594,0.82665265,0.82679087,0.8267948,
5.9750000000000005,0.7766194939613342,0.77754176,0.7773792,0.7773734,,0.8264192938804626,0.82662946,0.82676774,0.8267716,
6.0,0.7766467928886414,0.77756864,0.77740616,0.77740026,,0.8263962268829346,0.82660663,0.8267449,0.8267488,
6.025,0.7766736149787903,0.7775951,0.7774326,0.7774268,,0.8263735175132751,0.82658416,0.82672244,0.8267263,
6.050000000000001,0.7767000794410706,0.77762115,0.7774587,0.7774529,,0.8263511061668396,0.826562,0.82670027,0.8267042,
6.075,0.7767261266708374,0.77764684,0.7774845,0.7774786,,0.8263289928436279,0.8265402,0.82667845,0.8266823,
6.1000000000000005,0.7767518162727356,0.7776721,0.7775098,0.77750397,,0.8263072371482849,0.82651865,0.82665694,0.8266608,
6.125,0.7767771482467651,0.7776971,0.7775347,0.7775289,,0.8262857794761658,0.82649744,0.8266357,0.82663965,
6.15,0.7768020629882812,0.77772164,0.77755934,0.7775535,,0.8262646198272705,0.8264765,0.8266148,0.82661873,
6.175000000000001,0.7768266201019287,0.77774584,0.7775836,0.77757776,,0.8262437582015991,0.8264559,0.82659423,0.8265981,
6.2,0.7768508195877075,0.7777697,0.77760744,0.7776016,,0.8262231945991516,0.82643557,0.8265739,0.8265778,
6.2250000000000005,0.7768747210502625,0.77779317,0.777631,0.77762514,,0.8262028694152832,0.8264155,0.8265539,0.82655776,
6.25,0.776898205280304,0.77781636,0.7776542,0.7776483,,0.8261829018592834,0.82639575,0.8265341,0.826538,
6.275,0.7769213914871216,0.7778392,0.77767706,0.7776712,,0.8261631727218628,0.82637626,0.8265146,0.82651854,
6.300000000000001,0.7769442200660706,0.77786165,0.7776996,0.77769375,,0.826143741607666,0.826357,0.8264954,0.82649934,
6.325,0.7769667506217957,0.7778839,0.7777218,0.777716,0.7755418038368225,0.8261245489120483,0.82633805,0.82647645,0.8264804,0.8382155191898346
6.3500000000000005,0.7769889831542969,0.7779057,0.7777437,0.77773786,,0.8261055946350098,0.8263194,0.8264578,0.8264617,
6.375,0.7770108580589294,0.7779273,0.7777653,0.77775943,,0.8260869383811951,0.8263009,0.8264393,0.82644325,
6.4,0.7770324349403381,0.77794856,0.77778655,0.7777807,,0.8260685205459595,0.82628274,0.82642114,0.8264251,
6.425000000000001,0.777053713798523,0.7779695,0.77780753,0.7778017,,0.826050341129303,0.8262648,0.8264032,0.82640713,
6.45,0.7770746946334839,0.7779901,0.7778282,0.7778224,,0.8260324597358704,0.8262471,0.82638556,0.82638943,
6.4750000000000005,0.777095377445221,0.7780105,0.7778486,0.77784276,,0.8260147571563721,0.82622963,0.8263681,0.82637197,
6.5,0.7771157622337341,0.7780306,0.7778687,0.77786285,,0.8259972929954529,0.8262124,0.82635087,0.82635474,
6.525,0.7771358489990234,0.77805036,0.77788854,0.7778827,,0.8259800672531128,0.8261954,0.8263339,0.82633775,
6.550000000000001,0.7771556973457336,0.7780699,0.7779081,0.77790225,,0.8259630799293518,0.8261786,0.8263171,0.826321,
6.575,0.77717524766922,0.77808917,0.77792734,0.7779215,,0.8259463310241699,0.8261621,0.82630056,0.82630444,
6.6000000000000005,0.7771944999694824,0.7781081,0.77794635,0.7779405,,0.8259297609329224,0.82614577,0.8262842,0.8262881,
6.625,0.7772135138511658,0.77812684,0.77796507,0.7779593,,0.8259134292602539,0.8261296,0.82626814,0.826272,
6.65,0.77723228931427,0.7781453,0.77798355,0.77797776,,0.8258973360061646,0.82611376,0.8262522,0.8262561,
6.675000000000001,0.7772507667541504,0.7781635,0.7780018,0.77799594,,0.8258814215660095,0.826098,0.82623655,0.8262404,
6.7,0.7772690057754517,0.77818143,0.7780198,0.77801394,,0.8258657455444336,0.8260826,0.82622105,0.826225,
6.7250000000000005,0.7772870063781738,0.77819914,0.7780375,0.77803165,,0.825850248336792,0.82606727,0.8262058,0.82620966,
6.75,0.7773047685623169,0.7782166,0.778055,0.7780492,,0.8258349895477295,0.8260522,0.8261907,0.8261946,
6.775,0.7773222923278809,0.7782338,0.77807224,0.7780664,,0.8258199095726013,0.8260373,0.8261758,0.82617974,
6.800000000000001,0.777339518070221,0.7782508,0.7780892,0.77808344,,0.8258050084114075,0.8260226,0.82616115,0.826165,
6.825,0.7773565649986267,0.77826756,0.77810603,0.7781002,,0.825790286064148,0.82600814,0.82614666,0.82615054,
6.8500000000000005,0.7773733735084534,0.77828413,0.77812254,0.77811676,0.7775079465005547,0.8257758021354675,0.82599384,0.82613236,0.82613623,0.8332065582275391
6.875,0.7773899435997009,0.7783004,0.7781389,0.77813303,,0.8257614970207214,0.8259797,0.82611823,0.8261221,
6.9,0.7774062752723694,0.7783165,0.77815497,0.7781491,,0.8257473707199097,0.82596576,0.8261043,0.8261082,
6.925000000000001,0.7774223685264587,0.77833235,0.7781708,0.77816504,,0.8257334232330322,0.825952,0.8260906,0.82609445,
6.95,0.7774382829666138,0.77834797,0.7781865,0.77818066,,0.8257196545600891,0.82593846,0.826077,0.82608086,
6.9750000000000005,0.7774539589881897,0.7783634,0.77820194,0.77819616,,0.8257060647010803,0.82592505,0.8260636,0.8260675,
7.0,0.7774694561958313,0.7783786,0.7782172,0.77821136,,0.8256926536560059,0.8259118,0.8260504,0.8260543,
7.025,0.7774847149848938,0.7783936,0.7782322,0.7782264,,0.8256794214248657,0.82589877,0.82603735,0.8260412,
7.050000000000001,0.7774997353553772,0.7784084,0.778247,0.7782412,,0.8256663680076599,0.8258859,0.8260245,0.82602835,
7.075,0.7775145769119263,0.778423,0.77826166,0.7782558,,0.8256534337997437,0.8258732,0.8260118,0.82601565,
7.1000000000000005,0.777529239654541,0.77843744,0.7782761,0.77827024,,0.8256407380104065,0.8258607,0.8259992,0.82600313,
7.125,0.7775437235832214,0.7784516,0.7782903,0.7782845,,0.8256281614303589,0.8258483,0.82598686,0.82599074,
7.15,0.7775579690933228,0.7784656,0.7783043,0.7782985,,0.8256157636642456,0.82583606,0.82597464,0.8259786,
7.175000000000001,0.7775720357894897,0.77847946,0.77831817,0.7783123,,0.8256035447120667,0.825824,0.8259626,0.82596654,
7.2,0.7775858640670776,0.7784931,0.7783318,0.778326,,0.825591504573822,0.82581216,0.82595074,0.8259546,
7.2250000000000005,0.777599573135376,0.7785065,0.7783452,0.77833945,,0.8255795836448669,0.8258004,0.825939,0.8259429,
7.25,0.7776130437850952,0.7785198,0.7783585,0.77835274,,0.8255678415298462,0.82578886,0.82592744,0.8259313,
7.275,0.7776263356208801,0.77853286,0.77837163,0.7783658,,0.825556218624115,0.8257774,0.825916,0.8259199,
7.300000000000001,0.7776394486427307,0.7785458,0.7783845,0.7783787,,0.8255447745323181,0.82576615,0.8259047,0.82590866,
7.325,0.7776524424552917,0.7785585,0.77839726,0.7783915,,0.8255335092544556,0.82575506,0.82589364,0.8258975,
7.3500000000000005,0.7776651978492737,0.778571,0.77840984,0.778404,,0.8255223631858826,0.8257441,0.8258827,0.82588655,
7.375,0.7776777744293213,0.7785834,0.77842224,0.7784164,0.7801907467842102,0.8255113959312439,0.82573324,0.8258718,0.82587576,0.8286036077141762
7.4,0.7776902318000793,0.7785956,0.77843446,0.7784286,,0.8255005478858948,0.8257226,0.82586116,0.8258651,
7.425000000000001,0.7777024507522583,0.77860767,0.7784465,0.77844065,,0.82548987865448,0.8257121,0.82585067,0.82585454,
7.45,0.7777145504951477,0.7786195,0.77845836,0.7784526,,0.8254793286323547,0.82570165,0.8258403,0.82584417,
7.4750000000000005,0.7777264714241028,0.7786312,0.7784701,0.77846426,,0.825468897819519,0.82569146,0.82583004,0.8258339,
7.5,0.7777382135391235,0.7786428,0.7784816,0.7784758,,0.8254586458206177,0.8256813,0.8258199,0.82582384,
7.525,0.77774977684021,0.77865416,0.77849305,0.7784872,,0.8254485130310059,0.8256714,0.82580996,0.8258139,
7.550000000000001,0.7777612209320068,0.77866536,0.77850425,0.7784985,,0.8254384994506836,0.82566154,0.8258001,0.82580405,
7.575,0.7777724862098694,0.77867645,0.77851534,0.77850956,,0.8254286646842957,0.8256518,0.82579046,0.82579434,
7.6000000000000005,0.7777835726737976,0.77868736,0.77852625,0.77852046,,0.8254189491271973,0.8256423,0.8257809,0.8257848,
7.625,0.7777945399284363,0.7786981,0.77853703,0.77853125,,0.8254094123840332,0.82563287,0.8257715,0.8257754,
7.65,0.7778053283691406,0.7787087,0.77854764,0.77854186,,0.8253999352455139,0.8256236,0.8257622,0.8257661,
7.675000000000001,0.7778159976005554,0.7787191,0.77855814,0.7785523,,0.825390636920929,0.8256144,0.82575303,0.8257569,
7.7,0.7778264880180359,0.77872944,0.77856845,0.7785626,,0.8253814578056335,0.8256054,0.82574403,0.8257479,
7.7250000000000005,0.7778368592262268,0.77873963,0.7785786,0.7785728,,0.8253723978996277,0.8255965,0.8257351,0.825739,
7.75,0.7778470516204834,0.77874964,0.77858865,0.7785828,,0.8253634572029114,0.8255877,0.82572633,0.8257302,
7.775,0.7778571248054504,0.7787595,0.7785985,0.7785927,,0.8253546953201294,0.82557905,0.8257177,0.82572156,
7.800000000000001,0.7778670191764832,0.77876925,0.77860826,0.7786025,,0.8253459930419922,0.8255705,0.82570916,0.82571304,
7.825,0.7778767943382263,0.77877885,0.77861786,0.7786121,,0.8253374695777893,0.8255621,0.82570076,0.82570463,
7.8500000000000005,0.7778864502906799,0.77878827,0.77862734,0.77862155,,0.825329065322876,0.82555383,0.8256925,0.82569635,
7.875,0.7778959274291992,0.77879757,0.77863663,0.77863085,,0.8253207206726074,0.82554567,0.8256843,0.8256882,
7.9,0.777905285358429,0.77880675,0.7786458,0.77864003,0.7739879375696183,0.8253125548362732,0.8255376,0.82567626,0.82568014,0.8261185833066702
7.925000000000001,0.7779145240783691,0.7788158,0.7786549,0.7786491,,0.8253045082092285,0.8255297,0.82566833,0.8256722,
7.95,0.7779236435890198,0.77882475,0.7786638,0.77865803,,0.8252965807914734,0.8255219,0.8256605,0.8256644,
7.9750000000000005,0.7779325842857361,0.7788335,0.77867264,0.77866685,,0.825288712978363,0.8255142,0.82565284,0.8256567,
8.0,0.7779414057731628,0.77884215,0.7786813,0.7786755,,0.825281023979187,0.8255066,0.82564527,0.82564914,
8.025,0.7779501080513,0.7788507,0.7786898,0.778684,,0.8252733945846558,0.8254992,0.8256378,0.8256417,
8.05,0.7779586911201477,0.7788591,0.7786982,0.7786924,,0.8252659440040588,0.8254918,0.8256304,0.82563436,
8.075000000000001,0.777967095375061,0.77886736,0.7787065,0.7787007,,0.8252585530281067,0.8254846,0.8256232,0.8256271,
8.1,0.7779754400253296,0.7788755,0.77871466,0.7787089,,0.8252512812614441,0.8254774,0.82561606,0.82561994,
8.125,0.7779836058616638,0.7788836,0.7787227,0.7787169,,0.825244128704071,0.8254704,0.825609,0.82561296,
8.15,0.7779916524887085,0.77889144,0.77873063,0.77872485,,0.8252370953559875,0.8254635,0.8256021,0.82560605,
8.175,0.7779996395111084,0.77889925,0.77873844,0.77873266,,0.8252301812171936,0.8254567,0.8255953,0.8255992,
8.200000000000001,0.778007447719574,0.77890694,0.7787461,0.77874035,,0.8252233266830444,0.82544994,0.8255886,0.8255925,
8.225,0.77801513671875,0.77891445,0.7787537,0.77874786,,0.8252165913581848,0.8254433,0.825582,0.8255859,
8.25,0.7780227661132812,0.7789219,0.7787611,0.7787553,,0.8252099752426147,0.82543683,0.82557553,0.8255794,
8.275,0.7780302166938782,0.77892923,0.7787684,0.77876264,,0.8252034783363342,0.82543045,0.8255691,0.825573,
8.3,0.7780376076698303,0.77893645,0.7787757,0.7787699,,0.8251970410346985,0.82542413,0.82556283,0.8255667,
8.325000000000001,0.7780448198318481,0.77894354,0.7787828,0.778777,,0.8251907229423523,0.82541794,0.82555664,0.8255605,
8.35,0.7780519723892212,0.7789505,0.77878976,0.778784,,0.8251845240592957,0.82541186,0.8255505,0.82555443,
8.375,0.7780590057373047,0.7789574,0.7787967,0.7787909,,0.8251783847808838,0.82540584,0.8255445,0.8255484,
8.4,0.7780659198760986,0.77896416,0.77880347,0.7787977,,0.8251723647117615,0.82539994,0.8255386,0.8255425,
8.425,0.778072714805603,0.77897084,0.7788101,0.7788043,0.7770055548846722,0.8251664638519287,0.8253941,0.8255328,0.82553667,0.8243174552172422
8.450000000000001,0.7780793905258179,0.7789774,0.7788167,0.7788109,,0.8251606225967407,0.8253884,0.8255271,0.82553095,
8.475,0.7780860066413879,0.7789839,0.77882314,0.77881736,,0.8251549005508423,0.82538277,0.8255214,0.82552534,
8.5,0.7780925035476685,0.7789902,0.7788295,0.77882373,,0.8251492381095886,0.8253772,0.8255159,0.8255198,
8.525,0.7780988812446594,0.77899647,0.7788358,0.77883,,0.8251436948776245,0.8253718,0.82551044,0.8255144,
8.55,0.7781051397323608,0.7790026,0.7788419,0.77883613,,0.82513827085495,0.82536644,0.8255051,0.825509,
8.575000000000001,0.7781113386154175,0.7790087,0.778848,0.7788422,,0.8251329064369202,0.82536113,0.82549983,0.8255037,
8.6,0.7781174182891846,0.77901465,0.77885395,0.7788482,,0.8251276016235352,0.82535595,0.82549465,0.8254985,
8.625,0.7781234383583069,0.7790205,0.7788598,0.778854,,0.8251224160194397,0.8253509,0.8254896,0.82549345,
8.65,0.7781292796134949,0.77902627,0.7788656,0.7788598,,0.825117290019989,0.8253459,0.8254845,0.82548845,
8.675,0.7781351208686829,0.77903193,0.77887124,0.77886546,,0.8251122832298279,0.8253409,0.8254796,0.8254835,
8.700000000000001,0.7781407833099365,0.7790375,0.77887684,0.77887106,,0.8251073360443115,0.8253361,0.8254748,0.8254787,
8.725,0.7781463861465454,0.77904296,0.7788823,0.77887654,,0.8251024484634399,0.82533133,0.82547003,0.8254739,
8.75,0.7781519293785095,0.7790484,0.7788877,0.77888197,,0.8250976800918579,0.8253266,0.8254653,0.8254692,
8.775,0.7781573534011841,0.7790537,0.77889305,0.7788873,,0.8250929713249207,0.82532203,0.82546073,0.8254646,
8.8,0.7781626582145691,0.7790589,0.77889824,0.77889246,,0.825088381767273,0.8253175,0.8254562,0.8254601,
8.825000000000001,0.7781679034233093,0.779064,0.77890337,0.7788976,,0.82508385181427,0.8253131,0.82545173,0.82545567,
8.85,0.7781730890274048,0.77906907,0.77890843,0.77890265,,0.8250793814659119,0.8253087,0.8254474,0.82545125,
8.875,0.7781781554222107,0.779074,0.7789134,0.7789076,,0.8250750303268433,0.8253044,0.8254431,0.82544696,
8.9,0.778183102607727,0.7790789,0.77891827,0.7789125,,0.8250706791877747,0.82530016,0.82543886,0.8254428,
8.925,0.7781879901885986,0.77908367,0.7789231,0.7789173,,0.8250664472579956,0.82529604,0.82543474,0.8254386,
8.950000000000001,0.7781928181648254,0.7790884,0.7789278,0.778922,0.780303286910057,0.8250622749328613,0.82529193,0.82543063,0.82543457,0.8200837790966033
8.975,0.7781975865364075,0.779093,0.7789324,0.7789267,,0.8250582218170166,0.82528794,0.82542664,0.8254305,
9.0,0.7782022356987,0.77909756,0.778937,0.7789312,,0.8250541687011719,0.825284,0.8254227,0.8254266,
9.025,0.7782068252563477,0.779102,0.77894145,0.7789357,,0.8250502347946167,0.82528013,0.82541883,0.82542276,
9.05,0.7782112956047058,0.77910644,0.77894586,0.7789401,,0.8250463604927063,0.8252764,0.8254151,0.82541895,
9.075000000000001,0.7782157063484192,0.7791107,0.77895015,0.77894443,,0.8250425457954407,0.8252726,0.8254113,0.8254152,
9.1,0.7782200574874878,0.77911496,0.77895445,0.77894866,,0.8250388503074646,0.8252689,0.8254076,0.82541156,
9.125,0.7782243490219116,0.77911913,0.7789586,0.77895284,,0.8250351548194885,0.82526535,0.82540405,0.8254079,
9.15,0.7782285213470459,0.77912325,0.77896273,0.77895695,,0.8250315189361572,0.82526183,0.82540053,0.8254044,
9.175,0.7782326936721802,0.7791273,0.7789667,0.778961,,0.8250280022621155,0.8252583,0.825397,0.82540095,
9.200000000000001,0.7782367467880249,0.77913123,0.7789707,0.77896494,,0.8250244855880737,0.8252549,0.8253936,0.82539755,
9.225,0.7782406806945801,0.7791351,0.7789746,0.7789688,,0.8250210881233215,0.8252516,0.8253903,0.82539415,
9.25,0.7782446146011353,0.7791389,0.7789784,0.7789727,,0.8250176906585693,0.8252483,0.825387,0.8253909,
9.275,0.7782484889030457,0.7791427,0.77898216,0.77897644,,0.8250144124031067,0.825245,0.8253838,0.82538766,
9.3,0.7782522439956665,0.7791464,0.77898586,0.77898014,,0.8250111937522888,0.82524186,0.82538056,0.8253845,
9.325000000000001,0.7782559394836426,0.77915,0.7789895,0.7789837,,0.825007975101471,0.82523876,0.82537746,0.82538134,
9.35,0.7782595753669739,0.7791536,0.77899307,0.7789873,,0.8250048756599426,0.8252357,0.8253744,0.8253783,
9.375,0.7782632112503052,0.77915704,0.7789966,0.7789908,,0.8250017762184143,0.8252327,0.8253714,0.8253753,
9.4,0.7782667279243469,0.7791605,0.77900004,0.77899426,,0.8249987959861755,0.82522976,0.82536846,0.82537234,
9.425,0.7782701849937439,0.7791639,0.7790034,0.7789976,,0.8249958157539368,0.82522684,0.82536554,0.8253695,
9.450000000000001,0.7782735824584961,0.7791672,0.7790067,0.77900094,,0.8249928951263428,0.825224,0.82536274,0.8253666,
9.475,0.7782769203186035,0.77917045,0.77901,0.7790042,0.7729180026054382,0.8249900341033936,0.8252212,0.82535994,0.8253638,0.8208154112100601
9.5,0.7782801985740662,0.7791737,0.77901316,0.77900743,,0.8249872326850891,0.82521844,0.8253572,0.8253611,
9.525,0.778283417224884,0.7791768,0.7790163,0.77901053,,0.8249844908714294,0.82521576,0.8253545,0.8253584,
9.55,0.7782865762710571,0.7791799,0.7790194,0.77901363,,0.8249818086624146,0.82521313,0.82535183,0.82535577,
9.575000000000001,0.7782896757125854,0.7791829,0.77902246,0.7790167,,0.8249791264533997,0.8252105,0.8253493,0.82535315,
9.600000000000001,0.778292715549469,0.7791859,0.77902544,0.77901965,,0.8249765038490295,0.82520795,0.8253467,0.8253506,
9.625,0.7782956957817078,0.7791888,0.77902836,0.7790226,,0.8249739408493042,0.82520545,0.8253442,0.8253481,
9.65,0.7782986760139465,0.7791917,0.7790312,0.7790255,,0.8249714374542236,0.825203,0.82534176,0.82534564,
9.675,0.7783015370368958,0.7791945,0.7790341,0.7790283,,0.8249689936637878,0.8252006,0.8253393,0.82534325,
9.700000000000001,0.778304398059845,0.7791973,0.7790368,0.7790311,,0.824966549873352,0.82519823,0.825337,0.82534087,
9.725000000000001,0.7783071994781494,0.7792,0.77903956,0.7790338,,0.824964165687561,0.8251959,0.8253346,0.82533854,
9.75,0.7783099412918091,0.77920264,0.77904224,0.77903646,,0.8249618411064148,0.82519364,0.82533234,0.8253363,
9.775,0.778312623500824,0.7792053,0.77904487,0.7790391,,0.8249595761299133,0.8251914,0.82533014,0.825334,
9.8,0.7783153057098389,0.7792079,0.7790474,0.7790417,,0.8249573111534119,0.8251892,0.82532793,0.8253318,
9.825000000000001,0.7783178687095642,0.7792104,0.77905,0.7790442,,0.8249551057815552,0.825187,0.8253257,0.82532966,
9.850000000000001,0.7783204317092896,0.7792129,0.7790525,0.7790467,,0.8249529004096985,0.8251849,0.82532364,0.8253275,
9.875,0.7783229351043701,0.77921534,0.77905494,0.77904916,,0.8249507546424866,0.8251828,0.82532156,0.8253254,
9.9,0.7783254384994507,0.7792177,0.7790573,0.7790516,,0.8249486684799194,0.82518077,0.82531947,0.8253234,
9.925,0.7783278226852417,0.7792201,0.7790597,0.7790539,,0.8249466419219971,0.82517874,0.8253175,0.8253214,
9.950000000000001,0.7783302068710327,0.7792224,0.77906203,0.77905625,,0.8249446153640747,0.8251768,0.82531554,0.8253194,
9.975000000000001,0.778332531452179,0.7792247,0.7790643,0.7790585,,0.8249425888061523,0.8251748,0.82531357,0.82531744,
10.0,0.7783348560333252,0.77922696,0.77906656,0.7790608,0.778188209682703,0.8249406814575195,0.8251729,0.82531166,0.82531554,0.8261512637883425
