method_key,case_index,panel_count,true_r1,estimated_r1_mean,estimated_r1_sd,true_r2,estimated_r2_mean,estimated_r2_sd
de,0,20,1.0648782386914912,1.0690251380858287,0.023117296137947784,1.1946631150026932,1.2006609171795584,0.04092341863072703
de,1,20,1.2072155452520588,1.2111446790317897,0.023478449443527446,1.1515674994692249,1.1563881325067293,0.03335427501408289
de,2,20,0.9967794499964374,0.9961641038388095,0.015995589223645527,1.1919563685867856,1.192775112165464,0.03246482054393149
de,3,20,0.850053017867962,0.8473463015345646,0.01789398291616808,0.8801078262088833,0.8840857381811457,0.019837053083480025
de,4,20,1.1556139465144188,1.1556583224097339,0.0197474115265654,1.11125433107533,1.1178557977895403,0.020172940281931992
de,5,20,1.363863368676646,1.3643606183957795,0.03330465445253816,1.2700101297816575,1.2755604226045263,0.027451874159704674
de,6,20,1.341866090057117,1.354156046259227,0.025518157762204546,1.1370940994897871,1.1378691699706727,0.02379411080617905
de,7,20,0.8686774935794525,0.8693758616263058,0.01376968764849691,1.3545083251018275,1.3603208455063285,0.02100857224312804
de,8,20,0.9535604116599266,0.9475228140044907,0.017963797938579846,0.8341274394115915,0.8362023641385378,0.016867557135029458
de,9,20,0.9680984056765032,0.9691833270967243,0.01717807121752081,1.0233533430333046,1.0203191246605487,0.020159771569884546
de,10,20,1.082101959631863,1.0847974559695461,0.021831886828021577,1.229654188837276,1.2365950109073742,0.03535916545595791
de,11,20,0.9494614303705384,0.9516940721273226,0.01473802333063693,1.2614628201322389,1.2671833637922556,0.03300489119668377
de,12,20,1.2309928121829472,1.2285147839610053,0.028456660404214292,1.0441491412244692,1.048243564260194,0.021679957362889246
de,13,20,1.1089460432130065,1.1042327596185744,0.017737719720060233,1.244938015325941,1.2466165082873897,0.025951164618176464
de,14,20,1.2367327786477442,1.235774031891173,0.025192237111206297,0.9977597233549114,0.9914593297329028,0.019617724559430224
de,15,20,0.9792677304786817,0.976315039302205,0.015401174593963023,1.3028844292988406,1.2979814943518382,0.03409370380343923
de,16,20,1.266492858178248,1.2610734606908802,0.019721958096788953,1.0151678658735035,1.0096974449203626,0.019841697211114572
de,17,20,1.1785263076628678,1.1821319108537378,0.01709419915593072,1.3679316210589931,1.3735712089705194,0.0325094063640016
de,18,20,0.8428304202626524,0.8390777744498117,0.012959513493778297,1.3247103277776509,1.311097140188475,0.04000689618823443
de,19,20,1.2890807893513838,1.2953919352100844,0.029888301314751287,0.8589236751801437,0.8688844208014466,0.017824482292656832
de,20,20,1.1203335042184923,1.122158152886115,0.019985844356643575,1.2096886728526854,1.2142125692273191,0.0245085052259126
de,21,20,0.9013492866909876,0.9004467295835346,0.01492550995101296,0.8474175391631339,0.8421770776266693,0.01998457596266519
de,22,20,0.926969613899664,0.9308575850308738,0.018928937356103553,0.978377274432112,0.9831232297908326,0.02111207527936312
de,23,20,1.0463351209838954,1.050817790238328,0.01888298190001089,0.923085761573486,0.9223936162332039,0.018165803587877984
de,24,20,1.2125880683800834,1.2079798677778286,0.022156253786309445,0.9474981980852708,0.9483986917429267,0.022630263865745046
de,25,20,1.2613142690686243,1.2651616818683689,0.0283707882907015,1.2998770439925167,1.2995912148530382,0.022535227236315278
de,26,20,1.354025110947334,1.3559055287782464,0.029640193158490334,1.0664771455451814,1.0709809920304645,0.022438835862262425
de,27,20,1.031189152040341,1.031657753911856,0.019014287498881788,1.1694033940908215,1.1680902276684058,0.03152864027010648
de,28,20,1.0939466745947306,1.0983957913354185,0.020859705894860345,0.8928776417291446,0.8934582995043072,0.012874847156471941
de,29,20,0.8973381231099662,0.9000575758969461,0.01705814517919388,0.9291165675563556,0.938004719525965,0.0181757602300525
de,30,20,1.2794887323048427,1.2752657454748895,0.029566887970523304,1.093434649545132,1.0965146691253875,0.02523395229358396
de,31,20,1.0378302668294002,1.035279797227782,0.015427220759453549,1.123362361254958,1.1244965833437757,0.020828671222284215
de,32,20,1.137070500779557,1.136726337539859,0.01924806513559482,1.1639125783822646,1.1648503001329995,0.02585367127937364
de,33,20,0.92315112727713,0.9183987707181662,0.014289676484856914,1.283283696912127,1.2758261066884766,0.03497489635069517
de,34,20,1.3161593050705087,1.3248979223742154,0.03298342111363042,0.9639065908556012,0.9713506732234711,0.01961219345391944
de,35,20,0.8707621526836644,0.8721287360852926,0.018509704416567803,1.0849617051318354,1.0788790444854057,0.018211374802317055
de,36,20,1.3032070870186117,1.3022840517173795,0.023970662824253704,1.3331324858747355,1.3184175245097418,0.03030516187264122
de,37,20,1.1912285346147362,1.187984349540597,0.022568551316295177,0.9864142615151604,0.9874549190148704,0.020158685323598793
de,38,20,1.013484472896081,1.0111996369831642,0.020958985085092245,1.0497005777085036,1.0519268154941541,0.028251958122615006
de,39,20,1.143533598889494,1.1430892875551242,0.023157894461109746,0.9100977520510763,0.9093575634608435,0.017534832903183736
de,40,20,0.812,0.8169755339613681,0.010805485142746724,0.812,0.8131018886520396,0.012628046376287255
de,41,20,1.388,1.3815789928483266,0.019322643968091472,1.388,1.3799338944703485,0.0274888328308496
de,42,20,0.812,0.8122038915270957,0.011174257217060673,1.388,1.3740478372101381,0.023253865456380942
de,43,20,1.388,1.379094939277861,0.023046442623848355,0.812,0.8128792813954776,0.010147490355342894
de,44,20,0.812,0.8120749079974899,0.011567744633594284,1.1,1.0998027986821006,0.026837889885869777
de,45,20,1.1,1.1067587958065586,0.015094370582392885,0.812,0.816272093803177,0.01303047073797877
de,46,20,1.1,1.0936749615209884,0.018913802438563644,1.388,1.370999047014161,0.026986691649974307
de,47,20,1.388,1.37516083495695,0.020282736232529543,1.1,1.095046239526952,0.027822683100927982
de,48,20,0.812,0.811240637188123,0.008641434846077106,0.956,0.9545529037409765,0.023680340174029403
de,49,20,0.812,0.81445974819192,0.010254685776669704,1.244,1.2560336090196036,0.027184619715461336
frozen_lm,0,20,1.0648782386914912,1.068923395872116,0.02316363636399445,1.1946631150026932,1.200692242383957,0.040927337288331034
frozen_lm,1,20,1.2072155452520588,1.2110008001327515,0.0235234601224795,1.1515674994692249,1.1563713192939757,0.03340871148979751
frozen_lm,2,20,0.9967794499964374,0.9961097836494446,0.016123016132858256,1.1919563685867856,1.192795604467392,0.03260639378782806
frozen_lm,3,20,0.850053017867962,0.8473481565713883,0.017908600578805486,0.8801078262088833,0.8841846853494644,0.019879286747072157
frozen_lm,4,20,1.1556139465144188,1.1554808020591736,0.019720837506046602,1.11125433107533,1.1177587926387786,0.020650332998599398
frozen_lm,5,20,1.363863368676646,1.3643573641777038,0.03331771714639198,1.2700101297816575,1.2757720351219177,0.027125392074013273
frozen_lm,6,20,1.341866090057117,1.354122406244278,0.025601934314130548,1.1370940994897871,1.137851071357727,0.023731251327072423
frozen_lm,7,20,0.8686774935794525,0.8694146603345871,0.013748814699687044,1.3545083251018275,1.3605452001094818,0.02099064407507501
frozen_lm,8,20,0.9535604116599266,0.9475582093000412,0.01803406468735998,0.8341274394115915,0.8362959325313568,0.016896235214617913
frozen_lm,9,20,0.9680984056765032,0.9691091895103454,0.017085220989172686,1.0233533430333046,1.0201615869998932,0.02027836544024658
frozen_lm,10,20,1.082101959631863,1.0846714079380035,0.0218076612560089,1.229654188837276,1.2366696000099182,0.0354089499611047
frozen_lm,11,20,0.9494614303705384,0.951733312010765,0.014765962863471545,1.2614628201322389,1.2674176335334777,0.03328947486441578
frozen_lm,12,20,1.2309928121829472,1.2284243762493134,0.0285267105353602,1.0441491412244692,1.0481195449829102,0.021757137223299763
frozen_lm,13,20,1.1089460432130065,1.1041497945785523,0.01767722135836339,1.244938015325941,1.2468130469322205,0.0260023838125717
frozen_lm,14,20,1.2367327786477442,1.2356412172317506,0.02506138846189433,0.9977597233549114,0.9913111239671707,0.01970171688826138
frozen_lm,15,20,0.9792677304786817,0.9763213902711868,0.015402852308862411,1.3028844292988406,1.2982295155525208,0.034337805788923266
frozen_lm,16,20,1.266492858178248,1.2609878361225129,0.019821842249182684,1.0151678658735035,1.009571596980095,0.019833049064330564
frozen_lm,17,20,1.1785263076628678,1.182368004322052,0.017151347235930647,1.3679316210589931,1.373556786775589,0.03232548655716728
frozen_lm,18,20,0.8428304202626524,0.8391141623258591,0.01292962652905054,1.3247103277776509,1.3112560331821441,0.0397541443871451
frozen_lm,19,20,1.2890807893513838,1.2953574895858764,0.02983283982283039,0.8589236751801437,0.8688337922096252,0.01770574083650578
frozen_lm,20,20,1.1203335042184923,1.1220096588134765,0.02011923509147534,1.2096886728526854,1.2142442047595978,0.024419169389002605
frozen_lm,21,20,0.9013492866909876,0.900484612584114,0.015002258841403505,0.8474175391631339,0.8422835677862167,0.020066347396332323
frozen_lm,22,20,0.926969613899664,0.930808374285698,0.018931654286414495,0.978377274432112,0.982979080080986,0.021057448281131923
frozen_lm,23,20,1.0463351209838954,1.0507034182548523,0.018910882900518847,0.923085761573486,0.9223097920417785,0.018060970601621297
frozen_lm,24,20,1.2125880683800834,1.2078593790531158,0.021990081667339956,0.9474981980852708,0.9483037829399109,0.022644899850291233
frozen_lm,25,20,1.2613142690686243,1.26501721739769,0.028505604459375406,1.2998770439925167,1.299548625946045,0.022580131987524173
frozen_lm,26,20,1.354025110947334,1.355817824602127,0.029648103523912683,1.0664771455451814,1.0708868831396103,0.022617713259829943
frozen_lm,27,20,1.031189152040341,1.0315735965967179,0.019038112815478885,1.1694033940908215,1.1680895030498504,0.031743603526509
frozen_lm,28,20,1.0939466745947306,1.0982751309871674,0.02070373113153734,0.8928776417291446,0.8934199541807175,0.012696362867776775
frozen_lm,29,20,0.8973381231099662,0.9000515669584275,0.017058080420664996,0.9291165675563556,0.93798768222332,0.01816016232285038
frozen_lm,30,20,1.2794887323048427,1.2751521825790406,0.02952349278477776,1.093434649545132,1.096413016319275,0.025300264725627974
frozen_lm,31,20,1.0378302668294002,1.035198599100113,0.0153747890995435,1.123362361254958,1.1243989050388337,0.020833586352782024
frozen_lm,32,20,1.137070500779557,1.136566960811615,0.01926738368581807,1.1639125783822646,1.1648199141025544,0.026050130588812677
frozen_lm,33,20,0.92315112727713,0.9184327870607376,0.014294054350631732,1.283283696912127,1.2759632468223572,0.035017156049234964
frozen_lm,34,20,1.3161593050705087,1.3247701704502106,0.0326842291738436,0.9639065908556012,0.9712020754814148,0.019450760694174306
frozen_lm,35,20,0.8707621526836644,0.872161078453064,0.01858174460438855,1.0849617051318354,1.078744786977768,0.018195879709380264
frozen_lm,36,20,1.3032070870186117,1.302095115184784,0.023828771483154494,1.3331324858747355,1.3182340621948243,0.030119725417079843
frozen_lm,37,20,1.1912285346147362,1.1878224968910218,0.02238993530590851,0.9864142615151604,0.987267792224884,0.020069582860075215
frozen_lm,38,20,1.013484472896081,1.0110862106084824,0.021033407790958622,1.0497005777085036,1.0517349272966385,0.028485855385088753
frozen_lm,39,20,1.143533598889494,1.1429635643959046,0.02315269362797943,0.9100977520510763,0.9092893749475479,0.017502460280684296
frozen_lm,40,20,0.812,0.8167999356985092,0.010787794515692709,0.812,0.8132427215576172,0.012790863774211389
frozen_lm,41,20,1.388,1.3817762017250061,0.019126653418488758,1.388,1.3796775579452514,0.027591520879825766
frozen_lm,42,20,0.812,0.8120884478092194,0.011159564871898394,1.388,1.3737318217754364,0.02337685915176977
frozen_lm,43,20,1.388,1.3788789808750153,0.02315550935794798,0.812,0.8129252463579177,0.010156469462775722
frozen_lm,44,20,0.812,0.8121516317129135,0.011534330898828287,1.1,1.0996930181980134,0.026860701520721123
frozen_lm,45,20,1.1,1.1066753566265106,0.015045026341888108,0.812,0.8162670731544495,0.012954310350005027
frozen_lm,46,20,1.1,1.0938549399375916,0.019144927135834638,1.388,1.3709321975708009,0.026863635408990685
frozen_lm,47,20,1.388,1.3750382602214812,0.020450179790509282,1.1,1.094976532459259,0.028106933551129046
frozen_lm,48,20,0.812,0.81118503510952,0.008711940122875897,0.956,0.9544463515281677,0.023799258119106943
frozen_lm,49,20,0.812,0.8145000070333481,0.01017587102231741,1.244,1.2561821579933166,0.027249180553182716
lm,0,20,1.0648782386914912,1.0690281854244528,0.023109811926998212,1.1946631150026932,1.2006604686883766,0.04091862053856366
lm,1,20,1.2072155452520588,1.2111465382447206,0.023490659463827338,1.1515674994692249,1.1563923448012898,0.03336122927121148
lm,2,20,0.9967794499964374,0.9961600519376589,0.015999361446088736,1.1919563685867856,1.192774446804305,0.032470892339464937
lm,3,20,0.850053017867962,0.8473471148316156,0.01789295651458672,0.8801078262088833,0.8840864238115621,0.019835611663850596
lm,4,20,1.1556139465144188,1.155660455748145,0.01974624731778184,1.11125433107533,1.1178491927885434,0.020178319076519225
lm,5,20,1.363863368676646,1.3643634438232588,0.03330685272380266,1.2700101297816575,1.275657885973726,0.027551969009608067
lm,6,20,1.341866090057117,1.3541594649930258,0.025517193132608654,1.1370940994897871,1.1378738369184813,0.02379988096091868
lm,7,20,0.8686774935794525,0.8693874894751554,0.013766792899792742,1.3545083251018275,1.3603263549919693,0.02101664886321074
lm,8,20,0.9535604116599266,0.9475120993914679,0.017988945810733823,0.8341274394115915,0.8362035354794572,0.016860006974759596
lm,9,20,0.9680984056765032,0.9691797528106612,0.017182339456590482,1.0233533430333046,1.0203215424876526,0.0201606045264316
lm,10,20,1.082101959631863,1.0847975246434765,0.021827126791351823,1.229654188837276,1.23659539230217,0.03536633671989003
lm,11,20,0.9494614303705384,0.9516968502613052,0.014743923841339348,1.2614628201322389,1.2671993385726117,0.03301345342383471
lm,12,20,1.2309928121829472,1.2285095780840452,0.028459660569182303,1.0441491412244692,1.0482305504610032,0.02168173838018347
lm,13,20,1.1089460432130065,1.1042390863002445,0.017753864847361144,1.244938015325941,1.2466181029277306,0.025961743124210422
lm,14,20,1.2367327786477442,1.2357728850283105,0.02519844473817732,0.9977597233549114,0.991457292709149,0.01961917049628221
lm,15,20,0.9792677304786817,0.9763147825059916,0.015404284225589407,1.3028844292988406,1.2979752899785861,0.034086658444763565
lm,16,20,1.266492858178248,1.2610804727700597,0.019722599227283026,1.0151678658735035,1.0097022190140872,0.01984396503957242
lm,17,20,1.1785263076628678,1.1822900754354264,0.017139978801254112,1.3679316210589931,1.3735820059340162,0.032504444092224985
lm,18,20,0.8428304202626524,0.839071840109861,0.012958487299669143,1.3247103277776509,1.3110912165153812,0.040002610936653575
lm,19,20,1.2890807893513838,1.2953818627464886,0.02988171859721382,0.8589236751801437,0.8688862141705884,0.01783046975837029
lm,20,20,1.1203335042184923,1.122155593649266,0.01998264676808091,1.2096886728526854,1.2141915287108336,0.024517476697590346
lm,21,20,0.9013492866909876,0.9004460999726909,0.014930147112086211,0.8474175391631339,0.8421779681930287,0.01998907748219532
lm,22,20,0.926969613899664,0.9308617213711512,0.018929100897883345,0.978377274432112,0.9831254995376479,0.021111485730231267
lm,23,20,1.0463351209838954,1.0508205231074403,0.018882772732036666,0.923085761573486,0.922395775423299,0.018156253353624377
lm,24,20,1.2125880683800834,1.207977893314103,0.02216645722150846,0.9474981980852708,0.9483905281423469,0.022634682434524656
lm,25,20,1.2613142690686243,1.2651511587144053,0.02837926825133652,1.2998770439925167,1.2995931500577667,0.022535767400431936
lm,26,20,1.354025110947334,1.3559010418917405,0.02964798025072294,1.0664771455451814,1.0709720578774073,0.022444087916411854
lm,27,20,1.031189152040341,1.0316582479118217,0.01901114285626073,1.1694033940908215,1.1680906340790291,0.031523619243286054
lm,28,20,1.0939466745947306,1.0983986789216567,0.02085785216155268,0.8928776417291446,0.8934582194571995,0.012869428898227392
lm,29,20,0.8973381231099662,0.9000576349837693,0.017056848855912538,0.9291165675563556,0.9379992028822548,0.018179243503198658
lm,30,20,1.2794887323048427,1.275273035148936,0.029577097753003167,1.093434649545132,1.0965201439981787,0.025237381875604
lm,31,20,1.0378302668294002,1.0352740869615056,0.015430213753198703,1.123362361254958,1.1244944688431633,0.02083412866467429
lm,32,20,1.137070500779557,1.136730820788134,0.019237889439756396,1.1639125783822646,1.1648576084507885,0.02584237649001662
lm,33,20,0.92315112727713,0.9183949161589592,0.014287029900821332,1.283283696912127,1.275816744894429,0.03497657666833161
lm,34,20,1.3161593050705087,1.3248887223942956,0.03297171401262899,0.9639065908556012,0.9713501057378495,0.019601763398552147
lm,35,20,0.8707621526836644,0.8721301454848615,0.0185128775952737,1.0849617051318354,1.0788708090061978,0.01821400735863422
lm,36,20,1.3032070870186117,1.3022841439573605,0.023980475871672978,1.3331324858747355,1.318409292820844,0.030308131342341747
lm,37,20,1.1912285346147362,1.187976120079959,0.022577229412277387,0.9864142615151604,0.9874549755012538,0.02016228317459248
lm,38,20,1.013484472896081,1.011194035364735,0.02096449158660676,1.0497005777085036,1.0519204059132166,0.02824573084770735
lm,39,20,1.143533598889494,1.1430840541554645,0.023153964027705535,0.9100977520510763,0.9093558031265225,0.0175309010759173
lm,40,20,0.812,0.8169202000303082,0.010781404972842596,0.812,0.8131025723649492,0.012627150794541143
lm,41,20,1.388,1.3817788660609889,0.019136552550985172,1.388,1.3799842018701451,0.027468441819666903
lm,42,20,0.812,0.8122448708757902,0.011191936836707309,1.388,1.3739529725146065,0.023367543926467525
lm,43,20,1.388,1.3790368880635182,0.023036386436549337,0.812,0.8129701840382824,0.010149432093175134
lm,44,20,0.812,0.8120765670146154,0.011568606788532788,1.1,1.0997500473862534,0.026849078268101192
lm,45,20,1.1,1.1067165649281885,0.015089701834815028,0.812,0.8162743417902636,0.013028742894543236
lm,46,20,1.1,1.093750613561126,0.018943381925246482,1.388,1.3710203934627705,0.026980491249779096
lm,47,20,1.388,1.3751531656188323,0.020304264002850736,1.1,1.0950535793627347,0.02781751063459361
lm,48,20,0.812,0.8112393210049081,0.00864243302259092,0.956,0.9544661200189507,0.02378473768642615
lm,49,20,0.812,0.8144613377843664,0.010259377020507996,1.244,1.2559742253750554,0.027224377597206313
