model_type,method,query_count,timing_repeats,cache_mean_seconds,cache_sample_sd_seconds,first_query_mean_seconds,first_query_sample_sd_seconds,steady_mean_seconds,steady_sample_sd_seconds,mean_seconds_per_query,speedup_over_pfdeonet,cache_plus_steady_mean_seconds,cache_plus_steady_sample_sd_seconds,cache_plus_steady_time_ratio_to_pfdeonet
single_branch_deeponet,JI-DeepONet,1,10,0.0022790375165641307,0.0008038407026602908,0.007036109920591116,0.0010482388075088603,0.004909092187881469,0.000729257269903161,0.004909092187881469,1.248913005555617,0.0071881297044456005,0.0011066913323167134,0.5392684567797237
single_branch_deeponet,JI-DeepONet,10,10,0.0024467726703733205,0.000653056953840114,0.007673111837357282,0.0012251201979624083,0.05013431617990136,0.002153045276853578,0.005013431617990136,1.2522786743543817,0.05258108885027468,0.0022629903786333325,1.0727754432981635
single_branch_deeponet,JI-DeepONet,100,10,0.0027983184903860093,0.0012929083873068792,0.007947075506672263,0.0017010150835128665,0.5112815228290856,0.047620090992134226,0.0051128152282908556,1.190658799421164,0.5140798413194716,0.047249639118182404,1.1703025030675451
single_branch_deeponet,JI-DeepONet,1000,10,0.0023664274252951146,0.0007171291241350494,0.007531585963442921,0.0015497926684405854,5.250446791388095,0.2874675818564334,0.005250446791388095,1.2123538331603259,5.252813218813389,0.2875093891184292,1.2100407127520154
single_branch_deeponet,JI-DeepONet,3000,10,0.002545907720923424,0.0009565390122957136,0.007538683852180839,0.0010487860756780145,15.457177715981379,0.9923094535809901,0.005152392571993793,1.2332470024526259,15.459723623702303,0.9930342425930261,1.2324526405752836
single_branch_deeponet,JI-DeepONet,10000,10,0.0022876234725117683,0.0007827753178001453,0.007099877530708909,0.0010673298783017674,51.9452875294257,2.6024665352320215,0.00519452875294257,1.20123153246508,51.94757515289821,2.602399837205267,1.2010350554045655
single_branch_deeponet,JI-DeepONet,100000,10,0.002206014655530453,0.0003517186475447305,0.007389745954424143,0.0008804219228275588,528.6541243023239,16.689511685430727,0.005286541243023239,1.2371659518285845,528.6563303169794,16.689420754517904,1.237140727074207
four_branch_mionet,RP-MIONet,1,10,0.002507229708135128,0.0006412657965742747,0.023158794036135077,0.007511667064715889,0.017175284400582313,0.0015127810683324514,0.017175284400582313,4.36953213365112,0.019682514108717443,0.0014994933293495099,1.4766231892544617
four_branch_mionet,RP-MIONet,10,10,0.0022022759076207876,0.00026614454771885096,0.01799967046827078,0.001040722044748127,0.15774724800139667,0.011265045202355385,0.015774724800139667,3.940285410523566,0.15994952390901745,0.01138495833237074,3.263339066739962
four_branch_mionet,RP-MIONet,100,10,0.0022093918640166523,0.00022188382609669184,0.019601223384961487,0.0015101553398624457,1.7365453856065869,0.10777491392421021,0.01736545385606587,4.044020665025837,1.7387547774706036,0.10783597380946461,3.958274386079153
four_branch_mionet,RP-MIONet,1000,10,0.0020899301860481502,0.00020129356926639646,0.01880959435366094,0.0017091261559545377,17.18330568894744,0.7061868201381465,0.01718330568894744,3.9677092914322256,17.185395619133487,0.7061317196856126,3.9588364363352038
four_branch_mionet,RP-MIONet,3000,10,0.0024633373133838175,0.0007269252395453625,0.019198705069720746,0.001559290338838237,49.637474997201934,1.5492910968733196,0.016545824999067312,3.9603133492037927,49.63993833451532,1.5490554897405127,3.957307036496459
four_branch_mionet,RP-MIONet,10000,10,0.0023385203909128903,0.0010346211532552463,0.018946763360872865,0.0027144398265292516,170.98466096934862,5.780858550119846,0.017098466096934863,3.9540096145946504,170.98699948973953,5.78052150908579,3.9532428568836173
four_branch_mionet,RP-MIONet,100000,10,0.0021640264429152014,0.0006138794264980774,0.018789394339546562,0.0018418916549095689,1727.059065790614,22.507796270103093,0.01727059065790614,4.041694890421644,1727.061229817057,22.50774469061427,4.041600682765766
separate_parameter_shared,PFDEONet,1,10,0.009398716920986771,0.0014527126714549794,0.013396451342850923,0.0014784515655088483,0.003930691862478852,0.00037814760528788336,0.003930691862478852,1.0,0.013329408783465623,0.0013969251267658812,1.0
separate_parameter_shared,PFDEONet,10,10,0.008979595778509975,0.0007636919018650284,0.01270455657504499,0.0008701375881230493,0.040034472523257134,0.004289400637083488,0.0040034472523257135,1.0,0.04901406830176711,0.0044556792560044856,1.0
separate_parameter_shared,PFDEONet,100,10,0.009860295196995139,0.002441172983918914,0.014000321831554174,0.0030140956202074835,0.42941061123274266,0.039494904882816984,0.004294106112327427,1.0,0.4392709064297378,0.04040209752110764,1.0
separate_parameter_shared,PFDEONet,1000,10,0.010234416229650378,0.0021615538343659276,0.014594121975824237,0.002937075649595354,4.330787471262738,0.3248915351122157,0.004330787471262738,1.0,4.3410218874923885,0.32460762472412447,1.0
separate_parameter_shared,PFDEONet,3000,10,0.010144179128110409,0.0018464543192392175,0.01411235104314983,0.002221510693868816,12.533724132506176,0.6761405914992539,0.004177908044168725,1.0,12.543868311634288,0.6768613300798461,1.0
separate_parameter_shared,PFDEONet,10000,10,0.008978881733492016,0.0012567106638660438,0.012974873278290033,0.0016978750273803508,43.24335993980058,1.8025524326513396,0.0043243359939800574,1.0,43.25233882153407,1.8023770952522469,1.0
separate_parameter_shared,PFDEONet,100000,10,0.010495830653235316,0.003835767875821355,0.015563372615724802,0.007716680778711433,427.3105992942583,11.267368811165198,0.0042731059929425825,1.0,427.3210951249115,11.269304097942562,1.0
