system,method,training_seed,parameter_count,training_runtime_seconds,test_mse,test_relative_l2
Competition,JI-DeepONet,20261001,7562754,3375.427769356873,2.4785759065307785e-07,0.0005874564059433207
Competition,JI-DeepONet,20261002,7562754,4036.587616304867,1.262940859773671e-07,0.00041995830900006675
Competition,JI-DeepONet,20261003,7562754,3498.1517599760555,1.943800561650916e-07,0.0005326466210783395
Competition,JI-DeepONet,20261004,7562754,4023.184262285009,1.3792670655098242e-07,0.0004258271206066014
Competition,JI-DeepONet,20261005,7562754,3396.0602839249186,2.2936935164291508e-07,0.0005641284320241574
Competition,RP-MIONet,20261001,12159362,6548.414542435203,2.0688547101358017e-07,0.0005512663887160231
Competition,RP-MIONet,20261002,12159362,5482.528026721906,9.57130841159297e-08,0.00036566400860607427
Competition,RP-MIONet,20261003,12159362,5690.081519532017,1.0268910213685506e-07,0.00037422304073747386
Competition,RP-MIONet,20261004,12159362,5635.485583496746,1.1459001825732957e-07,0.00040979982881783606
Competition,RP-MIONet,20261005,12159362,5594.790195955895,9.382901276971243e-08,0.00037224244978891066
Competition,ParaFDEONet,20261001,16032514,5958.697780020069,7.451828124601264e-08,0.0003281704919315013
Competition,ParaFDEONet,20261002,16032514,5368.454164879862,8.326953600551968e-08,0.0003479129349392507
Competition,ParaFDEONet,20261003,16032514,6011.210988538805,1.0684551464404173e-07,0.00039155994542772914
Competition,ParaFDEONet,20261004,16032514,5778.23345365189,1.083086595774862e-07,0.0004006152468898847
Competition,ParaFDEONet,20261005,16032514,6021.082828667015,5.989139442723551e-08,0.00027324495891344595
Delayed SEI,JI-DeepONet,20260901,25453571,12059.076086945366,1.4212466910240038e-07,0.000683081256254496
Delayed SEI,JI-DeepONet,20260902,25453571,16284.022445089184,1.5022226854103057e-07,0.0007006029320355954
Delayed SEI,JI-DeepONet,20260903,25453571,12207.71110129077,1.590860988409808e-07,0.0007256399892299556
Delayed SEI,JI-DeepONet,20260904,25453571,16257.42642838182,1.645278387013542e-07,0.0007296718320957922
Delayed SEI,JI-DeepONet,20260905,25453571,12178.586162106134,1.583640017208559e-07,0.0007228353967019005
Delayed SEI,RP-MIONet,20260901,53806595,21459.522782051004,7.075838343396083e-08,0.0004803856155272375
Delayed SEI,RP-MIONet,20260902,53806595,23798.35164973233,7.22821478351451e-08,0.0004853965214982854
Delayed SEI,RP-MIONet,20260903,53806595,28796.08901000861,7.19271065781014e-08,0.00048726056056512475
Delayed SEI,RP-MIONet,20260904,53806595,22249.698641715106,6.810689282461958e-08,0.0004719214933709689
Delayed SEI,RP-MIONet,20260905,53806595,36820.40757503407,7.247056363598608e-08,0.0004898652815102518
Delayed SEI,ParaFDEONet,20260901,58793987,19636.108190439176,6.323890281987084e-08,0.000463020046377936
Delayed SEI,ParaFDEONet,20260902,58793987,20636.333795933053,6.462459923116295e-08,0.0004656036923994595
Delayed SEI,ParaFDEONet,20260903,58793987,18955.535879109055,6.417598908589936e-08,0.00046636069998657535
Delayed SEI,ParaFDEONet,20260904,58793987,19246.912082178984,6.462292558141734e-08,0.00046363872265365897
Delayed SEI,ParaFDEONet,20260905,58793987,18382.09076827718,6.6750875977152e-08,0.00047548563280017813
Four-patch Nicholson,JI-DeepONet,20260901,25924868,15155.834504132159,1.3418375649891106e-06,0.0006592809029237648
Four-patch Nicholson,JI-DeepONet,20260902,25924868,13072.353863379918,1.4423645260819784e-06,0.0006814214957192531
Four-patch Nicholson,JI-DeepONet,20260903,25924868,12898.197195596993,1.3164317352511883e-06,0.0006582112899231426
Four-patch Nicholson,JI-DeepONet,20260904,25924868,12897.295987703837,1.580745577323791e-06,0.0007115218181168858
Four-patch Nicholson,JI-DeepONet,20260905,25924868,13813.066399565898,1.4629420470731167e-06,0.0006892606718430615
Four-patch Nicholson,RP-MIONet,20260901,69635588,26459.741761550773,6.641605069088763e-07,0.0004641828792417293
Four-patch Nicholson,RP-MIONet,20260902,69635588,25700.24124056194,6.444448981256672e-07,0.00045256397489052395
Four-patch Nicholson,RP-MIONet,20260903,69635588,30369.072167764883,6.529122045935039e-07,0.0004548276400742415
Four-patch Nicholson,RP-MIONet,20260904,69635588,32140.239673025906,5.284750439501873e-07,0.00041343474279762995
Four-patch Nicholson,RP-MIONet,20260905,69635588,31096.153809266165,6.127454263674115e-07,0.00044149227522837593
Four-patch Nicholson,ParaFDEONet,20260901,74621444,20108.493622181006,4.181389406451942e-07,0.00037537317443723346
Four-patch Nicholson,ParaFDEONet,20260902,74621444,18863.849598912988,4.083464611706789e-07,0.0003716225674701445
Four-patch Nicholson,ParaFDEONet,20260903,74621444,18524.61166624492,3.8842654758021345e-07,0.00036255274152020665
Four-patch Nicholson,ParaFDEONet,20260904,74621444,20273.104404049926,3.945225413671619e-07,0.0003664724095434844
Four-patch Nicholson,ParaFDEONet,20260905,74621444,26113.94971898198,3.8490613447192687e-07,0.0003596005596240773
