model_type,method,training_seed,parameter_count,best_iteration,best_validation_mse,test_mse,test_relative_l2_mean,test_relative_l2_median,training_runtime_seconds,canonical_method,system,state_1_test_mse,state_1_relative_l2_mean,state_2_test_mse,state_2_relative_l2_mean,state_3_test_mse,state_3_relative_l2_mean,state_4_test_mse,state_4_relative_l2_mean
single_branch_deeponet,Single-Branch DeepONet,20261001,7562754,39500,2.534823927582591e-07,2.4785759065307785e-07,0.0005874564059433,0.0005277484096513,3375.427769356873,JI-DeepONet,Competition,,,,,,,,
single_branch_deeponet,Single-Branch DeepONet,20261002,7562754,40000,1.310115013821387e-07,1.262940859773671e-07,0.000419958309,0.0003768338710277,4036.587616304867,JI-DeepONet,Competition,,,,,,,,
single_branch_deeponet,Single-Branch DeepONet,20261003,7562754,40000,1.9784559089851837e-07,1.943800561650916e-07,0.0005326466210783,0.0004876744689456,3498.1517599760555,JI-DeepONet,Competition,,,,,,,,
single_branch_deeponet,Single-Branch DeepONet,20261004,7562754,39500,1.445477398493342e-07,1.3792670655098242e-07,0.0004258271206066,0.0003780743169563,4023.184262285009,JI-DeepONet,Competition,,,,,,,,
single_branch_deeponet,Single-Branch DeepONet,20261005,7562754,39500,2.31233714826166e-07,2.293693516429151e-07,0.0005641284320241,0.0005009161792003,3396.0602839249186,JI-DeepONet,Competition,,,,,,,,
two_branch_mionet,Two-Branch MIONet,20261001,12159362,40000,2.1038911117643127e-07,2.0688547101358017e-07,0.000551266388716,0.0005044474599204,6548.414542435203,RP-MIONet,Competition,,,,,,,,
two_branch_mionet,Two-Branch MIONet,20261002,12159362,40000,9.774596224778641e-08,9.57130841159297e-08,0.000365664008606,0.0003251064148286,5482.528026721906,RP-MIONet,Competition,,,,,,,,
two_branch_mionet,Two-Branch MIONet,20261003,12159362,40000,1.0260412721446005e-07,1.0268910213685507e-07,0.0003742230407374,0.0003351060609881,5690.081519532017,RP-MIONet,Competition,,,,,,,,
two_branch_mionet,Two-Branch MIONet,20261004,12159362,39500,1.1937812776876177e-07,1.1459001825732957e-07,0.0004097998288178,0.0003760683095845,5635.485583496746,RP-MIONet,Competition,,,,,,,,
two_branch_mionet,Two-Branch MIONet,20261005,12159362,40000,9.582820375612277e-08,9.382901276971245e-08,0.0003722424497889,0.0003441240582757,5594.790195955895,RP-MIONet,Competition,,,,,,,,
separate_parameter_shared,Separate-Parameter MIONet,20261001,16032514,39500,7.787328357961298e-08,7.451828124601265e-08,0.0003281704919315,0.0002973593823574,5958.697780020069,PFDEONet,Competition,,,,,,,,
separate_parameter_shared,Separate-Parameter MIONet,20261002,16032514,39500,8.616431767832427e-08,8.326953600551969e-08,0.0003479129349392,0.0003138743717655,5368.454164879862,PFDEONet,Competition,,,,,,,,
separate_parameter_shared,Separate-Parameter MIONet,20261003,16032514,40000,1.0877086626947263e-07,1.0684551464404173e-07,0.0003915599454277,0.0003573631784149,6011.210988538805,PFDEONet,Competition,,,,,,,,
separate_parameter_shared,Separate-Parameter MIONet,20261004,16032514,39500,1.1088232552460685e-07,1.083086595774862e-07,0.0004006152468898,0.0003722038947874,5778.23345365189,PFDEONet,Competition,,,,,,,,
separate_parameter_shared,Separate-Parameter MIONet,20261005,16032514,39500,5.711663044758146e-08,5.989139442723552e-08,0.0002732449589134,0.0002381131606344,6021.082828667015,PFDEONet,Competition,,,,,,,,
single_branch_deeponet,Single-Branch DeepONet,20260901,25924868,59500,1.2651192794497655e-06,1.3418375649891106e-06,0.0006592809029237,0.0005873622293166,15155.83450413216,JI-DeepONet,Nicholson,1.5455973179821902e-06,0.0006523750260082,1.2256133210426516e-06,0.0006105242721898,1.106470057768434e-06,0.0005897244711802,1.4896695631631664e-06,0.0006476010716075
single_branch_deeponet,Single-Branch DeepONet,20260902,25924868,59000,1.361455737809895e-06,1.4423645260819784e-06,0.0006814214957192,0.0006163435107106,13072.353863379918,JI-DeepONet,Nicholson,1.750659431354949e-06,0.0006823533980856,1.3329933264186675e-06,0.0006383861763089,1.1771148494466444e-06,0.0006108289079339,1.5086904971076524e-06,0.0006607033581994
single_branch_deeponet,Single-Branch DeepONet,20260903,25924868,59500,1.2862681415814852e-06,1.3164317352511885e-06,0.0006582112899231,0.0005937966404261,12898.197195596991,JI-DeepONet,Nicholson,1.4874495742793762e-06,0.0006500571665616,1.1977602189701628e-06,0.0006041182116658,1.1067108557323748e-06,0.0005994341145946,1.4738062920228391e-06,0.0006502692191441
single_branch_deeponet,Single-Branch DeepONet,20260904,25924868,59000,1.4932997154522964e-06,1.580745577323791e-06,0.0007115218181168,0.0006406550770124,12897.295987703836,JI-DeepONet,Nicholson,1.9239299244357943e-06,0.0007154989365382,1.4811303172434388e-06,0.0006576825251265,1.154845881077748e-06,0.0006161622369011,1.7630761865381837e-06,0.0006965427121286
single_branch_deeponet,Single-Branch DeepONet,20260905,25924868,60000,1.3971379377998905e-06,1.462942047073117e-06,0.000689260671843,0.0006149568922583,13813.066399565898,JI-DeepONet,Nicholson,1.7017968488227624e-06,0.0006867529445801,1.3830335492835002e-06,0.0006490438815617,1.129302384807094e-06,0.000603980839491,1.63763540537911e-06,0.0006759125629436
four_branch_mionet,Four-Branch MIONet,20260901,69635588,60000,6.477557930643656e-07,6.641605069088763e-07,0.0004641828792417,0.00041663523529,26459.741761550773,RP-MIONet,Nicholson,8.77119784735465e-07,0.0004733996354335,5.880727824614937e-07,0.000417310605761,4.892304485947411e-07,0.0003907440240543,7.022190118438058e-07,0.0004381151181622
four_branch_mionet,Four-Branch MIONet,20260902,69635588,59500,6.241422584140689e-07,6.444448981256672e-07,0.0004525639748905,0.0004032566765656,25700.24124056194,RP-MIONet,Nicholson,8.592058061929352e-07,0.0004606055836571,5.604924701300211e-07,0.0004028797529103,4.915757337119113e-07,0.0003906746748987,6.665055824678017e-07,0.000419996979536
four_branch_mionet,Four-Branch MIONet,20260903,69635588,59500,6.247064741576717e-07,6.529122045935039e-07,0.0004548276400742,0.0004071927304435,30369.072167764883,RP-MIONet,Nicholson,9.055200239087972e-07,0.0004652052765842,5.569150223720213e-07,0.0004054587626515,4.913230370752977e-07,0.0003951302933052,6.578907350178991e-07,0.0004192373923696
four_branch_mionet,Four-Branch MIONet,20260904,69635588,60000,5.089601816617813e-07,5.284750439501873e-07,0.0004134347427976,0.000367003300572,32140.239673025902,RP-MIONet,Nicholson,6.529022690552074e-07,0.000416377020614,4.613900266482601e-07,0.0003720677028244,3.6868388071717193e-07,0.0003446067687755,6.309239993801095e-07,0.0004038215279008
four_branch_mionet,Four-Branch MIONet,20260905,69635588,60000,5.948716953791245e-07,6.127454263674115e-07,0.0004414922752283,0.0003930108776583,31096.153809266165,RP-MIONet,Nicholson,7.16582994761756e-07,0.0004273689607074,5.688097250839875e-07,0.0004007749759463,4.432854201760768e-07,0.0003684304261582,7.223035654478259e-07,0.000430379119779
separate_parameter_shared,Separate-Parameter MIONet,20260901,74621444,59500,4.096909764392964e-07,4.181389406451942e-07,0.0003753731744372,0.0003394706517388,20108.49362218101,PFDEONet,Nicholson,4.538499513646939e-07,0.0003456703143785,3.6495423569660795e-07,0.0003311133585921,4.784680962522141e-07,0.0003957312378795,3.7528347926726074e-07,0.0003219823687503
separate_parameter_shared,Separate-Parameter MIONet,20260902,74621444,59500,4.04070506326147e-07,4.083464611706789e-07,0.0003716225674701,0.0003386568238072,18863.849598912988,PFDEONet,Nicholson,4.241297878415891e-07,0.0003347592173773,3.452007823711725e-07,0.0003231734772049,4.798827461584756e-07,0.0003966971249127,3.841725283114785e-07,0.0003231283961417
separate_parameter_shared,Separate-Parameter MIONet,20260903,74621444,59500,3.815169932678718e-07,3.8842654758021345e-07,0.0003625527415202,0.0003315904360403,18524.61166624492,PFDEONet,Nicholson,4.226951496644656e-07,0.0003347999810323,3.425826797901888e-07,0.0003198581153978,4.249715128957213e-07,0.0003751796533864,3.63456847970478e-07,0.0003176343059383
separate_parameter_shared,Separate-Parameter MIONet,20260904,74621444,59000,3.92822706032963e-07,3.945225413671619e-07,0.0003664724095434,0.0003375730066222,20273.10440404993,PFDEONet,Nicholson,4.200218269573646e-07,0.0003365939088575,3.419686701098333e-07,0.0003231500629052,4.484209382631683e-07,0.0003846609180752,3.676787301382817e-07,0.000320734517105
separate_parameter_shared,Separate-Parameter MIONet,20260905,74621444,60000,3.794120892400782e-07,3.849061344719269e-07,0.000359600559624,0.0003256323430621,26113.94971898198,PFDEONet,Nicholson,4.4217448002099746e-07,0.0003391517496928,3.337226592049077e-07,0.000319128000992,3.9433319148674827e-07,0.000361670468464,3.693942071750542e-07,0.0003193101088214
