system,method,seed_count,parameter_count,training_time_hours_mean,training_time_hours_sample_sd,test_mse_mean,test_mse_sample_sd,test_relative_l2_mean,test_relative_l2_sample_sd
Competition,JI-DeepONet,5,7562754,1.0183006495470956,0.09320969950654308,1.871655581978868e-07,5.395955107163777e-08,0.0005060033777304971,7.83501215968965e-05
Competition,RP-MIONet,5,12159362,1.6084055482300983,0.1196136212965073,1.2274133765868139e-07,4.7736831575601036e-08,0.0004146391433332636,7.829420147739796e-05
Competition,ParaFDEONet,5,16032514,1.6187599564309803,0.07627354438834326,8.656667718005914e-08,2.092576606669475e-08,0.00034830071562036235,5.159194229708854e-05
Delayed SEI,JI-DeepONet,5,25453571,3.8326012346562925,0.6273791179734903,1.5486497538132438e-07,8.765017498751447e-09,0.0007123662812635479,1.9882560610280956e-05
Delayed SEI,RP-MIONet,5,53806595,7.395781647696729,1.7703584368576455,7.11090188615626e-08,1.8052014581585452e-09,0.00048296589449437367,7.081494920021873e-06
Delayed SEI,ParaFDEONet,5,58793987,5.380943373107636,0.23394846573979208,6.46826585391005e-08,1.2870127031373438e-09,0.0004668217588435616,5.033480657693888e-06
Four-patch Nicholson,JI-DeepONet,5,25924868,3.768708219465489,0.2680742149228895,1.428864290143837e-06,1.0562457760152345e-07,0.0006799392357052216,2.2279004238458242e-05
Four-patch Nicholson,RP-MIONet,5,69635588,8.098080480676092,0.8021174482568326,6.205476159891291e-07,5.4906428649523525e-08,0.00044530030244650006,1.955759295711292e-05
Four-patch Nicholson,ParaFDEONet,5,74621444,5.77133383390949,0.8552357956585356,3.9886812504703505e-07,1.4000455419600206e-08,0.0003671242905190292,6.446105744158841e-06
