system,method_key,method,noise_standard_deviation,panel_count,failure_count,boundary_count,parameter_nrmse_panel_mean_mean,parameter_nrmse_panel_mean_sd,trajectory_relative_l2_panel_mean_mean,trajectory_relative_l2_panel_mean_sd,warm_online_seconds_panel_median_mean,warm_online_seconds_panel_median_sd,absolute_error_r1_panel_mean_mean,absolute_error_r1_panel_mean_sd,absolute_error_r2_panel_mean_mean,absolute_error_r2_panel_mean_sd,relative_time,absolute_error_b_panel_mean_mean,absolute_error_b_panel_mean_sd,absolute_error_a_panel_mean_mean,absolute_error_a_panel_mean_sd,absolute_error_beta_panel_mean_mean,absolute_error_beta_panel_mean_sd,absolute_error_tau0_panel_mean_mean,absolute_error_tau0_panel_mean_sd
competition,de,Direct DE,0.005,20,0,8,0.008587099853001672,0.0005954446114549083,0.001299804982714511,7.523828130426933e-05,37.3134218661231,0.3793738301132562,0.004189383303478884,0.0004932085221281287,0.005105734312697718,0.0005190064342434009,382.8039050732098,,,,,,,,
competition,de,Direct DE,0.01,20,0,33,0.016924798477448193,0.0010892156863981416,0.002576570351107279,0.00014282681376865387,37.298342181823685,0.3899773133422397,0.008298514873137649,0.0009455393241678777,0.01004255040909404,0.0009888363811652306,377.0732311906293,,,,,,,,
competition,de,Direct DE,0.02,20,0,75,0.0330145360024673,0.002052242969718835,0.005055097698961451,0.00027682298420294237,37.30107213525334,0.3892207471074043,0.01627050538195141,0.00185062924965154,0.019494975701054417,0.001894264051197952,368.2421140665754,,,,,,,,
competition,de,Direct DE,0.05,20,0,165,0.07827964908417742,0.004298950570267389,0.012105307343267663,0.0006817375083034783,37.30858698203228,0.39254911860026576,0.03843079700856324,0.004206508048015866,0.04614234684053052,0.004222722060280428,363.0137903308752,,,,,,,,
competition,frozen_lm,Frozen LM,0.005,20,0,6,0.008610848087949713,0.0006470579934508814,0.0013047011794145896,7.835025046649034e-05,0.09747398438630621,0.006022831162183982,0.004191052534534571,0.0004976414471722284,0.005118675926657661,0.0005640241327835313,1.0,,,,,,,,
competition,frozen_lm,Frozen LM,0.01,20,0,34,0.01694923930665499,0.0011333272043161837,0.0025798678323769794,0.00014452130983112614,0.09891538061201569,0.007657702134367818,0.008295759364095092,0.0009524786626431898,0.010059149396581164,0.0010199736817721216,1.0,,,,,,,,
competition,frozen_lm,Frozen LM,0.02,20,0,76,0.03304237852425189,0.0021073730666908014,0.005056451941997819,0.0002811292457729815,0.10129496521549294,0.008366843584731835,0.01626738857282698,0.0018605515771666905,0.01951810119793533,0.001922493886125668,1.0,,,,,,,,
competition,frozen_lm,Frozen LM,0.05,20,0,165,0.07831742474658025,0.004383935252362738,0.012106233941106045,0.0006834195014831286,0.10277457213960584,0.006489898375832687,0.0384216486007414,0.004218356224557246,0.04618201027545023,0.0042600184770539675,1.0,,,,,,,,
competition,lm,Direct LM,0.005,20,0,8,0.008587005730287027,0.0005969004414699153,0.0012996298981231185,7.524614071654886e-05,8.145838210638612,0.534595810329948,0.0041885948777973915,0.0004932985764366982,0.005106328200273863,0.000519886061809894,83.56935711538425,,,,,,,,
competition,lm,Direct LM,0.01,20,0,33,0.016924850250562624,0.0010904544717338512,0.0025763835276983223,0.00014299688594442077,8.499838737770915,0.5139302263658433,0.008297545641500476,0.0009451366943974703,0.010043662615932852,0.0009894274047688829,85.93040521282089,,,,,,,,
competition,lm,Direct LM,0.02,20,0,75,0.03301904844310499,0.0020531523704842925,0.005054848916452652,0.00027704295937900454,8.780681798013394,0.3594209116580969,0.016271080385367627,0.0018495625617665692,0.01950162524307087,0.0018952159649311157,86.68428662109258,,,,,,,,
competition,lm,Direct LM,0.05,20,0,165,0.07830790835276252,0.004320945872838396,0.012105729288384676,0.000683758127627549,9.004756015271415,0.5302995176880742,0.03842786002711043,0.004201018798355406,0.046175002261263795,0.004238595226148812,87.61657507111418,,,,,,,,
sei,de,Direct DE,0.005,20,0,21,0.012268511516307494,0.0014451661024600688,0.0005572342503536978,4.0272926550918445e-05,100.36836664241272,1.3368655090849222,,,,,790.3100592022525,0.001232435783615871,0.0001551572230343949,0.025511047493863136,0.003010469288408575,,,,
sei,de,Direct DE,0.01,20,0,49,0.02397933441579511,0.0028044130834370597,0.0011031644390449217,7.692556562362659e-05,100.34928597031394,1.3187015322515343,,,,,796.2694752592568,0.0024135276405984184,0.0002954661786950195,0.04985509281476239,0.005847447110580038,,,,
sei,de,Direct DE,0.02,20,0,89,0.04621147391055545,0.005279408950979972,0.002174992797613016,0.00014785895201977433,100.40142240384594,1.3416701183143585,,,,,775.785401569383,0.00468072734797906,0.0005530605025382615,0.09603777857342069,0.011014155537927619,,,,
sei,de,Direct DE,0.05,20,0,215,0.10170251694898316,0.012120896798149133,0.005172047192406822,0.00038009234713084355,100.36844038761919,1.3788320461747003,,,,,750.9356885499643,0.010508425960207103,0.001252310399071566,0.21104364114240157,0.025306568579962652,,,,
sei,frozen_lm,Frozen LM,0.005,20,0,22,0.012857846984916326,0.0014985885983946781,0.000591443369960007,4.488948121337412e-05,0.12699872091179712,0.009653210359816984,,,,,1.0,0.0012982978627823062,0.0001602230321974643,0.02671286166357511,0.0031426925440120367,,,,
sei,frozen_lm,Frozen LM,0.01,20,0,48,0.02427913580130104,0.0026676228608477895,0.0011228207283734202,7.530217982089417e-05,0.12602427832316604,0.007515090129367776,,,,,1.0,0.0024442784084692357,0.00028512612574769174,0.05045706398246297,0.0055901184604765205,,,,
sei,frozen_lm,Frozen LM,0.02,20,0,89,0.04635769112733137,0.005151617634492263,0.0021866742590125384,0.0001471725204167057,0.12941906640771772,0.00884957524889128,,,,,1.0,0.00470210205600051,0.0005400621326500624,0.0963278710155223,0.010774208586659565,,,,
sei,frozen_lm,Frozen LM,0.05,20,0,215,0.10181997615012098,0.01213333938024644,0.005179633950532129,0.0003779452721013822,0.13365783770568665,0.007540777558492611,,,,,1.0,0.010528030203845188,0.0012542586572329181,0.21127190565565585,0.02534901677701157,,,,
sei,lm,Direct LM,0.005,20,0,21,0.012268441921498814,0.0014434894075424122,0.0005572228872090326,4.026381265364253e-05,19.197134626319166,1.332071894200733,,,,,151.1600627824584,0.0012325525679223875,0.00015495058762585856,0.02551061112866983,0.003007356616102723,,,,
sei,lm,Direct LM,0.01,20,0,49,0.023980509566522184,0.0028067824300324114,0.0011032832786422478,7.683429154212172e-05,19.112029371841345,1.3123368282444168,,,,,151.65355141199117,0.0024143515640169316,0.00029562102124635324,0.04985711362076249,0.0058525541349359255,,,,
sei,lm,Direct LM,0.02,20,0,89,0.04622084383514191,0.00527693896452162,0.0021754814906872677,0.00014785414317929172,18.587046211201233,1.4595532208259068,,,,,143.61907195841758,0.004683648966648179,0.0005529873812552424,0.09605592479499786,0.011008915332980028,,,,
sei,lm,Direct LM,0.05,20,0,216,0.1017241795925559,0.01212535434097878,0.005171830349702146,0.00037956544320719566,17.39131104889093,1.8056456715426317,,,,,130.11815354357626,0.010516929419993725,0.00125413223659071,0.21108008796295924,0.025317860321946002,,,,
nicholson,de,Direct DE,0.005,20,0,43,0.027440692130665977,0.007760364957062894,0.00046982278332383516,4.951551668910481e-05,59.564309631951616,0.7473248676930017,,,,,520.6273500835899,,,,,0.0022425579776153876,0.0002557558138481854,0.023260068640256266,0.006584692023780606
nicholson,de,Direct DE,0.01,20,0,85,0.053068899519852906,0.014615802255228101,0.0009271812995843298,8.985224058747937e-05,59.57691636593081,0.7576641299803131,,,,,499.21403958903755,,,,,0.004482014528606911,0.0005110325110688552,0.0449820278379157,0.012403245902231614
nicholson,de,Direct DE,0.02,20,0,155,0.09485285475743058,0.022653067698800357,0.0017985496830114675,0.00019321977849219994,59.571126691659444,0.7670736964012711,,,,,452.7679822305621,,,,,0.008943419533552105,0.0010038286756084167,0.08038539757277155,0.01922238136133537
nicholson,de,Direct DE,0.05,20,0,299,0.1683451423589885,0.02172383784668294,0.00412617544906038,0.0004113945557197953,59.56009724150645,0.7484383823666798,,,,,361.75371109638553,,,,,0.022210461868721915,0.002342512532652588,0.1425669688416451,0.018425986658253714
nicholson,frozen_lm,Frozen LM,0.005,20,0,37,0.027868865468429267,0.007324432614236876,0.0004828084137935702,5.2099163004395535e-05,0.11440872175153341,0.007881051836049358,,,,,1.0,,,,,0.002317489116483088,0.0002892692813261886,0.02361938437793937,0.006218612946786949
nicholson,frozen_lm,Frozen LM,0.01,20,0,82,0.05303653338814453,0.015023859374509618,0.0009358946472079469,9.634041742018086e-05,0.1193414280074648,0.008877482487721643,,,,,1.0,,,,,0.004534274802956584,0.0005020468523473025,0.04495344780083418,0.012753207348105573
nicholson,frozen_lm,Frozen LM,0.02,20,0,162,0.09433666712701334,0.020317566890209547,0.0018065055539174737,0.00019891616857729068,0.13157097902148956,0.01016461490256281,,,,,1.0,,,,,0.008987071458163033,0.000983372870370106,0.07994221141336977,0.017249712745386503
nicholson,frozen_lm,Frozen LM,0.05,20,0,307,0.1668564181215311,0.020464289416813893,0.004114421223131811,0.0004133077748040968,0.16464267100673163,0.017171116392653916,,,,,1.0,,,,,0.02229547360636387,0.0023325039171535173,0.14130346233908642,0.017397920625812083
nicholson,lm,Direct LM,0.005,20,0,43,0.027422412420802927,0.007742105691441022,0.0004698007505772999,4.952425651700009e-05,13.923935038235504,0.6096113369524134,,,,,121.70344030654186,,,,,0.0022431832553225436,0.00025596841225661966,0.023244276445404246,0.006568742156248837
nicholson,lm,Direct LM,0.01,20,0,87,0.05285195926436749,0.014016350466001512,0.0009267897248498204,8.994293807330035e-05,14.897009411128238,0.9268424714615195,,,,,124.82680708493307,,,,,0.0044819551610234595,0.000510331367393418,0.04479753493734438,0.011894777290594799
nicholson,lm,Direct LM,0.02,20,0,153,0.0945119151503357,0.021779647280675597,0.001798591567627772,0.0001927810576538195,15.700297888973727,0.7611085618148679,,,,,119.3294904829232,,,,,0.008950180451845837,0.0010043806115630947,0.08009576307336605,0.018480630256182386
nicholson,lm,Direct LM,0.05,20,0,303,0.16940234356232634,0.022577148398591762,0.004124099099496044,0.00040718732342630976,18.73781185731059,1.8404841299011327,,,,,113.80896424198845,,,,,0.022218093275198962,0.002339589024621699,0.14346616287019637,0.01915629239322041
