time,reference_state_1,frozen_lm_state_1,lm_state_1,de_state_1,observation_state_1,reference_state_2,frozen_lm_state_2,lm_state_2,de_state_2,observation_state_2,reference_state_3,frozen_lm_state_3,lm_state_3,de_state_3,observation_state_3,reference_state_4,frozen_lm_state_4,lm_state_4,de_state_4,observation_state_4
0.0,1.0284929275512695,1.0284929,1.0284929,1.0284929,1.0308981615304946,1.4932148456573486,1.4932148,1.4932148,1.4932148,1.4879593080282212,1.3867840766906738,1.3867841,1.3867841,1.3867841,1.391136795580387,0.9355476498603821,0.93554765,0.93554765,0.93554765,0.944262701869011
0.0375,1.0574344396591187,1.0574831,1.0574824,1.0574841,,1.5041404962539673,1.5041099,1.5041091,1.504111,,1.3988237380981445,1.3988764,1.3988757,1.3988775,,0.9694974422454834,0.96950406,0.96950334,0.9695052,
0.075,1.0851304531097412,1.0852127,1.0852114,1.0852149,,1.5147345066070557,1.5146779,1.5146766,1.5146801,,1.4102860689163208,1.4104023,1.410401,1.4104044,,1.00205397605896,1.0020672,1.0020659,1.0020694,
0.11249999999999999,1.1116646528244019,1.111763,1.1117611,1.1117662,,1.5249989032745361,1.5249207,1.5249187,1.5249239,,1.421161413192749,1.4213507,1.4213488,1.4213538,,1.0332725048065186,1.0332915,1.0332894,1.0332947,
0.15,1.137123942375183,1.137219,1.1372163,1.1372231,,1.5349353551864624,1.5348399,1.5348371,1.5348442,,1.4314417839050293,1.4317126,1.4317101,1.4317167,,1.063208818435669,1.0632317,1.0632291,1.0632359,
0.1875,1.1615954637527466,1.1616672,1.1616641,1.1616724,,1.5445448160171509,1.5444366,1.5444332,1.5444418,,1.4411228895187378,1.4414818,1.4414786,1.4414867,,1.0919190645217896,1.0919428,1.0919396,1.0919479,
0.22499999999999998,1.1851649284362793,1.1851939,1.1851902,1.1852,,1.5538281202316284,1.5537115,1.5537077,1.5537177,,1.4502040147781372,1.4506555,1.4506518,1.4506613,,1.1194589138031006,1.1194799,1.1194761,1.119486,
0.2625,1.2079136371612549,1.2078822,1.2078779,1.2078891,,1.562784194946289,1.5626645,1.56266,1.5626715,,1.4586901664733887,1.4592359,1.4592317,1.4592426,,1.1458845138549805,1.1458982,1.1458938,1.1459053,
0.3,1.2299163341522217,1.2298092,1.2298044,1.2298169,,1.5714111328125,1.5712936,1.5712887,1.5713016,,1.4665918350219727,1.4672312,1.4672264,1.4672385,,1.171251654624939,1.1712531,1.1712482,1.171261,
0.33749999999999997,1.2512396574020386,1.2510448,1.2510394,1.2510533,,1.5797051191329956,1.5795958,1.5795902,1.5796045,,1.4739261865615845,1.4746548,1.4746497,1.474663,,1.195615530014038,1.1955991,1.1955937,1.1956078,
0.375,1.2719396352767944,1.2716492,1.2716434,1.2716587,,1.587660551071167,1.5875658,1.5875598,1.5875754,,1.480717658996582,1.4815285,1.4815229,1.4815375,,1.2190301418304443,1.2189904,1.2189845,1.2189999,
0.4125,1.2920604944229126,1.2916715,1.2916652,1.2916816,,1.595271348953247,1.5951976,1.595191,1.5952079,,1.4869976043701172,1.4878803,1.4878743,1.48789,,1.24154794216156,1.2414794,1.2414731,1.2414896,
0.44999999999999996,1.31163489818573,1.3111489,1.3111421,1.3111596,,1.6025313138961792,1.6024845,1.6024776,1.6024956,,1.4928048849105835,1.4937462,1.4937396,1.4937564,,1.2632194757461548,1.2631172,1.2631103,1.263128,
0.4875,1.330683708190918,1.3301059,1.3300987,1.3301175,,1.6094348430633545,1.6094204,1.609413,1.6094322,,1.4981855154037476,1.4991692,1.4991623,1.4991801,,1.2840927839279175,1.2839522,1.283945,1.2839639,
0.525,1.3492175340652466,1.3485572,1.3485496,1.3485695,,1.6159789562225342,1.6160009,1.615993,1.6160134,,1.5031903982162476,1.5041983,1.504191,1.5042099,,1.3042126893997192,1.3040301,1.3040223,1.3040425,
0.5625,1.3672380447387695,1.366507,1.366499,1.3665199,,1.622164011001587,1.6222247,1.6222165,1.6222378,,1.5078754425048828,1.5088881,1.5088805,1.5089003,,1.3236205577850342,1.3233933,1.3233852,1.3234063,
0.6,1.3847404718399048,1.3839524,1.3839438,1.3839658,,1.6279951333999634,1.6280947,1.628086,1.6281084,,1.5122997760772705,1.5132966,1.5132886,1.5133094,,1.3423542976379395,1.3420808,1.3420722,1.3420944,
0.6375,1.4017162322998047,1.4008851,1.4008763,1.4008993,,1.633482575416565,1.6336187,1.6336097,1.6336331,,1.516524076461792,1.5174843,1.517476,1.5174975,,1.360447883605957,1.3601276,1.3601186,1.3601418,
0.6749999999999999,1.4181549549102783,1.4172949,1.4172856,1.4173096,,1.63864266872406,1.638811,1.6388017,1.638826,,1.5206080675125122,1.521512,1.5215033,1.5215257,,1.3779312372207642,1.3775645,1.3775553,1.3775795,
0.7125,1.434047818183899,1.4331713,1.4331616,1.4331867,,1.6434975862503052,1.6436912,1.6436814,1.6437067,,1.5246096849441528,1.5254385,1.5254296,1.5254529,,1.394830346107483,1.3944191,1.3944094,1.3944345,
0.75,1.4493887424468994,1.4485065,1.4484966,1.4485224,,1.6480742692947388,1.6482846,1.6482745,1.6483006,,1.528582215309143,1.52932,1.5293107,1.5293348,,1.4111673831939697,1.4107141,1.4107041,1.4107301,
0.7875,1.4641754627227783,1.4632962,1.4632859,1.4633127,1.4576766568422317,1.652403712272644,1.6526212,1.6526108,1.6526377,1.655763889849186,1.5325747728347778,1.5332072,1.5331976,1.5332224,1.5404419535398484,1.4269613027572632,1.4264696,1.4264592,1.426486,1.431594198346138
0.825,1.4784107208251953,1.4775407,1.47753,1.4775578,,1.6565190553665161,1.6567333,1.6567225,1.6567503,,1.5366287231445312,1.5371449,1.5371351,1.5371606,,1.442228078842163,1.4417019,1.4416912,1.4417189,
0.8624999999999999,1.4921015501022339,1.491245,1.4912341,1.4912626,,1.6604537963867188,1.6606548,1.6606438,1.6606723,,1.540778398513794,1.5411704,1.5411602,1.5411866,,1.4569804668426514,1.4564246,1.4564136,1.4564421,
0.8999999999999999,1.5052590370178223,1.5044185,1.5044073,1.5044365,,1.664239764213562,1.6644186,1.6644074,1.6644365,,1.5450499057769775,1.5453129,1.5453025,1.5453295,,1.4712291955947876,1.4706488,1.4706374,1.4706666,
0.9375,1.517897605895996,1.5170742,1.5170627,1.5170927,,1.6679046154022217,1.6680542,1.6680427,1.6680726,,1.5494616031646729,1.5495936,1.5495828,1.5496105,,1.4849823713302612,1.4843829,1.4843713,1.4844013,
0.975,1.5300339460372925,1.5292277,1.5292158,1.5292467,,1.671470284461975,1.6715859,1.6715741,1.6716048,,1.5540242195129395,1.5540261,1.5540152,1.5540434,,1.4982467889785767,1.4976337,1.4976219,1.4976526,
1.0125,1.5416862964630127,1.5408967,1.5408845,1.540916,,1.6749510765075684,1.6750308,1.6750187,1.67505,,1.5587410926818848,1.558616,1.5586048,1.5586338,,1.5110273361206055,1.5104065,1.5103945,1.5104258,
1.05,1.5528736114501953,1.5520995,1.5520871,1.5521193,,1.6783522367477417,1.6783975,1.6783853,1.6784172,,1.5636093616485596,1.5633626,1.5633513,1.5633808,,1.5233280658721924,1.5227051,1.5226927,1.5227249,
1.0875,1.5636152029037476,1.5628552,1.5628426,1.5628754,,1.681670069694519,1.6816853,1.6816728,1.6817054,,1.5686206817626953,1.5682594,1.5682477,1.568278,,1.5351526737213135,1.5345327,1.53452,1.5345528,
1.125,1.5739303827285767,1.5731832,1.5731702,1.5732037,,1.684890866279602,1.6848838,1.6848711,1.6849041,,1.5737615823745728,1.5732942,1.5732822,1.573313,,1.5465048551559448,1.5458926,1.5458797,1.5459131,
1.1624999999999999,1.583838701248169,1.5831025,1.5830894,1.5831233,,1.6879912614822388,1.6879725,1.6879596,1.6879932,,1.5790133476257324,1.5784497,1.5784376,1.578469,,1.5573903322219849,1.5567894,1.5567763,1.5568103,
1.2,1.5933594703674316,1.5926324,1.5926191,1.5926536,,1.6909382343292236,1.6909213,1.6909081,1.6909423,,1.5843533277511597,1.5837046,1.5836922,1.5837243,,1.567816972732544,1.5672297,1.5672164,1.567251,
1.2375,1.602512240409851,1.6017923,1.6017787,1.601814,,1.6936908960342407,1.6936915,1.693678,1.6937127,,1.5897548198699951,1.5890331,1.5890206,1.5890532,,1.5777970552444458,1.5772241,1.5772105,1.5772457,
1.275,1.6113166809082031,1.6106018,1.610588,1.6106237,,1.6961991786956787,1.6962351,1.6962215,1.6962566,,1.5951863527297974,1.5944048,1.594392,1.5944251,,1.5873472690582275,1.5867876,1.5867738,1.5868094,
1.3125,1.6197913885116577,1.6190795,1.6190655,1.6191018,,1.6984076499938965,1.6984981,1.6984843,1.6985201,,1.600612759590149,1.5997857,1.5997727,1.5998063,,1.596489667892456,1.5959401,1.5959262,1.5959624,
1.3499999999999999,1.6279540061950684,1.6272438,1.6272296,1.6272663,,1.700257420539856,1.7004216,1.7004076,1.7004437,,1.6059941053390503,1.6051368,1.6051235,1.6051576,,1.6052507162094116,1.604707,1.6046928,1.6047295,
1.3875,1.6358197927474976,1.6351103,1.635096,1.6351331,,1.7016897201538086,1.7019457,1.7019316,1.7019682,,1.6112860441207886,1.6104145,1.6104012,1.6104357,,1.6136599779129028,1.6131169,1.6131024,1.6131396,
1.425,1.6434001922607422,1.6426919,1.6426773,1.6427151,,1.7026540040969849,1.7030164,1.7030022,1.7030392,,1.6164411306381226,1.6155723,1.6155587,1.6155939,,1.6217472553253174,1.6211997,1.6211852,1.6212229,
1.4625,1.6507021188735962,1.6499966,1.6499819,1.6500201,,1.703113079071045,1.7035909,1.7035766,1.7036139,,1.6214087009429932,1.6205597,1.620546,1.6205816,,1.6295411586761475,1.6289848,1.62897,1.6290082,
1.5,1.657727599143982,1.6570278,1.6570129,1.6570516,,1.7030519247055054,1.7036469,1.7036324,1.70367,,1.626136302947998,1.6253244,1.6253105,1.6253465,,1.637065052986145,1.6364971,1.6364822,1.6365207,
1.5374999999999999,1.6644741296768188,1.663784,1.663769,1.663808,,1.7024835348129272,1.7031883,1.7031736,1.7032117,,1.6305713653564453,1.629813,1.6297989,1.6298354,,1.6443368196487427,1.6437562,1.6437411,1.6437801,
1.575,1.670937180519104,1.6702611,1.6702459,1.6702853,1.6741442456841469,1.7014538049697876,1.7022508,1.702236,1.7022743,1.7016482482291757,1.6346631050109863,1.6339738,1.6339597,1.6339965,1.6331343939900398,1.6513683795928955,1.6507752,1.65076,1.6507994,1.654199535548687
1.6125,1.6770836114883423,1.6764399,1.6764245,1.6764643,,1.700149655342102,1.7009658,1.7009509,1.7009894,,1.6383715867996216,1.6377599,1.6377455,1.6377828,,1.6582248210906982,1.6575974,1.6575822,1.6576219,
1.65,1.6828604936599731,1.6822634,1.6822479,1.682288,,1.6986843347549438,1.6995131,1.6994982,1.6995369,,1.6417038440704346,1.6411633,1.6411488,1.6411865,,1.6648790836334229,1.6642451,1.6642296,1.6642697,
1.6875,1.6882342100143433,1.6876941,1.6876785,1.687719,,1.697066068649292,1.6979061,1.6978912,1.6979301,,1.6446815729141235,1.6442052,1.6441907,1.6442285,,1.6712485551834106,1.6706324,1.6706167,1.6706572,
1.7249999999999999,1.693180799484253,1.6927053,1.6926895,1.6927303,,1.695302963256836,1.6961532,1.6961381,1.6961771,,1.6473267078399658,1.6469073,1.6468925,1.6469307,,1.6772691011428833,1.6766896,1.6766739,1.6767147,
1.7625,1.697684645652771,1.697279,1.6972631,1.6973041,,1.693403720855713,1.6942624,1.6942474,1.6942863,,1.6496615409851074,1.6492915,1.6492769,1.649315,,1.6828927993774414,1.6823643,1.6823485,1.6823895,
1.7999999999999998,1.7017356157302856,1.7014041,1.7013882,1.7014294,,1.69137704372406,1.6922425,1.6922275,1.6922665,,1.6517083644866943,1.6513803,1.6513655,1.6514038,,1.6880847215652466,1.6876177,1.6876018,1.687643,
1.8375,1.7053290605545044,1.7050747,1.7050587,1.7051,,1.6892319917678833,1.6901023,1.6900873,1.6901263,,1.6534892320632935,1.6531955,1.6531807,1.6532191,,1.6928207874298096,1.6924229,1.6924069,1.6924484,
1.875,1.7084636688232422,1.708289,1.708273,1.7083145,,1.6869779825210571,1.687851,1.6878359,1.6878748,,1.6550257205963135,1.6547593,1.6547445,1.654783,,1.6970864534378052,1.6967627,1.6967467,1.6967883,
1.9124999999999999,1.7111414670944214,1.7110485,1.7110325,1.711074,,1.6846245527267456,1.6854978,1.6854829,1.6855216,,1.6563386917114258,1.656093,1.6560782,1.6561166,,1.7008745670318604,1.7006282,1.7006121,1.7006538,
1.95,1.7133671045303345,1.7133572,1.7133412,1.7133827,,1.6821818351745605,1.6830527,1.6830378,1.6830764,,1.6574482917785645,1.6572171,1.6572022,1.6572407,,1.7041840553283691,1.7040166,1.7040005,1.7040422,
1.9874999999999998,1.7151472568511963,1.7152214,1.7152054,1.7152469,,1.6796603202819824,1.6805259,1.680511,1.6805494,,1.6583726406097412,1.6581509,1.6581361,1.6581745,,1.7070183753967285,1.7069305,1.7069144,1.7069561,
2.025,1.7164909839630127,1.7166494,1.7166334,1.7166749,,1.6770707368850708,1.6779279,1.6779131,1.6779513,,1.6591286659240723,1.6589122,1.6588974,1.6589357,,1.7093855142593384,1.7093769,1.7093608,1.7094026,
2.0625,1.7174092531204224,1.7176516,1.7176356,1.717677,,1.6744240522384644,1.6752695,1.6752548,1.6752927,,1.6597310304641724,1.6595166,1.6595019,1.65954,,1.7112958431243896,1.7113657,1.7113496,1.7113912,
2.1,1.717915415763855,1.7182404,1.7182244,1.7182657,,1.6717311143875122,1.6725616,1.6725472,1.6725848,,1.6601920127868652,1.6599779,1.6599633,1.6600013,,1.7127625942230225,1.7129093,1.7128934,1.7129349,
2.1374999999999997,1.7180246114730835,1.7184299,1.7184142,1.7184551,,1.6690022945404053,1.6698152,1.6698008,1.6698381,,1.6605216264724731,1.6603074,1.6602927,1.6603307,,1.7138004302978516,1.7140224,1.7140064,1.7140478,
2.175,1.7177542448043823,1.7182369,1.7182212,1.718262,,1.6662477254867554,1.6670402,1.6670259,1.667063,,1.6607275009155273,1.6605138,1.6604992,1.6605369,,1.714425802230835,1.7147208,1.714705,1.714746,
2.2125,1.7171231508255005,1.7176793,1.7176638,1.7177042,,1.6634762287139893,1.6642462,1.6642321,1.6642687,,1.660814881324768,1.6606034,1.660589,1.6606264,,1.7146563529968262,1.7150218,1.7150061,1.7150469,
2.25,1.7161515951156616,1.7167768,1.7167614,1.7168014,,1.660695195198059,1.6614416,1.6614275,1.6614639,,1.6607871055603027,1.6605806,1.6605663,1.6606035,,1.7145103216171265,1.7149436,1.7149279,1.7149686,
2.2875,1.7148610353469849,1.7155502,1.7155348,1.7155746,,1.6579110622406006,1.658633,1.6586192,1.658655,,1.6606454849243164,1.6604475,1.6604332,1.6604701,,1.7140069007873535,1.714505,1.7144895,1.7145298,
2.3249999999999997,1.713273048400879,1.714021,1.7140058,1.7140453,,1.6551284790039062,1.6558262,1.6558125,1.655848,,1.6603899002075195,1.6602044,1.6601902,1.660227,,1.7131658792495728,1.7137254,1.71371,1.7137499,
2.3625,1.711409568786621,1.7122111,1.7121961,1.7122351,1.70875583589077,1.652350664138794,1.6530249,1.6530114,1.6530466,1.6514571337401867,1.6600195169448853,1.6598508,1.6598368,1.6598732,1.6600008792511654,1.7120074033737183,1.7126248,1.7126096,1.7126491,1.7188132244348526
2.4,1.7092922925949097,1.7101423,1.7101274,1.7101659,,1.6495800018310547,1.6502321,1.6502186,1.6502534,,1.6595327854156494,1.6593851,1.6593711,1.6594074,,1.7105522155761719,1.7112236,1.7112086,1.7112477,
2.4375,1.7069426774978638,1.7078358,1.707821,1.7078592,,1.646817922592163,1.6474493,1.6474359,1.6474704,,1.6589279174804688,1.6588055,1.6587917,1.6588274,,1.7088209390640259,1.7095424,1.7095274,1.7095661,
2.475,1.7043812274932861,1.7053126,1.7052981,1.7053357,,1.6440656185150146,1.6446776,1.6446645,1.6446985,,1.6582032442092896,1.6581099,1.6580962,1.6581317,,1.7068347930908203,1.7076018,1.707587,1.7076253,
2.5124999999999997,1.7016277313232422,1.7025927,1.7025784,1.7026156,,1.641324758529663,1.6419185,1.6419055,1.641939,,1.657357931137085,1.657297,1.6572834,1.6573186,,1.7046147584915161,1.7054229,1.7054083,1.7054461,
2.55,1.69870126247406,1.6996956,1.6996814,1.6997181,,1.6385974884033203,1.6391736,1.6391609,1.6391939,,1.6563916206359863,1.6563658,1.6563523,1.6563872,,1.7021819353103638,1.7030265,1.7030121,1.7030494,
2.5875,1.6956197023391724,1.6966393,1.6966254,1.6966616,,1.635887861251831,1.6364459,1.6364332,1.6364659,,1.6553049087524414,1.6553162,1.655303,1.6553375,,1.6995569467544556,1.7004334,1.7004191,1.7004559,
2.625,1.6924002170562744,1.6934414,1.6934276,1.6934633,,1.633201003074646,1.6337395,1.6337271,1.6337593,,1.6540998220443726,1.6541497,1.6541365,1.6541706,,1.6967599391937256,1.6976635,1.6976495,1.6976858,
2.6625,1.689058780670166,1.690118,1.6901044,1.6901397,,1.630544662475586,1.6310611,1.6310489,1.6310806,,1.6527795791625977,1.6528684,1.6528553,1.6528891,,1.6938098669052124,1.6947365,1.6947227,1.6947585,
2.6999999999999997,1.685610055923462,1.6866844,1.686671,1.6867057,,1.6279287338256836,1.6284193,1.6284072,1.6284386,,1.6513493061065674,1.6514764,1.6514635,1.6514969,,1.6907247304916382,1.6916707,1.6916571,1.6916924,
2.7375,1.6820683479309082,1.6831547,1.6831416,1.6831757,,1.6253656148910522,1.625825,1.6258131,1.625844,,1.6498156785964966,1.6499794,1.6499666,1.6499996,,1.687520980834961,1.6884829,1.6884694,1.6885042,
2.775,1.678446650505066,1.6795425,1.6795295,1.6795632,,1.6228692531585693,1.6232916,1.6232799,1.6233103,,1.648187279701233,1.6483849,1.6483724,1.648405,,1.6842132806777954,1.6851884,1.6851752,1.6852095,
2.8125,1.674757719039917,1.6758604,1.6758476,1.6758808,,1.6204547882080078,1.6208335,1.620822,1.620852,,1.646474838256836,1.6467026,1.6466902,1.6467224,,1.6808151006698608,1.6818012,1.6817882,1.681822,
2.85,1.6710139513015747,1.6721206,1.672108,1.6721406,,1.6181365251541138,1.6184657,1.6184542,1.6184838,,1.6446908712387085,1.6449441,1.6449318,1.6449636,,1.6773384809494019,1.6783338,1.6783209,1.6783541,
2.8874999999999997,1.6672273874282837,1.6683352,1.6683229,1.6683549,,1.61592698097229,1.6162015,1.6161903,1.6162195,,1.6428496837615967,1.6431226,1.6431104,1.6431417,,1.6737943887710571,1.6747972,1.6747847,1.6748172,
2.925,1.663411021232605,1.6645163,1.6645043,1.6645358,,1.613831877708435,1.6140511,1.61404,1.6140687,,1.6409668922424316,1.641253,1.6412411,1.641272,,1.6701923608779907,1.6712018,1.6711894,1.6712215,
2.9625,1.6595793962478638,1.6606777,1.6606658,1.6606966,,1.6118519306182861,1.6120162,1.6120052,1.6120336,,1.6390572786331177,1.6393508,1.639339,1.6393696,,1.6665418148040771,1.667556,1.6675439,1.6675755,
3.0,1.6557477712631226,1.6568338,1.6568221,1.6568525,,1.6099870204925537,1.610097,1.6100863,1.6101142,,1.6371341943740845,1.63743,1.6374183,1.6374484,,1.6628553867340088,1.663871,1.663859,1.6638901,
3.0375,1.6519315242767334,1.6530001,1.6529886,1.6530185,,1.6082366704940796,1.6082933,1.6082827,1.6083102,,1.635209321975708,1.6355029,1.6354915,1.6355212,,1.6591475009918213,1.6601601,1.6601483,1.6601788,
3.0749999999999997,1.6481460332870483,1.6491916,1.6491803,1.6492097,,1.606600046157837,1.6066041,1.6065936,1.6066209,,1.6332930326461792,1.6335808,1.6335695,1.6335988,,1.6554338932037354,1.6564381,1.6564265,1.6564565,
3.1125,1.6444059610366821,1.6454234,1.6454123,1.6454412,,1.6050760746002197,1.6050286,1.6050183,1.6050451,,1.6313942670822144,1.631673,1.6316618,1.6316909,,1.6517305374145508,1.6527208,1.6527094,1.6527388,
3.15,1.6407253742218018,1.6417094,1.6416985,1.6417269,1.6517083764076232,1.6036630868911743,1.6035652,1.603555,1.6035815,1.6054120337963105,1.6295208930969238,1.6297879,1.6297768,1.6298054,1.6356647765636445,1.6480530500411987,1.6490238,1.6490126,1.6490415,1.6456360623240471
3.1875,1.637117624282837,1.6380632,1.6380525,1.6380802,,1.602359414100647,1.6022123,1.6022022,1.6022284,,1.6276791095733643,1.6279325,1.6279217,1.62795,,1.6444166898727417,1.6453624,1.6453514,1.6453798,
3.225,1.6335946321487427,1.634497,1.6344864,1.6345139,,1.6011626720428467,1.6009676,1.6009576,1.6009836,,1.6258745193481445,1.6261128,1.626102,1.6261299,,1.6408358812332153,1.6417512,1.6417403,1.6417683,
3.2624999999999997,1.6301677227020264,1.6310225,1.6310121,1.631039,,1.6000703573226929,1.599829,1.5998191,1.5998448,,1.6241116523742676,1.6243334,1.6243228,1.6243503,,1.6373240947723389,1.6382039,1.6381932,1.6382208,
3.3,1.6268469095230103,1.6276499,1.6276397,1.6276662,,1.5990796089172363,1.5987935,1.5987837,1.5988091,,1.62239408493042,1.6225985,1.622588,1.6226152,,1.633893370628357,1.634733,1.6347225,1.6347495,
3.3375,1.6236411333084106,1.6243885,1.6243784,1.6244045,,1.5981873273849487,1.5978581,1.5978484,1.5978736,,1.6207249164581299,1.6209112,1.6209009,1.6209278,,1.6305547952651978,1.6313499,1.6313397,1.6313663,
3.375,1.6205579042434692,1.6212465,1.6212364,1.6212622,,1.597390055656433,1.5970196,1.5970099,1.5970349,,1.619106411933899,1.6192743,1.6192639,1.6192906,,1.627318024635315,1.6280648,1.6280546,1.6280808,
3.4125,1.6176037788391113,1.6182305,1.6182207,1.6182461,,1.5966840982437134,1.5962744,1.5962648,1.5962896,,1.617540717124939,1.6176895,1.6176794,1.6177057,,1.6241916418075562,1.6248865,1.6248765,1.6249024,
3.4499999999999997,1.6147841215133667,1.6153466,1.6153369,1.6153619,,1.596065878868103,1.5956188,1.5956093,1.595634,,1.6160296201705933,1.6161588,1.6161487,1.6161748,,1.6211826801300049,1.6218227,1.6218128,1.6218383,
3.4875,1.6121028661727905,1.6125991,1.6125896,1.6126143,,1.5955315828323364,1.5950491,1.5950397,1.5950642,,1.6145744323730469,1.6146836,1.6146736,1.6146995,,1.6182973384857178,1.6188798,1.6188701,1.6188953,
3.525,1.6095631122589111,1.6099916,1.6099821,1.6100066,,1.5950775146484375,1.5945615,1.594552,1.5945765,,1.6131764650344849,1.6132652,1.6132553,1.6132809,,1.6155405044555664,1.6160631,1.6160536,1.6160784,
3.5625,1.6071666479110718,1.6075263,1.607517,1.6075411,,1.594699740409851,1.594152,1.5941427,1.5941669,,1.6118369102478027,1.6119044,1.6118946,1.61192,,1.6129158735275269,1.613377,1.6133676,1.613392,
3.5999999999999996,1.6049145460128784,1.6052047,1.6051955,1.6052194,,1.5943946838378906,1.593817,1.5938077,1.5938318,,1.6105568408966064,1.6106024,1.6105926,1.6106179,,1.6104261875152588,1.6108243,1.6108149,1.6108391,
3.6374999999999997,1.602806806564331,1.6030272,1.6030182,1.6030418,,1.5941587686538696,1.5935528,1.5935435,1.5935675,,1.6093370914459229,1.6093599,1.6093502,1.6093752,,1.608073353767395,1.6084074,1.6083982,1.608422,
3.675,1.6008425951004028,1.6009934,1.6009845,1.6010078,,1.5939886569976807,1.5933559,1.5933466,1.5933706,,1.6081786155700684,1.6081778,1.6081682,1.608193,,1.6058580875396729,1.6061275,1.6061183,1.606142,
3.7125,1.5990207195281982,1.5991023,1.5990933,1.5991166,,1.5938810110092163,1.5932227,1.5932136,1.5932374,,1.6070821285247803,1.6070567,1.6070472,1.6070719,,1.603780746459961,1.6039851,1.603976,1.6039995,
3.75,1.5973389148712158,1.597352,1.5973431,1.5973661,,1.5938326120376587,1.5931504,1.5931412,1.5931649,,1.6060479879379272,1.6059973,1.6059878,1.6060123,,1.6018403768539429,1.6019796,1.6019707,1.6019939,
3.7874999999999996,1.5957947969436646,1.5957402,1.5957314,1.5957543,,1.59384024143219,1.5931354,1.5931262,1.5931499,,1.6050769090652466,1.6049999,1.6049905,1.6050149,,1.6000357866287231,1.6001103,1.6001014,1.6001245,
3.8249999999999997,1.5943852663040161,1.5942641,1.5942554,1.5942782,,1.5939009189605713,1.5931746,1.5931654,1.5931891,,1.6041690111160278,1.6040648,1.6040554,1.6040797,,1.5983649492263794,1.5983753,1.5983665,1.5983894,
3.8625,1.593106985092163,1.5929207,1.592912,1.5929346,,1.5940114259719849,1.593265,1.5932559,1.5932796,,1.6033244132995605,1.6031922,1.6031828,1.6032071,,1.5968255996704102,1.5967726,1.5967637,1.5967866,
3.9,1.591956377029419,1.5917063,1.5916976,1.5917201,,1.5941686630249023,1.5934036,1.5933945,1.5934182,,1.602542757987976,1.602382,1.6023726,1.6023968,,1.5954147577285767,1.5952992,1.5952905,1.5953132,
3.9375,1.5909292697906494,1.5906171,1.5906084,1.5906309,1.5812768232822418,1.5943694114685059,1.5935872,1.5935781,1.5936018,1.5897979485988616,1.6018239259719849,1.6016339,1.6016247,1.6016487,1.603909668624401,1.5941290855407715,1.5939524,1.5939437,1.5939664,1.5946314533799886
3.9749999999999996,1.5900218486785889,1.589649,1.5896404,1.5896628,,1.5946102142333984,1.5938126,1.5938034,1.5938272,,1.6011672019958496,1.6009476,1.6009383,1.6009624,,1.5929652452468872,1.5927287,1.59272,1.5927427,
4.0125,1.5892295837402344,1.588798,1.5887895,1.5888119,,1.5948878526687622,1.5940765,1.5940673,1.5940912,,1.6005717515945435,1.6003222,1.6003131,1.600337,,1.5919194221496582,1.5916246,1.5916159,1.5916384,
4.05,1.5885484218597412,1.5880599,1.5880512,1.5880736,,1.5951987504959106,1.5943756,1.5943663,1.5943903,,1.6000362634658813,1.599757,1.5997478,1.5997717,,1.5909879207611084,1.5906361,1.5906274,1.5906498,
4.0874999999999995,1.5879735946655273,1.5874301,1.5874214,1.5874438,,1.5955393314361572,1.5947064,1.5946971,1.5947211,,1.5995596647262573,1.5992506,1.5992414,1.5992653,,1.5901665687561035,1.5897595,1.5897508,1.5897732,
4.125,1.587500810623169,1.5869042,1.5868956,1.586918,,1.595906376838684,1.5950656,1.5950563,1.5950804,,1.5991400480270386,1.5988016,1.5987924,1.5988164,,1.589451551437378,1.5889906,1.588982,1.5890044,
4.1625,1.5871254205703735,1.5864779,1.5864692,1.5864916,,1.5962964296340942,1.5954498,1.5954405,1.5954646,,1.5987755060195923,1.5984085,1.5983993,1.5984232,,1.5888386964797974,1.5883256,1.5883169,1.5883393,
4.2,1.5868427753448486,1.5861464,1.5861377,1.5861602,,1.596706509590149,1.595856,1.5958465,1.5958707,,1.5984642505645752,1.5980693,1.59806,1.598084,,1.588323950767517,1.5877603,1.5877517,1.5877742,
4.2375,1.5866482257843018,1.5859053,1.5858966,1.5859191,,1.597133755683899,1.5962808,1.5962715,1.5962957,,1.5982040166854858,1.5977819,1.5977727,1.5977966,,1.5879031419754028,1.5872909,1.5872822,1.5873047,
4.2749999999999995,1.58653724193573,1.58575,1.5857413,1.5857638,,1.5975755453109741,1.5967219,1.5967125,1.5967368,,1.5979924201965332,1.5975442,1.597535,1.597559,,1.5875722169876099,1.586913,1.5869043,1.5869268,
4.3125,1.5865050554275513,1.5856758,1.585667,1.5856898,,1.5980292558670044,1.5971764,1.597167,1.5971915,,1.5978270769119263,1.597354,1.5973448,1.5973688,,1.5873267650604248,1.5866226,1.5866139,1.5866364,
4.35,1.5865470170974731,1.5856783,1.5856695,1.5856923,,1.5984927415847778,1.5976422,1.5976326,1.5976572,,1.5977058410644531,1.5972091,1.5971998,1.5972238,,1.5871628522872925,1.5864156,1.5864068,1.5864295,
4.3875,1.5866584777832031,1.5857528,1.585744,1.5857669,,1.598963737487793,1.5981168,1.5981072,1.5981319,,1.5976262092590332,1.5971069,1.5970976,1.5971217,,1.5870758295059204,1.5862877,1.586279,1.5863018,
4.425,1.5868349075317383,1.585895,1.585886,1.585909,,1.599440336227417,1.5985982,1.5985887,1.5986135,,1.597585916519165,1.5970453,1.597036,1.5970601,,1.5870617628097534,1.5862349,1.5862262,1.586249,
4.4624999999999995,1.5870720148086548,1.5861001,1.5860913,1.5861143,,1.5999207496643066,1.5990846,1.5990751,1.5991,,1.5975825786590576,1.5970219,1.5970125,1.5970368,,1.5871161222457886,1.5862529,1.5862441,1.586267,
4.5,1.5873653888702393,1.5863642,1.5863552,1.5863785,,1.6004033088684082,1.5995743,1.5995647,1.5995896,,1.597614049911499,1.5970346,1.5970252,1.5970495,,1.5872349739074707,1.5863377,1.5863289,1.5863519,
4.5375,1.5877106189727783,1.5866828,1.5866739,1.5866971,,1.600886344909668,1.6000655,1.6000558,1.6000808,,1.5976779460906982,1.597081,1.5970715,1.597096,,1.5874141454696655,1.586485,1.5864761,1.5864992,
4.575,1.5881037712097168,1.5870519,1.5870428,1.5870663,,1.6013686656951904,1.6005567,1.6005471,1.6005722,,1.5977723598480225,1.597159,1.5971496,1.597174,,1.5876494646072388,1.5866909,1.586682,1.5867052,
4.6125,1.5885409116744995,1.5874674,1.5874584,1.587482,,1.6018489599227905,1.6010468,1.601037,1.6010623,,1.5978950262069702,1.5972667,1.5972571,1.5972817,,1.5879369974136353,1.5869515,1.5869426,1.5869659,
4.6499999999999995,1.5890181064605713,1.5879256,1.5879165,1.5879402,,1.6023259162902832,1.6015344,1.6015245,1.60155,,1.5980441570281982,1.5974019,1.5973923,1.5974169,,1.588273048400879,1.5872629,1.5872538,1.5872773,
4.6875,1.589531660079956,1.5884227,1.5884135,1.5884373,,1.602798581123352,1.6020182,1.6020083,1.602034,,1.5982177257537842,1.5975627,1.5975531,1.5975778,,1.5886536836624146,1.5876213,1.5876123,1.5876359,
4.725,1.5900779962539673,1.5889549,1.5889457,1.5889697,1.5908031325042247,1.6032658815383911,1.6024976,1.6024877,1.6025133,1.6099316215515136,1.5984139442443848,1.5977472,1.5977377,1.5977625,1.593686016201973,1.5890754461288452,1.5880233,1.5880141,1.588038,1.5867390409111977
4.7625,1.5906537771224976,1.5895191,1.5895098,1.589534,,1.6037272214889526,1.6029713,1.6029613,1.602987,,1.5986310243606567,1.5979538,1.5979443,1.5979692,,1.589534878730774,1.5884652,1.588456,1.5884799,
4.8,1.5912559032440186,1.5901119,1.5901026,1.5901269,,1.6041815280914307,1.6034386,1.6034286,1.6034545,,1.598867416381836,1.5981808,1.5981711,1.5981961,,1.5900286436080933,1.5889437,1.5889344,1.5889585,
4.8374999999999995,1.5918810367584229,1.5907301,1.5907205,1.5907451,,1.6046282052993774,1.6038988,1.6038888,1.6039147,,1.5991214513778687,1.5984263,1.5984167,1.5984418,,1.5905532836914062,1.5894555,1.5894462,1.5894704,
4.875,1.5925264358520508,1.5913706,1.591361,1.5913857,,1.6050667762756348,1.6043512,1.604341,1.6043671,,1.5993915796279907,1.5986892,1.5986794,1.5987047,,1.5911060571670532,1.5899974,1.5899881,1.5900124,
4.9125,1.5931892395019531,1.5920308,1.5920211,1.5920459,,1.6054965257644653,1.6047951,1.604785,1.6048112,,1.5996763706207275,1.5989676,1.5989579,1.5989832,,1.5916838645935059,1.5905666,1.5905572,1.5905818,
4.95,1.5938667058944702,1.5927076,1.592698,1.592723,,1.605916976928711,1.60523,1.6052198,1.6052462,,1.599974513053894,1.5992603,1.5992506,1.599276,,1.592283844947815,1.5911602,1.5911508,1.5911754,
4.9875,1.5945565700531006,1.5933988,1.5933892,1.5934143,,1.6063276529312134,1.6056554,1.6056452,1.6056716,,1.6002845764160156,1.5995659,1.5995561,1.5995816,,1.5929033756256104,1.5917754,1.5917658,1.5917907,
5.0249999999999995,1.5952562093734741,1.5941019,1.5940921,1.5941174,,1.6067283153533936,1.606071,1.6060607,1.6060873,,1.6006054878234863,1.5998832,1.5998733,1.5998989,,1.593539834022522,1.5924095,1.5923998,1.5924249,
5.0625,1.5959635972976685,1.5948144,1.5948045,1.59483,,1.6071183681488037,1.6064763,1.606466,1.6064926,,1.600935697555542,1.6002108,1.6002009,1.6002266,,1.5941909551620483,1.5930601,1.5930505,1.5930756,
5.1,1.5966764688491821,1.5955342,1.5955243,1.59555,,1.6074978113174438,1.6068709,1.6068606,1.6068873,,1.6012743711471558,1.6005477,1.6005377,1.6005635,,1.5948543548583984,1.5937248,1.5937152,1.5937405,
5.1375,1.5973927974700928,1.5962592,1.5962492,1.596275,,1.6078660488128662,1.6072546,1.6072443,1.6072711,,1.6016201972961426,1.6008925,1.6008825,1.6009085,,1.5955277681350708,1.5944015,1.5943917,1.5944171,
5.175,1.5981109142303467,1.5969875,1.5969775,1.5970033,,1.6082229614257812,1.607627,1.6076167,1.6076436,,1.601972222328186,1.6012444,1.6012344,1.6012605,,1.596209168434143,1.5950878,1.5950779,1.5951035,
5.2124999999999995,1.598828911781311,1.5977172,1.5977072,1.5977331,,1.6085683107376099,1.6079881,1.6079776,1.6080047,,1.6023293733596802,1.6016024,1.6015923,1.6016184,,1.5968965291976929,1.5957818,1.5957718,1.5957977,
5.25,1.5995450019836426,1.5984465,1.5984364,1.5984626,,1.6089019775390625,1.6083374,1.6083269,1.6083541,,1.6026906967163086,1.6019652,1.601955,1.6019814,,1.5975879430770874,1.5964814,1.5964714,1.5964974,
5.2875,1.6002578735351562,1.5991738,1.5991637,1.59919,,1.60922372341156,1.6086749,1.6086644,1.6086916,,1.6030551195144653,1.6023321,1.6023219,1.6023483,,1.5982818603515625,1.5971849,1.5971749,1.597201,
5.325,1.6009657382965088,1.5998976,1.5998874,1.5999138,,1.6095333099365234,1.6090002,1.6089897,1.609017,,1.603421926498413,1.602702,1.6026918,1.6027182,,1.5989762544631958,1.5978905,1.5978804,1.5979067,
5.3625,1.6016674041748047,1.6006163,1.6006061,1.6006327,,1.6098307371139526,1.6093134,1.6093028,1.6093302,,1.603790044784546,1.6030741,1.6030638,1.6030904,,1.5996698141098022,1.5985966,1.5985863,1.5986128,
5.3999999999999995,1.6023615598678589,1.6013286,1.6013182,1.6013451,,1.610115885734558,1.6096141,1.6096035,1.609631,,1.6041587591171265,1.6034473,1.6034371,1.6034638,,1.6003608703613281,1.5993013,1.5992911,1.5993177,
5.4375,1.6030467748641968,1.6020331,1.6020226,1.6020496,,1.6103885173797607,1.6099024,1.6098918,1.6099193,,1.6045271158218384,1.6038212,1.6038109,1.6038376,,1.6010478734970093,1.6000035,1.5999932,1.6000198,
5.475,1.6037219762802124,1.6027286,1.6027181,1.6027452,,1.6106486320495605,1.610178,1.6101674,1.610195,,1.6048943996429443,1.6041946,1.6041843,1.6042111,,1.6017297506332397,1.6007015,1.6006911,1.6007179,
5.5125,1.6043860912322998,1.6034138,1.6034033,1.6034305,1.6040766288340091,1.6108962297439575,1.6104411,1.6104304,1.610458,1.6093172253668309,1.605259895324707,1.6045669,1.6045564,1.6045835,1.601616535782814,1.6024048328399658,1.6013939,1.6013836,1.6014105,1.5979383331537247
5.55,1.605038046836853,1.6040877,1.6040772,1.6041045,,1.611131191253662,1.6106913,1.6106806,1.6107084,,1.6056227684020996,1.6049372,1.6049268,1.6049539,,1.603072166442871,1.6020795,1.6020691,1.6020962,
5.5874999999999995,1.6056767702102661,1.6047493,1.6047387,1.6047661,,1.6113533973693848,1.6109287,1.6109179,1.6109458,,1.6059821844100952,1.6053048,1.6052945,1.6053215,,1.6037304401397705,1.6027571,1.6027466,1.6027738,
5.625,1.6063013076782227,1.6053975,1.6053867,1.6054144,,1.6115630865097046,1.6111532,1.6111425,1.6111704,,1.6063376665115356,1.6056691,1.6056587,1.6056858,,1.604378581047058,1.6034254,1.6034149,1.6034422,
5.6625,1.6069108247756958,1.6060312,1.6060206,1.6060482,,1.6117600202560425,1.6113651,1.6113542,1.6113822,,1.6066884994506836,1.6060293,1.6060188,1.6060461,,1.605015516281128,1.6040833,1.6040727,1.6041002,
5.7,1.6075046062469482,1.6066498,1.606639,1.6066668,,1.6119444370269775,1.6115639,1.6115532,1.6115812,,1.6070339679718018,1.6063848,1.6063741,1.6064016,,1.605640172958374,1.6047298,1.6047192,1.6047467,
5.7375,1.608081579208374,1.6072521,1.6072414,1.6072693,,1.6121162176132202,1.61175,1.6117392,1.6117673,,1.6073734760284424,1.6067348,1.6067241,1.6067516,,1.60625159740448,1.6053637,1.6053531,1.6053808,
5.7749999999999995,1.608641266822815,1.6078377,1.6078268,1.6078548,,1.6122757196426392,1.6119233,1.6119125,1.6119406,,1.6077064275741577,1.6070787,1.6070681,1.6070956,,1.606848955154419,1.6059842,1.6059735,1.6060014,
5.8125,1.6091827154159546,1.6084055,1.6083946,1.6084228,,1.6124227046966553,1.612084,1.6120732,1.6121013,,1.6080323457717896,1.607416,1.6074053,1.607433,,1.607431173324585,1.6065903,1.6065795,1.6066074,
5.85,1.6097055673599243,1.6089549,1.608944,1.6089722,,1.6125575304031372,1.612232,1.6122211,1.6122494,,1.6083505153656006,1.6077461,1.6077354,1.607763,,1.6079976558685303,1.6071811,1.6071703,1.6071984,
5.8875,1.6102089881896973,1.6094853,1.6094744,1.6095027,,1.612680196762085,1.6123675,1.6123567,1.6123849,,1.6086605787277222,1.6080685,1.6080577,1.6080855,,1.6085474491119385,1.6077558,1.6077449,1.6077731,
5.925,1.6106926202774048,1.609996,1.6099851,1.6100135,,1.612790822982788,1.6124908,1.6124798,1.6125082,,1.608962059020996,1.6083825,1.6083717,1.6083996,,1.6090798377990723,1.6083134,1.6083026,1.6083307,
5.9624999999999995,1.6111557483673096,1.6104865,1.6104755,1.610504,,1.6128897666931152,1.6126018,1.6125908,1.6126192,,1.6092544794082642,1.6086878,1.608677,1.6087049,,1.6095942258834839,1.6088535,1.6088425,1.6088709,
6.0,1.611598014831543,1.6109562,1.6109452,1.6109737,,1.6129770278930664,1.6127006,1.6126897,1.612718,,1.6095373630523682,1.6089839,1.6089731,1.609001,,1.610089898109436,1.609375,1.609364,1.6093924,
6.0375,1.6120190620422363,1.6114047,1.6113937,1.6114223,,1.6130528450012207,1.6127876,1.6127768,1.6128051,,1.6098103523254395,1.6092703,1.6092595,1.6092875,,1.6105661392211914,1.6098776,1.6098666,1.609895,
6.075,1.612418532371521,1.6118315,1.6118205,1.6118492,,1.6131174564361572,1.6128631,1.6128521,1.6128805,,1.6100730895996094,1.6095467,1.6095359,1.609564,,1.6110225915908813,1.6103604,1.6103493,1.6103779,
6.1125,1.6127959489822388,1.6122364,1.6122253,1.612254,,1.6131709814071655,1.612927,1.612916,1.6129444,,1.6103253364562988,1.6098127,1.6098019,1.60983,,1.611458659172058,1.6108229,1.610812,1.6108404,
6.1499999999999995,1.6131511926651,1.6126188,1.6126077,1.6126364,,1.6132137775421143,1.6129795,1.6129686,1.612997,,1.6105667352676392,1.610068,1.610057,1.6100852,,1.6118738651275635,1.6112647,1.6112536,1.6112823,
6.1875,1.6134840250015259,1.6129786,1.6129675,1.6129963,,1.613246202468872,1.6130213,1.6130103,1.6130387,,1.6107969284057617,1.6103121,1.6103013,1.6103294,,1.6122679710388184,1.6116853,1.6116742,1.6117029,
6.225,1.613794207572937,1.6133156,1.6133045,1.6133333,,1.613268256187439,1.6130521,1.6130412,1.6130697,,1.611015796661377,1.6105449,1.6105341,1.6105623,,1.612640380859375,1.6120843,1.6120732,1.6121019,
6.2625,1.614081859588623,1.6136296,1.6136185,1.6136473,,1.6132804155349731,1.6130726,1.6130617,1.61309,,1.6112231016159058,1.6107662,1.6107553,1.6107836,,1.6129909753799438,1.6124612,1.6124501,1.6124789,
6.3,1.6143467426300049,1.6139205,1.6139094,1.6139382,1.6192588716745377,1.6132829189300537,1.6130829,1.6130719,1.6131004,1.6077155023813248,1.6114187240600586,1.6109756,1.6109648,1.610993,1.609099391400814,1.6133193969726562,1.6128159,1.6128048,1.6128335,1.6111293050646782
6.3374999999999995,1.6145888566970825,1.6141882,1.614177,1.614206,,1.6132760047912598,1.6130834,1.6130724,1.6131008,,1.6116023063659668,1.6111732,1.6111622,1.6111906,,1.6136256456375122,1.613148,1.6131368,1.6131657,
6.375,1.6148083209991455,1.6144328,1.6144216,1.6144506,,1.61326003074646,1.6130742,1.6130632,1.6130916,,1.61177396774292,1.6113585,1.6113476,1.6113759,,1.6139094829559326,1.6134573,1.6134462,1.6134751,
6.4125,1.615005373954773,1.6146542,1.614643,1.6146721,,1.6132354736328125,1.6130558,1.6130449,1.6130732,,1.6119334697723389,1.6115316,1.6115208,1.6115491,,1.614170789718628,1.6137439,1.6137328,1.6137617,
6.45,1.6151798963546753,1.6148527,1.6148415,1.6148704,,1.613202452659607,1.6130285,1.6130176,1.613046,,1.612080693244934,1.6116924,1.6116815,1.6117098,,1.6144095659255981,1.6140076,1.6139964,1.6140254,
6.4875,1.6153322458267212,1.6150283,1.615017,1.6150461,,1.6131614446640015,1.6129928,1.6129818,1.6130102,,1.6122158765792847,1.6118408,1.6118299,1.6118582,,1.6146260499954224,1.6142483,1.6142371,1.614266,
6.5249999999999995,1.6154627799987793,1.6151813,1.6151701,1.6151991,,1.6131126880645752,1.6129488,1.6129378,1.6129662,,1.6123387813568115,1.6119769,1.6119659,1.6119943,,1.6148200035095215,1.6144661,1.614455,1.614484,
6.5625,1.6155716180801392,1.615312,1.6153008,1.6153297,,1.6130567789077759,1.6128969,1.6128861,1.6129144,,1.6124495267868042,1.6121004,1.6120894,1.6121178,,1.6149919033050537,1.6146612,1.61465,1.614679,
6.6,1.6156593561172485,1.6154206,1.6154094,1.6154385,,1.612993836402893,1.6128377,1.6128268,1.6128551,,1.6125481128692627,1.6122115,1.6122005,1.612229,,1.615141749382019,1.6148336,1.6148224,1.6148515,
6.6375,1.615726113319397,1.6155076,1.6154964,1.6155254,,1.612924337387085,1.6127714,1.6127605,1.6127888,,1.6126346588134766,1.6123103,1.6122993,1.6123278,,1.6152698993682861,1.6149837,1.6149725,1.6150014,
6.675,1.6157727241516113,1.6155734,1.6155622,1.6155912,,1.6128487586975098,1.6126984,1.6126876,1.6127158,,1.6127092838287354,1.6123968,1.6123859,1.6124144,,1.6153767108917236,1.6151115,1.6151004,1.6151294,
6.7124999999999995,1.6157993078231812,1.6156185,1.6156073,1.6156362,,1.6127673387527466,1.6126192,1.6126083,1.6126366,,1.6127721071243286,1.6124713,1.6124604,1.6124887,,1.6154624223709106,1.6152176,1.6152065,1.6152354,
6.75,1.6158066987991333,1.6156433,1.615632,1.615661,,1.612680435180664,1.612534,1.6125232,1.6125515,,1.6128233671188354,1.6125338,1.6125228,1.6125512,,1.6155275106430054,1.6153022,1.6152911,1.6153201,
6.7875,1.615795373916626,1.6156484,1.6156373,1.6156662,,1.61258864402771,1.6124436,1.6124326,1.6124609,,1.6128631830215454,1.6125844,1.6125734,1.6126019,,1.615572452545166,1.6153659,1.6153548,1.6153836,
6.825,1.615765929222107,1.6156344,1.6156234,1.6156522,,1.612492322921753,1.6123478,1.612337,1.6123652,,1.6128917932510376,1.6126235,1.6126125,1.6126409,,1.6155977249145508,1.615409,1.6153978,1.6154268,
6.8625,1.615719199180603,1.6156021,1.615591,1.6156199,,1.6123918294906616,1.6122476,1.6122367,1.6122649,,1.6129094362258911,1.6126511,1.6126401,1.6126685,,1.6156039237976074,1.615432,1.6154209,1.6154498,
6.8999999999999995,1.6156556606292725,1.6155521,1.615541,1.6155698,,1.6122874021530151,1.6121432,1.6121323,1.6121604,,1.6129164695739746,1.6126676,1.6126566,1.612685,,1.6155916452407837,1.6154357,1.6154246,1.6154535,
6.9375,1.615576148033142,1.615485,1.6154739,1.6155027,,1.6121797561645508,1.6120348,1.6120241,1.6120521,,1.6129130125045776,1.6126732,1.6126623,1.6126907,,1.6155614852905273,1.6154206,1.6154095,1.6154383,
6.975,1.6154813766479492,1.6154016,1.6153905,1.6154193,,1.6120691299438477,1.6119232,1.6119124,1.6119404,,1.6128995418548584,1.6126683,1.6126574,1.6126857,,1.6155141592025757,1.6153872,1.6153761,1.615405,
7.0125,1.6153723001480103,1.6153028,1.6152918,1.6153204,,1.611956000328064,1.6118085,1.6117977,1.6118257,,1.612876296043396,1.6126533,1.6126423,1.6126705,,1.6154502630233765,1.6153364,1.6153253,1.6153541,
7.05,1.615249514579773,1.6151893,1.6151783,1.615207,,1.6118406057357788,1.6116914,1.6116806,1.6117085,,1.6128437519073486,1.6126282,1.6126174,1.6126456,,1.615370750427246,1.6152688,1.6152579,1.6152865,
7.0874999999999995,1.6151139736175537,1.615062,1.615051,1.6150795,1.62090580701828,1.61172354221344,1.611572,1.6115613,1.6115892,1.6062310576438903,1.6128021478652954,1.6125938,1.6125829,1.612611,1.6121795189380645,1.6152762174606323,1.6151853,1.6151743,1.6152029,1.6154713971912862
7.125,1.6149665117263794,1.6149217,1.6149107,1.6149392,,1.611605167388916,1.611451,1.6114403,1.6114681,,1.612752079963684,1.6125503,1.6125393,1.6125675,,1.615167498588562,1.6150866,1.6150756,1.6151041,
7.1625,1.6148080825805664,1.6147693,1.6147584,1.6147869,,1.6114858388900757,1.6113286,1.6113179,1.6113458,,1.6126939058303833,1.6124979,1.6124871,1.6125152,,1.615045428276062,1.6149734,1.6149625,1.614991,
7.199999999999999,1.6146395206451416,1.6146058,1.6145948,1.6146232,,1.6113659143447876,1.6112055,1.6111947,1.6112225,,1.6126279830932617,1.6124375,1.6124266,1.6124548,,1.6149109601974487,1.6148468,1.6148359,1.6148643,
7.2375,1.6144616603851318,1.6144319,1.614421,1.6144493,,1.61124587059021,1.6110817,1.611071,1.6110988,,1.6125547885894775,1.6123693,1.6123585,1.6123865,,1.6147648096084595,1.6147075,1.6146965,1.614725,
7.2749999999999995,1.6142754554748535,1.6142486,1.6142378,1.614266,,1.6111259460449219,1.6109579,1.6109471,1.6109748,,1.6124749183654785,1.6122937,1.6122829,1.6123109,,1.6146079301834106,1.6145564,1.6145455,1.6145738,
7.3125,1.614081859588623,1.6140571,1.6140461,1.6140743,,1.611006736755371,1.6108342,1.6108235,1.6108512,,1.6123888492584229,1.6122113,1.6122005,1.6122285,,1.6144412755966187,1.6143945,1.6143836,1.614412,
7.35,1.6138817071914673,1.6138579,1.613847,1.6138752,,1.6108882427215576,1.6107112,1.6107006,1.6107283,,1.6122969388961792,1.6121227,1.6121118,1.6121398,,1.6142655611038208,1.6142226,1.6142118,1.61424,
7.387499999999999,1.6136760711669922,1.6136522,1.6136414,1.6136695,,1.6107710599899292,1.6105893,1.6105787,1.6106062,,1.6121999025344849,1.6120281,1.6120174,1.6120453,,1.6140819787979126,1.6140418,1.614031,1.6140592,
7.425,1.6134657859802246,1.6134409,1.6134301,1.6134582,,1.610655426979065,1.6104686,1.610458,1.6104856,,1.612097978591919,1.6119283,1.6119176,1.6119454,,1.613891363143921,1.613853,1.6138421,1.6138703,
7.4624999999999995,1.6132516860961914,1.613225,1.6132143,1.6132421,,1.6105417013168335,1.6103497,1.610339,1.6103666,,1.6119920015335083,1.6118238,1.6118131,1.6118408,,1.6136945486068726,1.613657,1.6136461,1.6136742,
7.5,1.6130348443984985,1.6130053,1.6129946,1.6130224,,1.610430121421814,1.6102326,1.610222,1.6102495,,1.611882209777832,1.611715,1.6117042,1.611732,,1.613492488861084,1.6134548,1.613444,1.613472,
7.5375,1.6128159761428833,1.6127828,1.612772,1.6127999,,1.6103209257125854,1.6101179,1.6101073,1.6101347,,1.6117693185806274,1.6116024,1.6115918,1.6116195,,1.6132861375808716,1.6132474,1.6132367,1.6132646,
7.574999999999999,1.6125959157943726,1.6125584,1.6125476,1.6125754,,1.610214352607727,1.6100057,1.6099951,1.6100225,,1.6116538047790527,1.6114868,1.6114762,1.6115038,,1.6130764484405518,1.6130357,1.613025,1.6130528,
7.6125,1.6123757362365723,1.6123328,1.6123222,1.6123499,,1.610110878944397,1.6098963,1.6098857,1.6099131,,1.6115361452102661,1.6113685,1.6113578,1.6113855,,1.6128642559051514,1.6128207,1.61281,1.6128378,
7.6499999999999995,1.6121560335159302,1.6121072,1.6120965,1.6121242,,1.6100103855133057,1.60979,1.6097795,1.6098068,,1.6114168167114258,1.6112481,1.6112374,1.6112651,,1.6126503944396973,1.6126032,1.6125926,1.6126202,
7.6875,1.6119376420974731,1.6118821,1.6118715,1.611899,,1.6099133491516113,1.6096869,1.6096764,1.6097037,,1.6112964153289795,1.6111261,1.6111155,1.611143,,1.6124358177185059,1.6123842,1.6123735,1.6124012,
7.725,1.611721396446228,1.6116586,1.6116478,1.6116754,,1.609819769859314,1.6095873,1.6095768,1.609604,,1.611175298690796,1.6110029,1.6109923,1.6110198,,1.6122212409973145,1.6121645,1.6121538,1.6121814,
7.762499999999999,1.6115078926086426,1.6114371,1.6114265,1.611454,,1.6097298860549927,1.6094913,1.6094809,1.609508,,1.6110539436340332,1.6108792,1.6108686,1.610896,,1.61200749874115,1.6119449,1.6119343,1.6119618,
7.8,1.6112979650497437,1.6112187,1.6112081,1.6112355,,1.6096436977386475,1.6093992,1.6093887,1.6094159,,1.6109329462051392,1.6107552,1.6107446,1.6107721,,1.611795425415039,1.6117263,1.6117157,1.6117432,
7.8374999999999995,1.6110920906066895,1.6110038,1.6109933,1.6110206,,1.609561562538147,1.609311,1.6093005,1.6093277,,1.6108126640319824,1.6106317,1.6106211,1.6106485,,1.6115857362747192,1.6115093,1.6114988,1.6115263,
7.875,1.6108909845352173,1.6107932,1.6107826,1.6108099,,1.6094834804534912,1.6092268,1.6092163,1.6092435,,1.6106934547424316,1.6105088,1.6104983,1.6105256,,1.6113790273666382,1.611295,1.6112844,1.6113118,
7.9125,1.6106951236724854,1.6105875,1.610577,1.6106042,1.6140784165263176,1.6094094514846802,1.6091468,1.6091363,1.6091635,1.6090623374283313,1.610575795173645,1.6103872,1.6103766,1.610404,1.6140660920739174,1.6111760139465332,1.6110837,1.6110731,1.6111006,1.6084675377607345
7.949999999999999,1.6105049848556519,1.6103872,1.6103767,1.6104039,,1.6093395948410034,1.609071,1.6090606,1.6090877,,1.6104599237442017,1.610267,1.6102566,1.6102839,,1.6109774112701416,1.6108763,1.6108657,1.610893,
7.9875,1.6103211641311646,1.6101928,1.6101823,1.6102095,,1.609273910522461,1.6089996,1.6089891,1.6090162,,1.6103464365005493,1.610149,1.6101384,1.6101657,,1.610783576965332,1.6106733,1.6106628,1.61069,
8.025,1.610144019126892,1.6100048,1.6099944,1.6100215,,1.6092125177383423,1.6089324,1.608922,1.6089491,,1.6102354526519775,1.6100332,1.6100227,1.6100498,,1.6105951070785522,1.6104753,1.6104648,1.610492,
8.0625,1.6099737882614136,1.6098237,1.6098132,1.6098403,,1.6091551780700684,1.6088696,1.6088592,1.6088861,,1.610127329826355,1.6099199,1.6099094,1.6099367,,1.61041259765625,1.6102829,1.6102724,1.6102996,
8.1,1.6098109483718872,1.6096497,1.6096392,1.6096662,,1.6091022491455078,1.608811,1.6088006,1.6088276,,1.6100223064422607,1.6098098,1.6097993,1.6098264,,1.6102362871170044,1.6100963,1.610086,1.610113,
8.1375,1.6096556186676025,1.6094831,1.6094726,1.6094997,,1.609053373336792,1.6087568,1.6087464,1.6087735,,1.6099207401275635,1.6097026,1.6096922,1.6097193,,1.6100666522979736,1.6099163,1.6099058,1.6099329,
8.174999999999999,1.6095081567764282,1.6093243,1.6093138,1.6093409,,1.609008550643921,1.608707,1.6086965,1.6087235,,1.6098226308822632,1.609599,1.6095886,1.6096157,,1.6099039316177368,1.609743,1.6097326,1.6097597,
8.2125,1.6093686819076538,1.6091734,1.609163,1.60919,,1.608967900276184,1.6086612,1.6086508,1.6086777,,1.609728455543518,1.6094991,1.6094886,1.6095158,,1.609748363494873,1.6095768,1.6095665,1.6095934,
8.25,1.6092371940612793,1.6090307,1.6090204,1.6090473,,1.6089311838150024,1.6086196,1.6086092,1.6086361,,1.6096382141113281,1.609403,1.6093925,1.6094197,,1.6096004247665405,1.609418,1.6094077,1.6094346,
8.2875,1.6091139316558838,1.6088963,1.6088859,1.6089127,,1.608898401260376,1.6085821,1.6085716,1.6085987,,1.6095521450042725,1.609311,1.6093005,1.6093276,,1.6094599962234497,1.6092668,1.6092564,1.6092833,
8.325,1.6089988946914673,1.60877,1.6087596,1.6087865,,1.6088693141937256,1.6085485,1.6085382,1.6085651,,1.6094701290130615,1.6092231,1.6092126,1.6092397,,1.6093274354934692,1.6091233,1.609113,1.6091399,
8.362499999999999,1.6088919639587402,1.6086521,1.6086419,1.6086687,,1.6088439226150513,1.6085188,1.6085085,1.6085354,,1.609392523765564,1.6091396,1.6091291,1.6091561,,1.6092026233673096,1.6089878,1.6089774,1.6090044,
8.4,1.6087932586669922,1.6085427,1.6085323,1.6085591,,1.6088221073150635,1.608493,1.6084826,1.6085095,,1.6093193292617798,1.6090603,1.6090499,1.6090769,,1.6090857982635498,1.6088603,1.6088499,1.6088768,
8.4375,1.6087026596069336,1.6084414,1.6084311,1.6084579,,1.608803629875183,1.6084707,1.6084603,1.6084871,,1.609250545501709,1.6089855,1.608975,1.6090021,,1.60897696018219,1.6087408,1.6087304,1.6087573,
8.475,1.6086199283599854,1.6083484,1.608338,1.6083648,,1.6087884902954102,1.6084518,1.6084415,1.6084684,,1.6091861724853516,1.6089152,1.6089048,1.6089318,,1.6088758707046509,1.6086293,1.608619,1.6086458,
8.5125,1.6085450649261475,1.6082635,1.6082531,1.60828,,1.6087764501571655,1.6084363,1.608426,1.6084529,,1.6091262102127075,1.6088494,1.608839,1.608866,,1.6087826490402222,1.6085259,1.6085155,1.6085423,
8.549999999999999,1.6084778308868408,1.6081865,1.6081761,1.6082029,,1.6087675094604492,1.6084241,1.6084137,1.6084406,,1.6090706586837769,1.608788,1.6087776,1.6088046,,1.6086972951889038,1.6084303,1.60842,1.6084467,
8.5875,1.6084181070327759,1.6081172,1.608107,1.6081337,,1.6087613105773926,1.6084149,1.6084045,1.6084313,,1.6090195178985596,1.6087313,1.6087208,1.6087477,,1.6086193323135376,1.6083426,1.6083323,1.6083591,
8.625,1.608365535736084,1.6080556,1.6080453,1.608072,,1.6087578535079956,1.6084086,1.6083982,1.608425,,1.6089726686477661,1.6086788,1.6086684,1.6086953,,1.6085489988327026,1.6082627,1.6082524,1.6082791,
8.6625,1.6083199977874756,1.6080014,1.607991,1.6080178,,1.6087568998336792,1.608405,1.6083945,1.6084214,,1.6089301109313965,1.6086308,1.6086203,1.6086472,,1.6084858179092407,1.6081903,1.6081799,1.6082067,
8.7,1.6082812547683716,1.6079541,1.6079439,1.6079706,1.6050041297078133,1.6087583303451538,1.6084039,1.6083935,1.6084205,1.601863644719124,1.6088916063308716,1.6085869,1.6085765,1.6086035,1.6103736381232738,1.6084297895431519,1.6081253,1.608115,1.6081417,1.6061834339797496
8.737499999999999,1.6082489490509033,1.6079139,1.6079035,1.6079303,,1.6087619066238403,1.6084054,1.608395,1.6084219,,1.608857274055481,1.6085473,1.608537,1.6085639,,1.6083805561065674,1.6080674,1.6080571,1.6080838,
8.775,1.6082228422164917,1.6078801,1.6078699,1.6078966,,1.6087676286697388,1.608409,1.6083987,1.6084256,,1.608826756477356,1.6085119,1.6085016,1.6085284,,1.6083379983901978,1.6080166,1.6080062,1.608033,
8.8125,1.608202576637268,1.6078527,1.6078424,1.6078691,,1.60877525806427,1.6084149,1.6084045,1.6084315,,1.6088000535964966,1.6084805,1.6084701,1.6084969,,1.6083018779754639,1.6079724,1.6079621,1.6079888,
8.85,1.6081880331039429,1.6078314,1.607821,1.6078478,,1.6087846755981445,1.6084226,1.6084123,1.6084392,,1.6087771654129028,1.6084528,1.6084424,1.6084692,,1.6082717180252075,1.6079347,1.6079245,1.6079512,
8.8875,1.608178734779358,1.6078157,1.6078054,1.6078322,,1.6087956428527832,1.6084322,1.6084218,1.6084487,,1.6087576150894165,1.6084288,1.6084185,1.6084454,,1.6082475185394287,1.6079032,1.607893,1.6079197,
8.924999999999999,1.6081745624542236,1.6078055,1.6077951,1.607822,,1.608808159828186,1.6084435,1.608433,1.6084601,,1.6087415218353271,1.6084086,1.6083982,1.6084251,,1.6082288026809692,1.6078777,1.6078674,1.6078942,
8.9625,1.6081750392913818,1.6078004,1.60779,1.6078168,,1.608821988105774,1.6084563,1.6084458,1.6084728,,1.6087287664413452,1.6083916,1.6083813,1.6084082,,1.60821533203125,1.6078578,1.6078476,1.6078743,
9.0,1.6081798076629639,1.6078,1.6077898,1.6078165,,1.6088370084762573,1.6084703,1.60846,1.6084869,,1.608718991279602,1.608378,1.6083677,1.6083946,,1.6082069873809814,1.6078434,1.607833,1.6078598,
9.0375,1.6081888675689697,1.6078043,1.6077939,1.6078207,,1.6088532209396362,1.6084858,1.6084753,1.6085024,,1.6087121963500977,1.6083677,1.6083573,1.6083843,,1.6082031726837158,1.607834,1.6078236,1.6078504,
9.075,1.6082016229629517,1.6078126,1.6078024,1.6078292,,1.608870267868042,1.6085023,1.6084919,1.6085188,,1.608708143234253,1.6083602,1.6083498,1.6083767,,1.6082038879394531,1.6078293,1.6078191,1.6078458,
9.112499999999999,1.6082179546356201,1.607825,1.6078147,1.6078415,,1.6088882684707642,1.6085198,1.6085094,1.6085364,,1.6087068319320679,1.6083556,1.6083453,1.6083722,,1.6082087755203247,1.6078293,1.607819,1.6078458,
9.15,1.6082375049591064,1.607841,1.6078306,1.6078575,,1.608906865119934,1.6085382,1.6085278,1.6085548,,1.6087077856063843,1.6083537,1.6083432,1.6083702,,1.608217477798462,1.6078335,1.6078231,1.60785,
9.1875,1.6082600355148315,1.6078603,1.6078501,1.6078769,,1.6089262962341309,1.6085573,1.608547,1.6085739,,1.6087112426757812,1.6083542,1.6083438,1.6083708,,1.6082298755645752,1.6078416,1.6078312,1.6078581,
9.225,1.6082853078842163,1.6078827,1.6078724,1.6078993,,1.6089460849761963,1.6085771,1.6085668,1.6085938,,1.6087167263031006,1.6083572,1.6083468,1.6083738,,1.6082454919815063,1.6078534,1.6078432,1.60787,
9.2625,1.6083130836486816,1.607908,1.6078976,1.6079245,,1.60896635055542,1.6085975,1.6085871,1.6086142,,1.6087243556976318,1.6083624,1.608352,1.608379,,1.6082642078399658,1.6078687,1.6078584,1.6078852,
9.299999999999999,1.6083430051803589,1.6079358,1.6079254,1.6079522,,1.6089870929718018,1.6086184,1.608608,1.6086351,,1.6087337732315063,1.6083696,1.6083592,1.6083862,,1.608285665512085,1.6078871,1.6078768,1.6079036,
9.3375,1.608374834060669,1.6079658,1.6079555,1.6079824,,1.6090079545974731,1.6086397,1.6086292,1.6086563,,1.6087448596954346,1.6083788,1.6083684,1.6083953,,1.6083097457885742,1.6079085,1.6078981,1.6079249,
9.375,1.6084084510803223,1.607998,1.6079876,1.6080145,,1.6090290546417236,1.6086612,1.6086508,1.6086779,,1.6087576150894165,1.6083897,1.6083794,1.6084063,,1.6083362102508545,1.6079324,1.6079221,1.607949,
9.4125,1.6084436178207397,1.608032,1.6080216,1.6080484,,1.6090502738952637,1.608683,1.6086725,1.6086996,,1.608771800994873,1.6084024,1.6083919,1.608419,,1.6083647012710571,1.6079589,1.6079485,1.6079754,
9.45,1.6084800958633423,1.6080675,1.6080571,1.6080841,,1.6090716123580933,1.6087048,1.6086943,1.6087215,,1.6087872982025146,1.6084164,1.608406,1.608433,,1.6083950996398926,1.6079875,1.6079772,1.6080041,
9.487499999999999,1.6085177659988403,1.6081046,1.6080942,1.6081212,1.6123986023664474,1.6090928316116333,1.6087267,1.6087164,1.6087434,1.6028314501047134,1.6088039875030518,1.6084319,1.6084214,1.6084485,1.5982848286628724,1.6084271669387817,1.6080182,1.6080078,1.6080347,1.603753089606762
9.525,1.6085562705993652,1.6081429,1.6081324,1.6081594,,1.6091140508651733,1.6087488,1.6087383,1.6087654,,1.6088217496871948,1.6084486,1.6084383,1.6084652,,1.608460783958435,1.6080505,1.6080401,1.608067,
9.5625,1.608595609664917,1.6081821,1.6081717,1.6081986,,1.6091351509094238,1.6087707,1.6087602,1.6087873,,1.6088404655456543,1.6084665,1.6084561,1.6084831,,1.6084955930709839,1.6080844,1.6080741,1.608101,
9.6,1.608635663986206,1.6082222,1.6082118,1.6082388,,1.6091561317443848,1.6087925,1.608782,1.6088092,,1.6088601350784302,1.6084855,1.608475,1.608502,,1.6085315942764282,1.6081198,1.6081095,1.6081364,
9.6375,1.6086760759353638,1.608263,1.6082526,1.6082797,,1.609176754951477,1.6088142,1.6088037,1.6088308,,1.6088805198669434,1.6085052,1.6084948,1.6085218,,1.608568549156189,1.6081564,1.608146,1.608173,
9.674999999999999,1.6087168455123901,1.6083045,1.608294,1.6083211,,1.6091972589492798,1.6088357,1.6088252,1.6088524,,1.6089015007019043,1.6085259,1.6085154,1.6085424,,1.608606219291687,1.608194,1.6081836,1.6082106,
9.7125,1.608757734298706,1.6083462,1.6083357,1.6083628,,1.6092174053192139,1.6088569,1.6088464,1.6088736,,1.608923077583313,1.6085472,1.6085367,1.6085639,,1.6086446046829224,1.6082325,1.608222,1.6082491,
9.75,1.6087987422943115,1.6083883,1.6083778,1.6084049,,1.6092373132705688,1.6088779,1.6088674,1.6088946,,1.6089452505111694,1.6085691,1.6085588,1.6085858,,1.608683466911316,1.6082716,1.6082612,1.6082883,
9.7875,1.608839750289917,1.6084305,1.60842,1.6084471,,1.6092567443847656,1.6088985,1.608888,1.6089152,,1.608967661857605,1.6085917,1.6085812,1.6086084,,1.6087226867675781,1.6083114,1.6083009,1.608328,
9.825,1.6088805198669434,1.6084726,1.6084622,1.6084893,,1.6092759370803833,1.6089188,1.6089083,1.6089355,,1.6089904308319092,1.6086146,1.6086042,1.6086313,,1.6087621450424194,1.6083516,1.6083412,1.6083683,
9.862499999999999,1.6089210510253906,1.6085148,1.6085043,1.6085314,,1.6092946529388428,1.6089388,1.6089283,1.6089555,,1.6090134382247925,1.6086379,1.6086274,1.6086545,,1.6088018417358398,1.6083921,1.6083817,1.6084088,
9.9,1.6089612245559692,1.6085566,1.6085461,1.6085733,,1.609312891960144,1.6089582,1.6089478,1.608975,,1.6090366840362549,1.6086614,1.608651,1.6086781,,1.6088414192199707,1.6084329,1.6084224,1.6084496,
9.9375,1.6090010404586792,1.6085982,1.6085877,1.6086149,,1.6093307733535767,1.6089774,1.608967,1.6089941,,1.6090599298477173,1.6086853,1.6086748,1.608702,,1.608880877494812,1.6084737,1.6084632,1.6084903,
9.975,1.6090402603149414,1.6086395,1.608629,1.6086562,,1.6093480587005615,1.608996,1.6089855,1.6090127,,1.6090832948684692,1.6087092,1.6086987,1.6087259,,1.6089202165603638,1.6085144,1.608504,1.6085311,
10.0125,1.6090790033340454,1.6086802,1.6086698,1.6086969,,1.6093649864196777,1.6090143,1.6090038,1.609031,,1.6091066598892212,1.6087332,1.6087228,1.6087499,,1.6089593172073364,1.6085551,1.6085447,1.6085718,
10.049999999999999,1.6091169118881226,1.6087204,1.6087099,1.6087371,,1.6093813180923462,1.6090319,1.6090214,1.6090487,,1.6091299057006836,1.6087573,1.6087468,1.608774,,1.6089980602264404,1.6085956,1.6085851,1.6086123,
10.0875,1.609154224395752,1.60876,1.6087495,1.6087767,,1.609397292137146,1.6090492,1.6090387,1.6090659,,1.6091530323028564,1.6087812,1.6087707,1.6087979,,1.6090363264083862,1.6086357,1.6086253,1.6086524,
10.125,1.609190821647644,1.608799,1.6087885,1.6088157,,1.6094125509262085,1.6090659,1.6090554,1.6090826,,1.6091759204864502,1.6088052,1.6087947,1.6088219,,1.6090741157531738,1.6086755,1.608665,1.6086922,
10.1625,1.6092264652252197,1.6088371,1.6088266,1.6088538,,1.6094274520874023,1.609082,1.6090715,1.6090988,,1.6091986894607544,1.6088289,1.6088184,1.6088457,,1.6091113090515137,1.6087148,1.6087043,1.6087315,
10.2,1.609261393547058,1.6088746,1.608864,1.6088912,,1.6094417572021484,1.6090977,1.6090871,1.6091144,,1.60922110080719,1.6088525,1.608842,1.6088692,,1.6091479063034058,1.6087536,1.6087431,1.6087703,
10.237499999999999,1.6092952489852905,1.608911,1.6089005,1.6089277,,1.6094554662704468,1.6091127,1.6091022,1.6091295,,1.6092432737350464,1.6088759,1.6088654,1.6088926,,1.6091837882995605,1.6087917,1.6087812,1.6088084,
10.275,1.609328269958496,1.6089467,1.6089362,1.6089634,1.6110552005469798,1.609468698501587,1.6091273,1.6091168,1.6091441,1.613965671658516,1.6092650890350342,1.608899,1.6088884,1.6089157,1.6107955265045166,1.609218955039978,1.6088293,1.6088188,1.608846,1.6078812712430954
10.3125,1.6093602180480957,1.6089814,1.6089709,1.6089982,,1.6094813346862793,1.6091412,1.6091307,1.609158,,1.6092865467071533,1.6089216,1.6089112,1.6089385,,1.6092532873153687,1.6088661,1.6088556,1.6088828,
10.35,1.609391212463379,1.6090151,1.6090046,1.6090319,,1.609493374824524,1.6091547,1.6091442,1.6091715,,1.6093075275421143,1.608944,1.6089336,1.6089609,,1.609286904335022,1.6089021,1.6088916,1.6089188,
10.3875,1.6094211339950562,1.6090479,1.6090373,1.6090646,,1.6095049381256104,1.6091676,1.609157,1.6091843,,1.6093281507492065,1.6089661,1.6089556,1.6089828,,1.6093194484710693,1.6089373,1.6089268,1.6089541,
10.424999999999999,1.6094499826431274,1.6090795,1.609069,1.6090963,,1.609515905380249,1.6091799,1.6091692,1.6091965,,1.609348177909851,1.6089877,1.6089772,1.6090044,,1.6093512773513794,1.6089717,1.6089611,1.6089884,
10.4625,1.6094777584075928,1.6091101,1.6090996,1.6091269,,1.60952627658844,1.6091915,1.6091809,1.6092082,,1.609367847442627,1.6090088,1.6089983,1.6090255,,1.6093820333480835,1.6090051,1.6089946,1.6090219,
10.5,1.6095044612884521,1.6091396,1.6091291,1.6091564,,1.6095361709594727,1.6092026,1.6091921,1.6092194,,1.609386920928955,1.6090294,1.6090189,1.6090462,,1.6094118356704712,1.6090376,1.6090271,1.6090544,
10.5375,1.609529972076416,1.6091679,1.6091574,1.6091847,,1.609545350074768,1.6092131,1.6092026,1.6092299,,1.609405517578125,1.6090496,1.6090391,1.6090662,,1.609440565109253,1.6090691,1.6090586,1.6090859,
10.575,1.6095542907714844,1.6091952,1.6091846,1.6092119,,1.6095540523529053,1.6092231,1.6092125,1.6092398,,1.6094235181808472,1.6090691,1.6090586,1.6090859,,1.6094683408737183,1.6090996,1.6090891,1.6091164,
10.612499999999999,1.6095775365829468,1.6092212,1.6092107,1.609238,,1.6095622777938843,1.6092324,1.6092219,1.6092492,,1.6094409227371216,1.6090882,1.6090776,1.6091049,,1.609494924545288,1.6091291,1.6091186,1.6091459,
10.65,1.6095995903015137,1.6092461,1.6092355,1.609263,,1.6095699071884155,1.6092412,1.6092308,1.609258,,1.6094577312469482,1.6091065,1.609096,1.6091233,,1.6095205545425415,1.6091574,1.609147,1.6091743,
10.6875,1.609620451927185,1.6092697,1.6092592,1.6092865,,1.609576940536499,1.6092495,1.609239,1.6092663,,1.6094738245010376,1.6091244,1.6091139,1.6091412,,1.6095449924468994,1.6091847,1.6091743,1.6092016,
10.725,1.609640121459961,1.6092921,1.6092817,1.609309,,1.6095833778381348,1.6092571,1.6092466,1.6092739,,1.6094894409179688,1.6091416,1.6091311,1.6091584,,1.6095682382583618,1.6092108,1.6092004,1.6092277,
10.7625,1.6096584796905518,1.6093135,1.6093029,1.6093303,,1.6095893383026123,1.6092641,1.6092536,1.609281,,1.609504222869873,1.6091582,1.6091477,1.609175,,1.6095905303955078,1.6092359,1.6092253,1.6092527,
10.799999999999999,1.6096757650375366,1.6093334,1.6093229,1.6093502,,1.6095948219299316,1.6092707,1.6092601,1.6092874,,1.6095185279846191,1.609174,1.6091635,1.6091908,,1.6096115112304688,1.6092597,1.6092491,1.6092765,
10.8375,1.609691858291626,1.6093522,1.6093416,1.609369,,1.6095997095108032,1.6092765,1.609266,1.6092933,,1.6095319986343384,1.6091893,1.6091788,1.6092061,,1.6096314191818237,1.6092824,1.6092718,1.6092992,
10.875,1.6097067594528198,1.6093698,1.6093591,1.6093866,,1.609604001045227,1.6092819,1.6092714,1.6092987,,1.6095448732376099,1.6092038,1.6091933,1.6092206,,1.6096500158309937,1.6093037,1.6092932,1.6093205,
10.9125,1.6097204685211182,1.609386,1.6093755,1.6094028,,1.6096078157424927,1.6092868,1.6092762,1.6093036,,1.609557032585144,1.6092176,1.6092072,1.6092345,,1.6096675395965576,1.609324,1.6093135,1.6093408,
10.95,1.609732985496521,1.6094011,1.6093905,1.6094179,,1.6096111536026,1.6092911,1.6092805,1.6093078,,1.6095685958862305,1.6092308,1.6092203,1.6092476,,1.609683871269226,1.6093429,1.6093324,1.6093597,
10.987499999999999,1.6097443103790283,1.6094149,1.6094043,1.6094317,,1.6096140146255493,1.6092948,1.6092842,1.6093116,,1.60957932472229,1.6092432,1.6092327,1.60926,,1.609699010848999,1.6093608,1.6093502,1.6093776,
11.025,1.6097544431686401,1.6094275,1.609417,1.6094443,,1.6096162796020508,1.609298,1.6092874,1.6093147,,1.6095893383026123,1.6092548,1.6092442,1.6092716,,1.6097129583358765,1.6093773,1.6093668,1.6093941,
11.0625,1.609763503074646,1.6094388,1.6094283,1.6094557,1.6098628964461386,1.6096181869506836,1.6093006,1.6092901,1.6093174,1.6167263573408126,1.6095986366271973,1.6092657,1.6092552,1.6092825,1.6134089228510857,1.6097257137298584,1.6093926,1.609382,1.6094095,1.603490445613861
11.1,1.6097713708877563,1.609449,1.6094384,1.6094658,,1.6096194982528687,1.6093028,1.6092923,1.6093196,,1.6096073389053345,1.6092759,1.6092654,1.6092927,,1.6097372770309448,1.6094067,1.6093962,1.6094235,
11.1375,1.6097780466079712,1.609458,1.6094474,1.6094748,,1.609620451927185,1.6093044,1.6092939,1.6093212,,1.6096152067184448,1.6092854,1.6092749,1.6093022,,1.6097477674484253,1.6094196,1.609409,1.6094364,
11.174999999999999,1.6097837686538696,1.6094657,1.6094551,1.6094825,,1.6096208095550537,1.6093056,1.609295,1.6093224,,1.6096223592758179,1.609294,1.6092836,1.6093109,,1.6097570657730103,1.6094311,1.6094207,1.6094481,
11.2125,1.6097882986068726,1.6094723,1.6094618,1.6094891,,1.6096209287643433,1.6093063,1.6092957,1.609323,,1.6096287965774536,1.609302,1.6092914,1.6093189,,1.6097651720046997,1.6094416,1.609431,1.6094584,
11.25,1.6097917556762695,1.6094778,1.6094671,1.6094946,,1.609620451927185,1.6093065,1.609296,1.6093233,,1.6096346378326416,1.6093092,1.6092987,1.609326,,1.6097720861434937,1.6094508,1.6094402,1.6094676,
11.2875,1.60979425907135,1.609482,1.6094716,1.6094989,,1.6096196174621582,1.6093062,1.6092957,1.609323,,1.6096396446228027,1.6093158,1.6093051,1.6093326,,1.6097779273986816,1.6094588,1.6094483,1.6094756,
11.325,1.6097955703735352,1.6094853,1.6094748,1.6095021,,1.6096184253692627,1.6093056,1.609295,1.6093223,,1.6096440553665161,1.6093215,1.6093109,1.6093383,,1.6097826957702637,1.6094657,1.6094551,1.6094825,
11.362499999999999,1.6097960472106934,1.6094874,1.6094769,1.6095042,,1.609616756439209,1.6093044,1.6092939,1.6093212,,1.6096477508544922,1.6093265,1.6093159,1.6093433,,1.6097863912582397,1.6094713,1.6094608,1.6094881,
11.4,1.6097955703735352,1.6094885,1.609478,1.6095053,,1.6096147298812866,1.609303,1.6092924,1.6093197,,1.609650731086731,1.6093308,1.6093202,1.6093476,,1.6097890138626099,1.6094759,1.6094654,1.6094927,
11.4375,1.609794020652771,1.6094886,1.609478,1.6095054,,1.6096124649047852,1.609301,1.6092905,1.6093178,,1.609653115272522,1.6093343,1.6093237,1.6093512,,1.6097906827926636,1.6094793,1.6094687,1.6094961,
11.475,1.6097917556762695,1.6094877,1.609477,1.6095045,,1.6096097230911255,1.6092987,1.6092882,1.6093155,,1.6096547842025757,1.6093372,1.6093267,1.609354,,1.6097911596298218,1.6094816,1.6094711,1.6094984,
11.5125,1.6097885370254517,1.6094857,1.6094751,1.6095026,,1.6096067428588867,1.6092961,1.6092856,1.6093129,,1.6096558570861816,1.6093394,1.6093289,1.6093562,,1.6097908020019531,1.6094829,1.6094723,1.6094997,
11.549999999999999,1.6097843647003174,1.6094829,1.6094723,1.6094997,,1.6096034049987793,1.6092931,1.6092825,1.6093098,,1.6096563339233398,1.6093409,1.6093304,1.6093577,,1.609789490699768,1.609483,1.6094725,1.6094998,
11.5875,1.6097795963287354,1.6094792,1.6094686,1.609496,,1.6095998287200928,1.6092896,1.6092792,1.6093065,,1.6096562147140503,1.6093417,1.6093313,1.6093585,,1.6097872257232666,1.6094823,1.6094717,1.6094991,
11.625,1.6097739934921265,1.6094745,1.609464,1.6094913,,1.6095958948135376,1.6092861,1.6092755,1.6093028,,1.6096553802490234,1.609342,1.6093314,1.6093588,,1.6097841262817383,1.6094805,1.6094699,1.6094973,
11.6625,1.6097676753997803,1.6094692,1.6094586,1.609486,,1.6095918416976929,1.6092821,1.6092715,1.6092988,,1.6096540689468384,1.6093415,1.609331,1.6093583,,1.609780192375183,1.6094778,1.6094671,1.6094946,
11.7,1.6097606420516968,1.609463,1.6094524,1.6094798,,1.6095874309539795,1.6092778,1.6092674,1.6092947,,1.6096522808074951,1.6093405,1.6093299,1.6093574,,1.609775424003601,1.6094741,1.6094636,1.6094909,
11.737499999999999,1.6097530126571655,1.6094561,1.6094455,1.6094729,,1.6095829010009766,1.6092733,1.6092628,1.6092901,,1.609649896621704,1.6093389,1.6093284,1.6093557,,1.6097698211669922,1.6094697,1.609459,1.6094865,
11.775,1.6097447872161865,1.6094484,1.609438,1.6094652,,1.609578013420105,1.6092687,1.6092582,1.6092854,,1.6096469163894653,1.6093367,1.6093262,1.6093535,,1.609763503074646,1.6094643,1.6094538,1.6094811,
11.8125,1.6097359657287598,1.6094402,1.6094296,1.609457,,1.6095731258392334,1.6092637,1.6092532,1.6092805,,1.609643578529358,1.609334,1.6093235,1.6093508,,1.609756588935852,1.6094582,1.6094476,1.609475,
11.85,1.6097266674041748,1.6094313,1.6094208,1.6094481,1.6052648851275444,1.6095679998397827,1.6092585,1.609248,1.6092753,1.610115414559841,1.6096397638320923,1.6093308,1.6093203,1.6093476,1.610240109823644,1.6097489595413208,1.6094513,1.6094408,1.6094681,1.614941109418869
11.8875,1.6097168922424316,1.6094218,1.6094114,1.6094387,,1.6095627546310425,1.6092532,1.6092427,1.60927,,1.6096354722976685,1.6093271,1.6093166,1.6093439,,1.6097407341003418,1.6094438,1.6094332,1.6094605,
11.924999999999999,1.6097067594528198,1.609412,1.6094013,1.6094288,,1.6095572710037231,1.6092477,1.6092372,1.6092645,,1.609630823135376,1.6093229,1.6093124,1.6093397,,1.6097320318222046,1.6094356,1.609425,1.6094522,
11.9625,1.6096961498260498,1.6094015,1.609391,1.6094183,,1.6095517873764038,1.6092421,1.6092316,1.6092589,,1.6096258163452148,1.6093183,1.6093078,1.6093351,,1.6097227334976196,1.6094266,1.6094161,1.6094434,
12.0,1.6096853017807007,1.6093907,1.6093801,1.6094074,,1.609546184539795,1.6092364,1.6092259,1.609253,,1.609620451927185,1.6093132,1.6093028,1.6093299,,1.6097129583358765,1.6094173,1.6094067,1.609434,
12.0375,1.609674096107483,1.6093795,1.6093689,1.6093962,,1.609540581703186,1.6092305,1.60922,1.6092472,,1.6096147298812866,1.6093078,1.6092973,1.6093246,,1.6097028255462646,1.6094073,1.6093968,1.6094241,
12.075,1.609662652015686,1.609368,1.6093574,1.6093847,,1.6095348596572876,1.6092246,1.6092141,1.6092414,,1.6096086502075195,1.609302,1.6092914,1.6093187,,1.6096922159194946,1.6093969,1.6093864,1.6094137,
12.112499999999999,1.6096510887145996,1.609356,1.6093456,1.6093729,,1.6095290184020996,1.6092186,1.6092081,1.6092353,,1.609602451324463,1.6092958,1.6092854,1.6093127,,1.609681248664856,1.6093861,1.6093756,1.6094029,
12.15,1.609639286994934,1.609344,1.6093335,1.6093608,,1.6095232963562012,1.6092125,1.609202,1.6092293,,1.6095958948135376,1.6092895,1.6092789,1.6093062,,1.6096701622009277,1.6093749,1.6093644,1.6093917,
12.1875,1.609627366065979,1.6093318,1.6093212,1.6093485,,1.6095175743103027,1.6092064,1.609196,1.6092232,,1.6095890998840332,1.6092829,1.6092722,1.6092995,,1.6096587181091309,1.6093633,1.6093528,1.6093801,
12.225,1.609615445137024,1.6093194,1.6093088,1.6093361,,1.6095117330551147,1.6092004,1.6091899,1.6092172,,1.6095821857452393,1.6092759,1.6092653,1.6092926,,1.6096470355987549,1.6093515,1.609341,1.6093683,
12.2625,1.6096034049987793,1.6093069,1.6092964,1.6093236,,1.6095061302185059,1.6091944,1.6091839,1.6092111,,1.6095751523971558,1.6092688,1.6092583,1.6092855,,1.609635353088379,1.6093395,1.609329,1.6093563,
12.299999999999999,1.6095914840698242,1.6092943,1.6092838,1.6093111,,1.6095004081726074,1.6091883,1.6091778,1.609205,,1.6095678806304932,1.6092615,1.6092509,1.6092782,,1.6096234321594238,1.6093273,1.6093168,1.609344,
12.3375,1.6095795631408691,1.6092818,1.6092713,1.6092986,,1.6094948053359985,1.6091824,1.6091719,1.609199,,1.6095606088638306,1.609254,1.6092435,1.6092707,,1.6096115112304688,1.6093149,1.6093044,1.6093316,
12.375,1.609567642211914,1.6092693,1.6092588,1.609286,,1.6094893217086792,1.6091764,1.6091659,1.6091932,,1.6095532178878784,1.6092464,1.6092359,1.6092632,,1.6095994710922241,1.6093024,1.6092919,1.6093192,
12.4125,1.609555959701538,1.6092567,1.6092463,1.6092736,,1.6094838380813599,1.6091706,1.6091601,1.6091874,,1.6095458269119263,1.6092387,1.6092283,1.6092556,,1.609587550163269,1.6092899,1.6092794,1.6093067,
12.45,1.6095443964004517,1.6092445,1.609234,1.6092612,,1.6094785928726196,1.6091648,1.6091543,1.6091815,,1.6095384359359741,1.609231,1.6092205,1.6092478,,1.609575629234314,1.6092774,1.6092669,1.6092942,
12.487499999999999,1.6095329523086548,1.6092322,1.6092217,1.609249,,1.6094733476638794,1.6091592,1.6091487,1.6091759,,1.6095309257507324,1.6092232,1.6092128,1.60924,,1.6095638275146484,1.609265,1.6092545,1.6092817,
12.525,1.6095218658447266,1.6092203,1.6092098,1.609237,,1.6094683408737183,1.6091537,1.6091431,1.6091704,,1.6095235347747803,1.6092155,1.609205,1.6092322,,1.6095521450042725,1.6092526,1.6092421,1.6092693,
12.5625,1.6095110177993774,1.6092085,1.609198,1.6092252,,1.6094634532928467,1.6091483,1.6091378,1.6091651,,1.6095162630081177,1.6092077,1.6091973,1.6092244,,1.6095407009124756,1.6092403,1.6092298,1.609257,
12.6,1.6095004081726074,1.6091969,1.6091864,1.6092136,,1.6094586849212646,1.6091431,1.6091326,1.6091598,,1.609508991241455,1.6092,1.6091895,1.6092168,,1.6095293760299683,1.6092281,1.6092176,1.609245,
12.6375,1.609490156173706,1.6091856,1.6091751,1.6092024,1.6072896021604537,1.6094540357589722,1.609138,1.6091275,1.6091547,1.60840267367661,1.609501838684082,1.6091925,1.6091819,1.6092092,1.6121251478791236,1.6095184087753296,1.6092162,1.6092057,1.609233,1.5973927366733551
12.674999999999999,1.6094801425933838,1.6091747,1.6091642,1.6091914,,1.6094496250152588,1.6091331,1.6091226,1.6091498,,1.6094948053359985,1.6091849,1.6091744,1.6092017,,1.6095075607299805,1.6092045,1.609194,1.6092213,
12.7125,1.6094706058502197,1.6091641,1.6091536,1.6091808,,1.609445333480835,1.6091284,1.6091179,1.609145,,1.6094878911972046,1.6091775,1.609167,1.6091942,,1.6094970703125,1.6091932,1.6091827,1.6092099,
12.75,1.6094613075256348,1.6091539,1.6091434,1.6091706,,1.6094412803649902,1.6091238,1.6091133,1.6091405,,1.6094812154769897,1.6091702,1.6091597,1.609187,,1.6094869375228882,1.609182,1.6091715,1.6091988,
12.7875,1.609452486038208,1.609144,1.6091335,1.6091607,,1.6094374656677246,1.6091195,1.609109,1.6091362,,1.6094746589660645,1.6091632,1.6091527,1.6091799,,1.609477162361145,1.6091713,1.6091608,1.609188,
12.825,1.6094441413879395,1.6091346,1.6091241,1.6091512,,1.6094337701797485,1.6091154,1.6091049,1.609132,,1.6094683408737183,1.6091561,1.6091456,1.6091729,,1.6094677448272705,1.6091608,1.6091503,1.6091775,
12.862499999999999,1.6094361543655396,1.6091255,1.609115,1.6091422,,1.6094303131103516,1.6091114,1.6091009,1.6091281,,1.6094622611999512,1.6091495,1.609139,1.6091661,,1.6094586849212646,1.6091506,1.6091402,1.6091675,
12.9,1.6094286441802979,1.6091169,1.6091064,1.6091336,,1.6094270944595337,1.6091077,1.6090972,1.6091244,,1.6094563007354736,1.6091429,1.6091324,1.6091597,,1.6094499826431274,1.609141,1.6091305,1.6091577,
12.9375,1.6094214916229248,1.6091087,1.6090982,1.6091254,,1.6094239950180054,1.6091042,1.6090937,1.6091208,,1.6094506978988647,1.6091367,1.6091262,1.6091534,,1.6094417572021484,1.6091317,1.6091212,1.6091485,
12.975,1.60941481590271,1.609101,1.6090906,1.6091177,,1.6094212532043457,1.6091008,1.6090903,1.6091176,,1.6094452142715454,1.6091306,1.6091201,1.6091473,,1.6094340085983276,1.6091229,1.6091124,1.6091396,
13.0125,1.6094086170196533,1.6090938,1.6090833,1.6091105,,1.609418511390686,1.6090977,1.6090872,1.6091145,,1.6094400882720947,1.6091248,1.6091143,1.6091416,,1.6094266176223755,1.6091145,1.609104,1.6091312,
13.049999999999999,1.6094028949737549,1.609087,1.6090765,1.6091037,,1.609416127204895,1.6090949,1.6090844,1.6091117,,1.6094352006912231,1.6091193,1.6091088,1.609136,,1.6094197034835815,1.6091065,1.609096,1.6091232,
13.0875,1.609397530555725,1.6090807,1.6090702,1.6090974,,1.6094138622283936,1.6090922,1.6090817,1.6091089,,1.6094305515289307,1.609114,1.6091036,1.6091307,,1.6094131469726562,1.609099,1.6090885,1.6091157,
13.125,1.6093926429748535,1.6090748,1.6090643,1.6090916,,1.6094118356704712,1.6090899,1.6090794,1.6091065,,1.6094262599945068,1.609109,1.6090986,1.6091257,,1.6094071865081787,1.609092,1.6090815,1.6091087,
13.1625,1.6093882322311401,1.6090695,1.6090591,1.6090863,,1.609410047531128,1.6090876,1.6090771,1.6091043,,1.609422206878662,1.6091044,1.6090939,1.6091211,,1.6094015836715698,1.6090854,1.609075,1.6091021,
13.2,1.609384298324585,1.6090646,1.6090541,1.6090813,,1.6094084978103638,1.6090856,1.6090751,1.6091022,,1.6094183921813965,1.6091,1.6090895,1.6091167,,1.6093964576721191,1.6090792,1.6090689,1.609096,
13.237499999999999,1.6093807220458984,1.6090602,1.6090497,1.6090769,,1.6094070672988892,1.6090838,1.6090733,1.6091005,,1.6094149351119995,1.6090958,1.6090853,1.6091125,,1.6093918085098267,1.6090736,1.6090631,1.6090903,
13.275,1.6093776226043701,1.6090562,1.6090457,1.6090729,,1.609405755996704,1.6090822,1.6090717,1.6090989,,1.6094117164611816,1.609092,1.6090815,1.6091087,,1.6093875169754028,1.6090685,1.609058,1.6090852,
13.3125,1.6093748807907104,1.6090527,1.6090422,1.6090693,,1.6094046831130981,1.6090808,1.6090703,1.6090975,,1.6094087362289429,1.6090884,1.6090779,1.6091051,,1.6093837022781372,1.6090637,1.6090533,1.6090804,
13.35,1.609372615814209,1.6090496,1.6090391,1.6090662,,1.6094038486480713,1.6090796,1.6090691,1.6090963,,1.6094059944152832,1.6090852,1.6090747,1.6091019,,1.6093803644180298,1.6090595,1.6090491,1.6090763,
13.3875,1.6093707084655762,1.6090468,1.6090363,1.6090635,,1.609403133392334,1.6090785,1.609068,1.6090952,,1.6094036102294922,1.6090822,1.6090717,1.6090989,,1.609377384185791,1.6090556,1.6090453,1.6090724,
13.424999999999999,1.6093690395355225,1.6090446,1.6090341,1.6090612,1.611739237755537,1.6094025373458862,1.6090777,1.6090672,1.6090944,1.6196479642391204,1.6094014644622803,1.6090795,1.609069,1.6090962,1.6035086572170258,1.609374761581421,1.6090523,1.6090418,1.609069,1.6113689109683036
13.4625,1.609367847442627,1.6090426,1.6090322,1.6090593,,1.6094021797180176,1.609077,1.6090665,1.6090937,,1.6093995571136475,1.6090771,1.6090666,1.6090938,,1.609372615814209,1.6090493,1.6090388,1.609066,
13.5,1.6093670129776,1.6090411,1.6090307,1.6090579,,1.609401822090149,1.6090765,1.609066,1.6090932,,1.6093978881835938,1.609075,1.6090645,1.6090916,,1.6093708276748657,1.6090468,1.6090363,1.6090635,
13.5375,1.6093664169311523,1.60904,1.6090295,1.6090567,,1.6094017028808594,1.6090761,1.6090657,1.6090928,,1.6093964576721191,1.609073,1.6090626,1.6090897,,1.6093692779541016,1.6090447,1.6090342,1.6090614,
13.575,1.6093661785125732,1.6090392,1.6090287,1.6090559,,1.609401822090149,1.6090759,1.6090654,1.6090926,,1.6093952655792236,1.6090714,1.6090609,1.6090881,,1.6093682050704956,1.6090429,1.6090324,1.6090596,
13.612499999999999,1.6093661785125732,1.6090387,1.6090282,1.6090554,,1.6094019412994385,1.6090758,1.6090653,1.6090925,,1.6093943119049072,1.60907,1.6090595,1.6090866,,1.6093673706054688,1.6090415,1.609031,1.6090581,
13.65,1.609366536140442,1.6090385,1.609028,1.6090552,,1.6094021797180176,1.6090759,1.6090654,1.6090926,,1.60939359664917,1.6090688,1.6090583,1.6090856,,1.6093668937683105,1.6090404,1.6090299,1.6090571,
13.6875,1.6093670129776,1.6090386,1.6090281,1.6090553,,1.6094025373458862,1.609076,1.6090655,1.6090928,,1.6093931198120117,1.6090679,1.6090574,1.6090846,,1.609366774559021,1.6090395,1.6090292,1.6090564,
13.725,1.609367847442627,1.609039,1.6090285,1.6090556,,1.6094030141830444,1.6090764,1.6090659,1.6090931,,1.609392762184143,1.6090671,1.6090567,1.6090839,,1.609366774559021,1.6090392,1.6090287,1.6090559,
13.7625,1.6093688011169434,1.6090395,1.609029,1.6090562,,1.6094036102294922,1.6090767,1.6090664,1.6090935,,1.609392523765564,1.6090666,1.6090561,1.6090833,,1.6093671321868896,1.6090391,1.6090286,1.6090558,
13.799999999999999,1.6093699932098389,1.6090404,1.6090299,1.6090572,,1.60940420627594,1.6090773,1.6090668,1.609094,,1.609392523765564,1.6090662,1.6090558,1.609083,,1.6093677282333374,1.6090392,1.6090287,1.6090559,
13.8375,1.6093714237213135,1.6090415,1.609031,1.6090583,,1.6094049215316772,1.6090779,1.6090674,1.6090946,,1.609392762184143,1.6090661,1.6090556,1.6090828,,1.6093685626983643,1.6090395,1.609029,1.6090564,
13.875,1.6093729734420776,1.6090428,1.6090323,1.6090595,,1.609405755996704,1.6090786,1.6090682,1.6090953,,1.6093930006027222,1.6090662,1.6090558,1.6090829,,1.6093695163726807,1.6090403,1.6090298,1.609057,
13.9125,1.6093746423721313,1.6090442,1.6090337,1.6090609,,1.609406590461731,1.6090794,1.6090689,1.6090962,,1.6093934774398804,1.6090664,1.6090559,1.609083,,1.6093708276748657,1.6090411,1.6090306,1.6090578,
13.95,1.6093764305114746,1.6090459,1.6090354,1.6090626,,1.6094075441360474,1.6090802,1.6090697,1.609097,,1.6093940734863281,1.6090667,1.6090562,1.6090834,,1.6093721389770508,1.6090422,1.6090317,1.6090589,
13.987499999999999,1.6093783378601074,1.6090477,1.6090372,1.6090643,,1.6094084978103638,1.6090811,1.6090707,1.6090978,,1.6093947887420654,1.6090672,1.6090567,1.609084,,1.609373688697815,1.6090435,1.609033,1.6090602,
14.025,1.6093803644180298,1.6090496,1.6090391,1.6090662,,1.6094094514846802,1.6090821,1.6090716,1.6090988,,1.6093956232070923,1.6090679,1.6090574,1.6090846,,1.6093753576278687,1.6090449,1.6090344,1.6090616,
14.0625,1.6093825101852417,1.6090516,1.6090411,1.6090683,,1.6094105243682861,1.6090832,1.6090727,1.6090999,,1.6093965768814087,1.6090686,1.6090581,1.6090853,,1.609377145767212,1.6090466,1.6090361,1.6090633,
14.1,1.6093847751617432,1.6090537,1.6090432,1.6090704,,1.609411597251892,1.6090842,1.6090738,1.6091009,,1.609397530555725,1.6090695,1.609059,1.6090862,,1.6093790531158447,1.6090482,1.6090378,1.6090649,
14.1375,1.6093870401382446,1.6090559,1.6090454,1.6090726,,1.609412670135498,1.6090853,1.6090748,1.609102,,1.609398603439331,1.6090704,1.6090599,1.6090871,,1.609381079673767,1.6090502,1.6090397,1.6090668,
14.174999999999999,1.609389305114746,1.6090581,1.6090477,1.609075,,1.6094138622283936,1.6090864,1.6090759,1.6091032,,1.6093997955322266,1.6090715,1.609061,1.6090882,,1.609383225440979,1.6090522,1.6090417,1.6090689,
14.2125,1.609391689300537,1.6090605,1.60905,1.6090772,1.6142179369926453,1.609415054321289,1.6090876,1.6090771,1.6091043,1.6042723321914674,1.609400987625122,1.6090727,1.6090622,1.6090894,1.6077069841325282,1.609385371208191,1.6090542,1.6090437,1.6090709,1.6090149080753327
14.25,1.6093940734863281,1.6090629,1.6090524,1.6090797,,1.609416127204895,1.6090888,1.6090783,1.6091055,,1.6094022989273071,1.6090739,1.6090634,1.6090906,,1.6093876361846924,1.6090564,1.609046,1.6090732,
14.2875,1.6093964576721191,1.6090654,1.6090549,1.6090821,,1.6094173192977905,1.60909,1.6090795,1.6091067,,1.6094037294387817,1.6090752,1.6090647,1.6090919,,1.6093899011611938,1.6090586,1.6090481,1.6090754,
14.325,1.6093989610671997,1.6090679,1.6090574,1.6090846,,1.609418511390686,1.6090912,1.6090807,1.609108,,1.6094050407409668,1.6090765,1.609066,1.6090932,,1.6093921661376953,1.609061,1.6090505,1.6090777,
14.362499999999999,1.6094013452529907,1.6090704,1.6090599,1.6090871,,1.6094197034835815,1.6090925,1.609082,1.6091092,,1.6094064712524414,1.6090778,1.6090673,1.6090946,,1.6093945503234863,1.6090634,1.6090529,1.6090801,
14.399999999999999,1.6094037294387817,1.6090729,1.6090624,1.6090896,,1.609420895576477,1.6090937,1.6090832,1.6091104,,1.609407901763916,1.6090792,1.6090688,1.609096,,1.6093969345092773,1.6090658,1.6090553,1.6090825,
14.4375,1.6094061136245728,1.6090754,1.6090649,1.6090921,,1.609421968460083,1.6090949,1.6090844,1.6091115,,1.6094093322753906,1.6090808,1.6090703,1.6090975,,1.6093993186950684,1.6090682,1.6090577,1.6090848,
14.475,1.6094084978103638,1.6090779,1.6090674,1.6090946,,1.6094231605529785,1.609096,1.6090856,1.6091129,,1.6094108819961548,1.6090822,1.6090717,1.609099,,1.6094017028808594,1.6090707,1.6090602,1.6090873,
14.5125,1.6094108819961548,1.6090804,1.60907,1.6090971,,1.609424352645874,1.6090974,1.6090869,1.609114,,1.6094123125076294,1.6090838,1.6090733,1.6091005,,1.6094040870666504,1.6090732,1.6090627,1.6090899,
14.549999999999999,1.6094132661819458,1.6090829,1.6090724,1.6090996,,1.60942542552948,1.6090986,1.6090881,1.6091152,,1.6094138622283936,1.6090853,1.6090748,1.609102,,1.6094064712524414,1.6090755,1.609065,1.6090924,
14.587499999999999,1.6094155311584473,1.6090853,1.6090748,1.6091021,,1.6094266176223755,1.6090997,1.6090893,1.6091164,,1.6094154119491577,1.6090869,1.6090764,1.6091036,,1.6094087362289429,1.609078,1.6090676,1.6090947,
14.625,1.6094177961349487,1.6090878,1.6090773,1.6091045,,1.6094276905059814,1.6091009,1.6090904,1.6091176,,1.6094168424606323,1.6090884,1.6090779,1.6091051,,1.6094111204147339,1.6090806,1.6090701,1.6090972,
14.6625,1.6094199419021606,1.6090902,1.6090797,1.6091069,,1.6094287633895874,1.609102,1.6090915,1.6091188,,1.6094183921813965,1.60909,1.6090795,1.6091067,,1.6094133853912354,1.6090829,1.6090724,1.6090997,
14.7,1.6094220876693726,1.6090925,1.609082,1.6091093,,1.6094298362731934,1.6091032,1.6090927,1.6091199,,1.609419822692871,1.6090915,1.609081,1.6091083,,1.6094156503677368,1.6090854,1.609075,1.6091021,
14.737499999999999,1.6094242334365845,1.6090949,1.6090844,1.6091115,,1.6094309091567993,1.6091044,1.6090939,1.6091211,,1.6094212532043457,1.6090931,1.6090826,1.6091099,,1.6094179153442383,1.6090878,1.6090773,1.6091045,
14.774999999999999,1.6094262599945068,1.6090971,1.6090866,1.6091138,,1.6094318628311157,1.6091055,1.609095,1.6091222,,1.6094228029251099,1.6090946,1.6090841,1.6091114,,1.6094200611114502,1.6090902,1.6090797,1.6091069,
14.8125,1.6094282865524292,1.6090993,1.6090888,1.609116,,1.6094328165054321,1.6091065,1.609096,1.6091232,,1.6094242334365845,1.6090962,1.6090857,1.609113,,1.609422206878662,1.6090925,1.609082,1.6091092,
14.85,1.609430193901062,1.6091014,1.6090909,1.6091181,,1.6094337701797485,1.6091076,1.6090971,1.6091243,,1.6094255447387695,1.6090977,1.6090872,1.6091144,,1.609424352645874,1.6090947,1.6090842,1.6091115,
14.8875,1.6094321012496948,1.6091036,1.6090931,1.6091202,,1.609434723854065,1.6091087,1.6090981,1.6091254,,1.6094269752502441,1.6090993,1.6090887,1.609116,,1.6094263792037964,1.609097,1.6090865,1.6091137,
14.924999999999999,1.609433889389038,1.6091056,1.6090951,1.6091223,,1.6094356775283813,1.6091096,1.6090991,1.6091263,,1.6094282865524292,1.6091007,1.6090902,1.6091174,,1.6094282865524292,1.6090993,1.6090888,1.609116,
14.962499999999999,1.6094356775283813,1.6091075,1.609097,1.6091243,,1.6094365119934082,1.6091106,1.6091001,1.6091273,,1.6094297170639038,1.6091021,1.6090916,1.6091188,,1.6094303131103516,1.6091014,1.6090909,1.6091181,
15.0,1.609437346458435,1.6091094,1.6090989,1.6091262,1.6111961348354817,1.609437346458435,1.6091115,1.609101,1.6091282,1.603545490503311,1.6094309091567993,1.6091036,1.6090931,1.6091202,1.606302112042904,1.6094321012496948,1.6091034,1.609093,1.6091201,1.6029077309370041
