method_key,panel_index,request_count_k,deployment_seconds,panel_initialization_seconds,warm_query_sum_seconds,online_amortized_seconds,total_amortized_seconds
de,0,1,0.0,0.0,96.04426866676658,96.04426866676658,96.04426866676658
de,0,5,0.0,0.0,482.3217933829874,96.46435867659747,96.46435867659747
de,0,10,0.0,0.0,967.3523033591919,96.73523033591918,96.73523033591918
de,0,25,0.0,0.0,2419.1357963108458,96.76543185243384,96.76543185243384
de,0,50,0.0,0.0,4830.714624010958,96.61429248021915,96.61429248021915
de,0,100,0.0,0.0,9665.928389141336,96.65928389141337,96.65928389141337
de,0,200,0.0,0.0,19310.015596114565,96.55007798057282,96.55007798057282
de,1,1,0.0,0.0,97.73071549693123,97.73071549693123,97.73071549693123
de,1,5,0.0,0.0,485.05894694058225,97.01178938811645,97.01178938811645
de,1,10,0.0,0.0,971.3565445784479,97.1356544578448,97.1356544578448
de,1,25,0.0,0.0,2432.999287416227,97.31997149664909,97.31997149664909
de,1,50,0.0,0.0,4895.434728607535,97.90869457215071,97.90869457215071
de,1,100,0.0,0.0,9809.272423233837,98.09272423233837,98.09272423233837
de,1,200,0.0,0.0,19656.45754622575,98.28228773112875,98.28228773112875
de,2,1,0.0,0.0,94.1450523850508,94.1450523850508,94.1450523850508
de,2,5,0.0,0.0,471.78628908423707,94.35725781684741,94.35725781684741
de,2,10,0.0,0.0,949.5120994136669,94.95120994136668,94.95120994136668
de,2,25,0.0,0.0,2390.096041422803,95.60384165691212,95.60384165691212
de,2,50,0.0,0.0,4797.644831664395,95.95289663328789,95.95289663328789
de,2,100,0.0,0.0,9628.28638219228,96.2828638219228,96.2828638219228
de,2,200,0.0,0.0,19311.332047641277,96.55666023820639,96.55666023820639
de,3,1,0.0,0.0,99.23830355191603,99.23830355191603,99.23830355191603
de,3,5,0.0,0.0,496.9016685676761,99.38033371353522,99.38033371353522
de,3,10,0.0,0.0,993.9167081313208,99.39167081313208,99.39167081313208
de,3,25,0.0,0.0,2491.59885146562,99.66395405862481,99.66395405862481
de,3,50,0.0,0.0,4980.403607269749,99.60807214539498,99.60807214539498
de,3,100,0.0,0.0,9944.121388549916,99.44121388549917,99.44121388549917
de,3,200,0.0,0.0,19905.056058489252,99.52528029244625,99.52528029244625
de,4,1,0.0,0.0,97.84504885412753,97.84504885412753,97.84504885412753
de,4,5,0.0,0.0,490.6977548622526,98.13955097245052,98.13955097245052
de,4,10,0.0,0.0,986.0523121291772,98.60523121291772,98.60523121291772
de,4,25,0.0,0.0,2471.342541978229,98.85370167912916,98.85370167912916
de,4,50,0.0,0.0,4934.54728693096,98.69094573861919,98.69094573861919
de,4,100,0.0,0.0,9848.489063171204,98.48489063171205,98.48489063171205
de,4,200,0.0,0.0,19707.16487665288,98.53582438326441,98.53582438326441
de,5,1,0.0,0.0,97.47691831085831,97.47691831085831,97.47691831085831
de,5,5,0.0,0.0,488.2324248906225,97.6464849781245,97.6464849781245
de,5,10,0.0,0.0,978.6726180482656,97.86726180482655,97.86726180482655
de,5,25,0.0,0.0,2463.7096681436524,98.5483867257461,98.5483867257461
de,5,50,0.0,0.0,4952.458177353721,99.04916354707443,99.04916354707443
de,5,100,0.0,0.0,9915.959544389043,99.15959544389042,99.15959544389042
de,5,200,0.0,0.0,19695.394514434505,98.47697257217253,98.47697257217253
de,6,1,0.0,0.0,95.1279797819443,95.1279797819443,95.1279797819443
de,6,5,0.0,0.0,479.98729337845,95.99745867569,95.99745867569
de,6,10,0.0,0.0,963.2889994457364,96.32889994457364,96.32889994457364
de,6,25,0.0,0.0,2414.7593893655576,96.5903755746223,96.5903755746223
de,6,50,0.0,0.0,4848.159376918804,96.96318753837608,96.96318753837608
de,6,100,0.0,0.0,9744.343292803038,97.44343292803038,97.44343292803038
de,6,200,0.0,0.0,19550.908388637938,97.7545419431897,97.7545419431897
de,7,1,0.0,0.0,94.58026703400537,94.58026703400537,94.58026703400537
de,7,5,0.0,0.0,478.2910031429492,95.65820062858984,95.65820062858984
de,7,10,0.0,0.0,963.6237553274259,96.36237553274259,96.36237553274259
de,7,25,0.0,0.0,2419.6123422477394,96.78449368990958,96.78449368990958
de,7,50,0.0,0.0,4840.729980103672,96.81459960207343,96.81459960207343
de,7,100,0.0,0.0,9661.300812340807,96.61300812340806,96.61300812340806
de,7,200,0.0,0.0,19366.939950578846,96.83469975289422,96.83469975289422
de,8,1,0.0,0.0,96.0253315703012,96.0253315703012,96.0253315703012
de,8,5,0.0,0.0,479.5018736580387,95.90037473160774,95.90037473160774
de,8,10,0.0,0.0,958.8508611465804,95.88508611465804,95.88508611465804
de,8,25,0.0,0.0,2390.863983272575,95.63455933090299,95.63455933090299
de,8,50,0.0,0.0,4762.283930823207,95.24567861646413,95.24567861646413
de,8,100,0.0,0.0,9494.963607908692,94.94963607908693,94.94963607908693
de,8,200,0.0,0.0,18993.45820860099,94.96729104300495,94.96729104300495
de,9,1,0.0,0.0,96.2287871548906,96.2287871548906,96.2287871548906
de,9,5,0.0,0.0,481.6081768940203,96.32163537880406,96.32163537880406
de,9,10,0.0,0.0,962.9466331177391,96.29466331177392,96.29466331177392
de,9,25,0.0,0.0,2408.946946270764,96.35787785083056,96.35787785083056
de,9,50,0.0,0.0,4808.299331962597,96.16598663925193,96.16598663925193
de,9,100,0.0,0.0,9607.956740382593,96.07956740382593,96.07956740382593
de,9,200,0.0,0.0,19178.242734979838,95.89121367489919,95.89121367489919
de,10,1,0.0,0.0,96.35892135184258,96.35892135184258,96.35892135184258
de,10,5,0.0,0.0,480.713374432642,96.1426748865284,96.1426748865284
de,10,10,0.0,0.0,963.2521408651955,96.32521408651955,96.32521408651955
de,10,25,0.0,0.0,2419.541042037774,96.78164168151096,96.78164168151096
de,10,50,0.0,0.0,4821.240099122748,96.42480198245495,96.42480198245495
de,10,100,0.0,0.0,9604.703906076029,96.04703906076028,96.04703906076028
de,10,200,0.0,0.0,19172.29357140977,95.86146785704885,95.86146785704885
de,11,1,0.0,0.0,99.47169730905443,99.47169730905443,99.47169730905443
de,11,5,0.0,0.0,495.48831863468513,99.09766372693703,99.09766372693703
de,11,10,0.0,0.0,989.0767253343947,98.90767253343947,98.90767253343947
de,11,25,0.0,0.0,2459.1219723685645,98.36487889474257,98.36487889474257
de,11,50,0.0,0.0,4920.847916857339,98.4169583371468,98.4169583371468
de,11,100,0.0,0.0,9809.874069456477,98.09874069456477,98.09874069456477
de,11,200,0.0,0.0,19597.070956441574,97.98535478220786,97.98535478220786
de,12,1,0.0,0.0,98.72602876415476,98.72602876415476,98.72602876415476
de,12,5,0.0,0.0,495.3829354373738,99.07658708747476,99.07658708747476
de,12,10,0.0,0.0,991.3156874380074,99.13156874380074,99.13156874380074
de,12,25,0.0,0.0,2471.550722748507,98.86202890994028,98.86202890994028
de,12,50,0.0,0.0,4928.877934016753,98.57755868033506,98.57755868033506
de,12,100,0.0,0.0,9835.669104636647,98.35669104636646,98.35669104636646
de,12,200,0.0,0.0,19617.440458502155,98.08720229251077,98.08720229251077
de,13,1,0.0,0.0,98.66475053690374,98.66475053690374,98.66475053690374
de,13,5,0.0,0.0,490.7646031314507,98.15292062629014,98.15292062629014
de,13,10,0.0,0.0,980.1455710837618,98.01455710837618,98.01455710837618
de,13,25,0.0,0.0,2445.0687471032143,97.80274988412857,97.80274988412857
de,13,50,0.0,0.0,4900.764315366279,98.01528630732558,98.01528630732558
de,13,100,0.0,0.0,9797.018368088175,97.97018368088175,97.97018368088175
de,13,200,0.0,0.0,19598.265489423182,97.9913274471159,97.9913274471159
de,14,1,0.0,0.0,97.97270845202729,97.97270845202729,97.97270845202729
de,14,5,0.0,0.0,491.06686817482114,98.21337363496423,98.21337363496423
de,14,10,0.0,0.0,983.5715314904228,98.35715314904228,98.35715314904228
de,14,25,0.0,0.0,2443.6026726453565,97.74410690581426,97.74410690581426
de,14,50,0.0,0.0,4852.222974955104,97.04445949910209,97.04445949910209
de,14,100,0.0,0.0,9688.22373020742,96.8822373020742,96.8822373020742
de,14,200,0.0,0.0,19391.99817547435,96.95999087737175,96.95999087737175
de,15,1,0.0,0.0,99.59903501020744,99.59903501020744,99.59903501020744
de,15,5,0.0,0.0,493.0879603018984,98.61759206037968,98.61759206037968
de,15,10,0.0,0.0,984.5775406640023,98.45775406640023,98.45775406640023
de,15,25,0.0,0.0,2455.268520827871,98.21074083311483,98.21074083311483
de,15,50,0.0,0.0,4900.841824647505,98.01683649295009,98.01683649295009
de,15,100,0.0,0.0,9805.980468871072,98.05980468871071,98.05980468871071
de,15,200,0.0,0.0,19595.139149868395,97.97569574934198,97.97569574934198
de,16,1,0.0,0.0,95.63485940778628,95.63485940778628,95.63485940778628
de,16,5,0.0,0.0,480.8244026177563,96.16488052355126,96.16488052355126
de,16,10,0.0,0.0,961.5414152201265,96.15414152201265,96.15414152201265
de,16,25,0.0,0.0,2404.2608440881595,96.17043376352638,96.17043376352638
de,16,50,0.0,0.0,4822.441837674007,96.44883675348014,96.44883675348014
de,16,100,0.0,0.0,9662.078474294394,96.62078474294394,96.62078474294394
de,16,200,0.0,0.0,19352.744799180422,96.76372399590211,96.76372399590211
de,17,1,0.0,0.0,95.48721629893407,95.48721629893407,95.48721629893407
de,17,5,0.0,0.0,487.48377567110583,97.49675513422116,97.49675513422116
de,17,10,0.0,0.0,968.8916606795974,96.88916606795974,96.88916606795974
de,17,25,0.0,0.0,2433.5506982556544,97.34202793022618,97.34202793022618
de,17,50,0.0,0.0,4875.892084456515,97.5178416891303,97.5178416891303
de,17,100,0.0,0.0,9729.0851519024,97.290851519024,97.290851519024
de,17,200,0.0,0.0,19366.178859606385,96.83089429803192,96.83089429803192
de,18,1,0.0,0.0,96.32816915493459,96.32816915493459,96.32816915493459
de,18,5,0.0,0.0,486.9692501090467,97.39385002180934,97.39385002180934
de,18,10,0.0,0.0,965.5041528930888,96.55041528930887,96.55041528930887
de,18,25,0.0,0.0,2411.261857974343,96.45047431897372,96.45047431897372
de,18,50,0.0,0.0,4797.054416469298,95.94108832938596,95.94108832938596
de,18,100,0.0,0.0,9677.772793474142,96.77772793474142,96.77772793474142
de,18,200,0.0,0.0,19527.8906192421,97.63945309621049,97.63945309621049
de,19,1,0.0,0.0,97.28565728710964,97.28565728710964,97.28565728710964
de,19,5,0.0,0.0,485.0537179345265,97.0107435869053,97.0107435869053
de,19,10,0.0,0.0,977.8152424264699,97.781524242647,97.781524242647
de,19,25,0.0,0.0,2456.5842419546098,98.26336967818439,98.26336967818439
de,19,50,0.0,0.0,4915.181000667624,98.30362001335249,98.30362001335249
de,19,100,0.0,0.0,9851.0762419221,98.510762419221,98.510762419221
de,19,200,0.0,0.0,19718.36689304607,98.59183446523035,98.59183446523035
frozen,0,1,5.7185678475070745,0.006503107026219368,2.0582702923566103,2.0647733993828297,7.783341246889904
frozen,0,5,5.7185678475070745,0.006503107026219368,9.814179251901805,1.964136471785605,3.10785004128702
frozen,0,10,5.7185678475070745,0.006503107026219368,21.051773766521364,2.1058276873547586,2.677684472105466
frozen,0,25,5.7185678475070745,0.006503107026219368,49.74467345606536,1.990047062523663,2.218789776423946
frozen,0,50,5.7185678475070745,0.006503107026219368,97.73447137791663,1.954819489698857,2.0691908466489988
frozen,0,100,5.7185678475070745,0.006503107026219368,193.47086704848334,1.9347737015550956,1.9919593800301663
frozen,0,200,5.7185678475070745,0.006503107026219368,396.12752726022154,1.9806701518362388,2.0092629910737743
frozen,1,1,5.7185678475070745,0.006667586974799633,2.670079978648573,2.676747565623373,8.395315413130447
frozen,1,5,5.7185678475070745,0.006667586974799633,9.565239639021456,1.9143814451992511,3.0580950147006662
frozen,1,10,5.7185678475070745,0.006667586974799633,18.765514923725277,1.8772182510700077,2.449075035820715
frozen,1,25,5.7185678475070745,0.006667586974799633,47.374124019406736,1.8952316642552614,2.1239743781555442
frozen,1,50,5.7185678475070745,0.006667586974799633,96.41066834749654,1.9283467186894268,2.042718075639568
frozen,1,100,5.7185678475070745,0.006667586974799633,193.21170800970867,1.9321837559668347,1.9893694344419055
frozen,1,200,5.7185678475070745,0.006667586974799633,397.6769132381305,1.9884179041255265,2.0170107433630617
frozen,2,1,5.7185678475070745,0.005772829987108707,2.516514616087079,2.5222874460741878,8.240855293581262
frozen,2,5,5.7185678475070745,0.005772829987108707,9.71051976736635,1.9432585194706917,3.0869720889721064
frozen,2,10,5.7185678475070745,0.005772829987108707,20.735224021598697,2.0740996851585805,2.645956469909288
frozen,2,25,5.7185678475070745,0.005772829987108707,49.31009609391913,1.9726347569562495,2.2013774708565323
frozen,2,50,5.7185678475070745,0.005772829987108707,102.15373075706884,2.043190071741119,2.1575614286912606
frozen,2,100,5.7185678475070745,0.005772829987108707,203.60563581995666,2.036114086499438,2.0932997649745086
frozen,2,200,5.7185678475070745,0.005772829987108707,392.05009138723835,1.9602793210861273,1.9888721603236628
frozen,3,1,5.7185678475070745,0.007249845191836357,1.942625856027007,1.9498757012188435,7.668443548725918
frozen,3,5,5.7185678475070745,0.007249845191836357,12.257075389381498,2.452865046914667,3.596578616416082
frozen,3,10,5.7185678475070745,0.007249845191836357,22.74598687235266,2.2753236717544496,2.847180456505157
frozen,3,25,5.7185678475070745,0.007249845191836357,51.4925946444273,2.0599937795847656,2.2887364934850485
frozen,3,50,5.7185678475070745,0.007249845191836357,106.36401050025597,2.1274252069089563,2.2417965638590975
frozen,3,100,5.7185678475070745,0.007249845191836357,205.03795337537304,2.0504520322056488,2.1076377106807196
frozen,3,200,5.7185678475070745,0.007249845191836357,388.2939046085812,1.9415057722688653,1.9700986115064005
frozen,4,1,5.7185678475070745,0.005558914039283991,2.4119081762619317,2.4174670903012156,8.13603493780829
frozen,4,5,5.7185678475070745,0.005558914039283991,10.158674694597721,2.032846721727401,3.176560291228816
frozen,4,10,5.7185678475070745,0.005558914039283991,20.854283940047026,2.085984285408631,2.6578410701593382
frozen,4,25,5.7185678475070745,0.005558914039283991,47.73686036840081,1.9096967712976038,2.1384394851978867
frozen,4,50,5.7185678475070745,0.005558914039283991,92.69378835568205,1.8539869453944267,1.968358302344568
frozen,4,100,5.7185678475070745,0.005558914039283991,184.70179499825463,1.8470735391229391,1.9042592175980098
frozen,4,200,5.7185678475070745,0.005558914039283991,376.2598081044853,1.8813268350926229,1.909919674330158
frozen,5,1,5.7185678475070745,0.005730728153139353,1.623639942612499,1.6293706707656384,7.347938518272713
frozen,5,5,5.7185678475070745,0.005730728153139353,8.14151557115838,1.6294492598623038,2.7731628293637187
frozen,5,10,5.7185678475070745,0.005730728153139353,17.24926098063588,1.725499170878902,2.2973559556296097
frozen,5,25,5.7185678475070745,0.005730728153139353,42.42807375639677,1.6973521793819963,1.9260948932822795
frozen,5,50,5.7185678475070745,0.005730728153139353,88.941499278415,1.7789446001313627,1.8933159570815041
frozen,5,100,5.7185678475070745,0.005730728153139353,186.9630226008594,1.8696875332901255,1.926873211765196
frozen,5,200,5.7185678475070745,0.005730728153139353,384.5325900558382,1.9226916039199569,1.9512844431574923
frozen,6,1,5.7185678475070745,0.007057765033096075,1.948526693508029,1.955584458541125,7.6741523060481995
frozen,6,5,5.7185678475070745,0.007057765033096075,9.508847135584801,1.9031809801235795,3.0468945496249944
frozen,6,10,5.7185678475070745,0.007057765033096075,20.187586161773652,2.019464392680675,2.5913211774313822
frozen,6,25,5.7185678475070745,0.007057765033096075,52.42284446489066,2.09719608919695,2.325938803097233
frozen,6,50,5.7185678475070745,0.007057765033096075,110.09165232628584,2.2019742018263786,2.3163455587765203
frozen,6,100,5.7185678475070745,0.007057765033096075,219.44408240821213,2.194511401732452,2.251697080207523
frozen,6,200,5.7185678475070745,0.007057765033096075,437.4684722344391,2.187377649997361,2.2159704892348966
frozen,7,1,5.7185678475070745,0.00721442187204957,2.1054963720962405,2.11271079396829,7.831278641475365
frozen,7,5,5.7185678475070745,0.00721442187204957,9.764532840810716,1.9543494525365532,3.098063022037968
frozen,7,10,5.7185678475070745,0.00721442187204957,20.386886642314494,2.0394101064186545,2.611266891169362
frozen,7,25,5.7185678475070745,0.00721442187204957,49.64371677581221,1.9860372479073702,2.214779961807653
frozen,7,50,5.7185678475070745,0.00721442187204957,95.66707276459783,1.9134857437293977,2.027857100679539
frozen,7,100,5.7185678475070745,0.00721442187204957,190.79898019181564,1.9080619461368769,1.9652476246119477
frozen,7,200,5.7185678475070745,0.00721442187204957,383.0504133235663,1.9152881387271918,1.9438809779647273
frozen,8,1,5.7185678475070745,0.00667872279882431,2.570438871625811,2.577117594424635,8.29568544193171
frozen,8,5,5.7185678475070745,0.00667872279882431,10.39246735908091,2.079829216375947,3.223542785877362
frozen,8,10,5.7185678475070745,0.00667872279882431,20.410867287311703,2.0417546010110526,2.61361138576176
frozen,8,25,5.7185678475070745,0.00667872279882431,50.24528447724879,2.0100785280019045,2.2388212419021873
frozen,8,50,5.7185678475070745,0.00667872279882431,102.27186057623476,2.0455707859806718,2.159942142930813
frozen,8,100,5.7185678475070745,0.00667872279882431,212.72881362214684,2.127354923449457,2.1845406019245273
frozen,8,200,5.7185678475070745,0.00667872279882431,424.4387950031087,2.1222273686295376,2.150820207867073
frozen,9,1,5.7185678475070745,0.007166435942053795,2.3396839341148734,2.346850370056927,8.065418217564002
frozen,9,5,5.7185678475070745,0.007166435942053795,9.293611301109195,1.8601555474102498,3.0038691169116647
frozen,9,10,5.7185678475070745,0.007166435942053795,19.29812524560839,1.9305291681550443,2.502385952905752
frozen,9,25,5.7185678475070745,0.007166435942053795,46.531396543141454,1.8615425191633403,2.0902852330636232
frozen,9,50,5.7185678475070745,0.007166435942053795,94.23308603139594,1.8848050493467599,1.9991764062969013
frozen,9,100,5.7185678475070745,0.007166435942053795,190.93688471149653,1.9094405114743858,1.9666261899494566
frozen,9,200,5.7185678475070745,0.007166435942053795,381.78481005877256,1.9089598824735732,1.9375527217111084
frozen,10,1,5.7185678475070745,0.0059003932401537895,2.559440370183438,2.565340763423592,8.283908610930666
frozen,10,5,5.7185678475070745,0.0059003932401537895,10.82350041391328,2.1658801614306866,3.3095937309321015
frozen,10,10,5.7185678475070745,0.0059003932401537895,22.83513635257259,2.2841036745812744,2.855960459331982
frozen,10,25,5.7185678475070745,0.0059003932401537895,53.01695433445275,2.120914189107716,2.349656903007999
frozen,10,50,5.7185678475070745,0.0059003932401537895,104.42634388059378,2.0886448854766786,2.2030162424268203
frozen,10,100,5.7185678475070745,0.0059003932401537895,212.79615412885323,2.128020545220934,2.185206223696005
frozen,10,200,5.7185678475070745,0.0059003932401537895,429.64005023706704,2.148229753151536,2.176822592389071
frozen,11,1,5.7185678475070745,0.005936153698712587,2.377640552818775,2.3835767065174878,8.102144554024562
frozen,11,5,5.7185678475070745,0.005936153698712587,9.72696622274816,1.9465804752893745,3.0902940447907894
frozen,11,10,5.7185678475070745,0.005936153698712587,19.59535030880943,1.9601286462508143,2.5319854310015217
frozen,11,25,5.7185678475070745,0.005936153698712587,50.39467658801004,2.01602450966835,2.2447672235686333
frozen,11,50,5.7185678475070745,0.005936153698712587,95.01975733553991,1.9005138697847723,2.014885226734914
frozen,11,100,5.7185678475070745,0.005936153698712587,191.64440240245312,1.9165033855615183,1.9736890640365892
frozen,11,200,5.7185678475070745,0.005936153698712587,385.8465429027565,1.929262395282276,1.9578552345198112
frozen,12,1,5.7185678475070745,0.006927059032022953,2.390315692871809,2.397242751903832,8.115810599410906
frozen,12,5,5.7185678475070745,0.006927059032022953,10.750346949789673,2.151454801764339,3.295168371265754
frozen,12,10,5.7185678475070745,0.006927059032022953,21.933305700775236,2.194023275980726,2.7658800607314333
frozen,12,25,5.7185678475070745,0.006927059032022953,55.28830086346716,2.211809116899967,2.44055183080025
frozen,12,50,5.7185678475070745,0.006927059032022953,114.07733035460114,2.2816851482726634,2.3960565052228047
frozen,12,100,5.7185678475070745,0.006927059032022953,226.29714872408658,2.263040757831186,2.320226436306257
frozen,12,200,5.7185678475070745,0.006927059032022953,441.5958842355758,2.208014056473039,2.2366068957105742
frozen,13,1,5.7185678475070745,0.005636636167764664,2.090794660616666,2.0964312967844307,7.814999144291505
frozen,13,5,5.7185678475070745,0.005636636167764664,9.425153551157564,1.8861580374650657,3.0298716069664806
frozen,13,10,5.7185678475070745,0.005636636167764664,18.26718039577827,1.8272817031946034,2.3991384879453106
frozen,13,25,5.7185678475070745,0.005636636167764664,48.5956926336512,1.9440531707927584,2.1727958846930413
frozen,13,50,5.7185678475070745,0.005636636167764664,94.68160167196766,1.8937447661627085,2.00811612311285
frozen,13,100,5.7185678475070745,0.005636636167764664,187.55792002892122,1.8756355666508897,1.9328212451259605
frozen,13,200,5.7185678475070745,0.005636636167764664,374.36408943729475,1.8718486303673125,1.900441469604848
frozen,14,1,5.7185678475070745,0.00702097499743104,2.688256133813411,2.695277108810842,8.413844956317917
frozen,14,5,5.7185678475070745,0.00702097499743104,9.867983413860202,1.9750008777715267,3.1187144472729416
frozen,14,10,5.7185678475070745,0.00702097499743104,20.021241462789476,2.002826243778691,2.5746830285293982
frozen,14,25,5.7185678475070745,0.00702097499743104,51.65182667924091,2.0663539061695335,2.295096620069817
frozen,14,50,5.7185678475070745,0.00702097499743104,108.70479985559359,2.1742364166118207,2.288607773561962
frozen,14,100,5.7185678475070745,0.00702097499743104,208.56166795408353,2.08568688929081,2.14287256776588
frozen,14,200,5.7185678475070745,0.00702097499743104,422.779570939485,2.113932959572412,2.1425257988099475
frozen,15,1,5.7185678475070745,0.012559741735458374,2.5784722501412034,2.5910319918766618,8.309599839383736
frozen,15,5,5.7185678475070745,0.012559741735458374,11.080181581899524,2.2185482647269965,3.3622618342284114
frozen,15,10,5.7185678475070745,0.012559741735458374,20.18375150486827,2.0196311246603726,2.59148790941108
frozen,15,25,5.7185678475070745,0.012559741735458374,49.3966957712546,1.9763702205196023,2.205112934419885
frozen,15,50,5.7185678475070745,0.012559741735458374,95.29132362315431,1.9060776672977955,2.0204490242479367
frozen,15,100,5.7185678475070745,0.012559741735458374,192.65978016657755,1.92672339908313,1.983909077558201
frozen,15,200,5.7185678475070745,0.012559741735458374,402.9551865970716,2.0148387316940353,2.0434315709315705
frozen,16,1,5.7185678475070745,0.007200109772384167,2.6897177561186254,2.6969178658910096,8.415485713398084
frozen,16,5,5.7185678475070745,0.007200109772384167,11.789038768969476,2.359247775748372,3.502961345249787
frozen,16,10,5.7185678475070745,0.007200109772384167,21.953499930445105,2.196070004021749,2.7679267887724563
frozen,16,25,5.7185678475070745,0.007200109772384167,56.08570394804701,2.2437161623127757,2.472458876213059
frozen,16,50,5.7185678475070745,0.007200109772384167,109.03178416704759,2.1807796855363994,2.295151042486541
frozen,16,100,5.7185678475070745,0.007200109772384167,213.18291432363912,2.131901144334115,2.1890868228091858
frozen,16,200,5.7185678475070745,0.007200109772384167,430.18605049699545,2.150966253033839,2.1795590922713743
frozen,17,1,5.7185678475070745,0.005685290787369013,2.891596728004515,2.897282018791884,8.615849866298959
frozen,17,5,5.7185678475070745,0.005685290787369013,11.42407965566963,2.2859529892914,3.429666558792815
frozen,17,10,5.7185678475070745,0.005685290787369013,23.184104037936777,2.3189789328724144,2.890835717623122
frozen,17,25,5.7185678475070745,0.005685290787369013,54.34538204362616,2.174042693376541,2.402785407276824
frozen,17,50,5.7185678475070745,0.005685290787369013,104.21371323429048,2.084387970501557,2.1987593274516986
frozen,17,100,5.7185678475070745,0.005685290787369013,213.47146201506257,2.1347714730584992,2.19195715153357
frozen,17,200,5.7185678475070745,0.005685290787369013,429.2909823390655,2.1464833381492645,2.1750761773867997
frozen,18,1,5.7185678475070745,0.006679058074951172,2.5909023638814688,2.59758142195642,8.316149269463494
frozen,18,5,5.7185678475070745,0.006679058074951172,10.451385763008147,2.09161296421662,3.235326533718035
frozen,18,10,5.7185678475070745,0.006679058074951172,19.676548174582422,1.9683227232657372,2.5401795080164447
frozen,18,25,5.7185678475070745,0.006679058074951172,51.80586206493899,2.0725016449205578,2.3012443588208407
frozen,18,50,5.7185678475070745,0.006679058074951172,107.13680372713134,2.142869655704126,2.2572410126542675
frozen,18,100,5.7185678475070745,0.006679058074951172,219.78874141350389,2.1979542047157885,2.255139883190859
frozen,18,200,5.7185678475070745,0.006679058074951172,436.8533421577886,2.1843001060793177,2.212892945316853
frozen,19,1,5.7185678475070745,0.006101178005337715,1.8671397748403251,1.8732409528456628,7.591808800352737
frozen,19,5,5.7185678475070745,0.006101178005337715,12.853451841045171,2.571910603810102,3.7156241733115167
frozen,19,10,5.7185678475070745,0.006101178005337715,22.929304686374962,2.29354058643803,2.8653973711887373
frozen,19,25,5.7185678475070745,0.006101178005337715,51.595318510662764,2.064056787546724,2.292799501447007
frozen,19,50,5.7185678475070745,0.006101178005337715,102.47296277852729,2.0495812791306527,2.163952636080794
frozen,19,100,5.7185678475070745,0.006101178005337715,212.17448559962213,2.1218058677762746,2.1789915462513454
frozen,19,200,5.7185678475070745,0.006101178005337715,430.157828014344,2.1508196459617466,2.1794124851992818
lm,0,1,0.0,0.0,21.570315442048013,21.570315442048013,21.570315442048013
lm,0,5,0.0,0.0,100.0550784333609,20.01101568667218,20.01101568667218
lm,0,10,0.0,0.0,205.49017294030637,20.549017294030637,20.549017294030637
lm,0,25,0.0,0.0,620.0821120734327,24.803284482937308,24.803284482937308
lm,0,50,0.0,0.0,1102.4405520590954,22.048811041181906,22.048811041181906
lm,0,100,0.0,0.0,2206.131869273726,22.06131869273726,22.06131869273726
lm,0,200,0.0,0.0,4230.480193453375,21.152400967266875,21.152400967266875
lm,1,1,0.0,0.0,21.222197982948273,21.222197982948273,21.222197982948273
lm,1,5,0.0,0.0,130.04304501321167,26.008609002642334,26.008609002642334
lm,1,10,0.0,0.0,229.77766159083694,22.977766159083693,22.977766159083693
lm,1,25,0.0,0.0,519.3807778838091,20.775231115352362,20.775231115352362
lm,1,50,0.0,0.0,1028.0802184841596,20.56160436968319,20.56160436968319
lm,1,100,0.0,0.0,2158.822131109424,21.58822131109424,21.58822131109424
lm,1,200,0.0,0.0,4522.249702241272,22.61124851120636,22.61124851120636
lm,2,1,0.0,0.0,21.860320426989347,21.860320426989347,21.860320426989347
lm,2,5,0.0,0.0,96.65919908788055,19.33183981757611,19.33183981757611
lm,2,10,0.0,0.0,206.45185034256428,20.64518503425643,20.64518503425643
lm,2,25,0.0,0.0,505.08369548479095,20.203347819391638,20.203347819391638
lm,2,50,0.0,0.0,1046.1368393525481,20.92273678705096,20.92273678705096
lm,2,100,0.0,0.0,2218.0474595054984,22.180474595054985,22.180474595054985
lm,2,200,0.0,0.0,4636.871005616151,23.184355028080756,23.184355028080756
lm,3,1,0.0,0.0,16.626326720695943,16.626326720695943,16.626326720695943
lm,3,5,0.0,0.0,97.64622332528234,19.529244665056467,19.529244665056467
lm,3,10,0.0,0.0,190.0498525784351,19.004985257843508,19.004985257843508
lm,3,25,0.0,0.0,501.1546391900629,20.046185567602514,20.046185567602514
lm,3,50,0.0,0.0,1029.459961461369,20.58919922922738,20.58919922922738
lm,3,100,0.0,0.0,2202.0317966560833,22.02031796656083,22.02031796656083
lm,3,200,0.0,0.0,5095.309117604978,25.47654558802489,25.47654558802489
lm,4,1,0.0,0.0,17.436919785104692,17.436919785104692,17.436919785104692
lm,4,5,0.0,0.0,81.46538054011762,16.293076108023524,16.293076108023524
lm,4,10,0.0,0.0,200.82511312747374,20.082511312747375,20.082511312747375
lm,4,25,0.0,0.0,681.9576311572455,27.27830524628982,27.27830524628982
lm,4,50,0.0,0.0,1241.3318686522543,24.826637373045088,24.826637373045088
lm,4,100,0.0,0.0,2376.8341413172893,23.768341413172895,23.768341413172895
lm,4,200,0.0,0.0,4737.959303452633,23.689796517263165,23.689796517263165
lm,5,1,0.0,0.0,22.487797542009503,22.487797542009503,22.487797542009503
lm,5,5,0.0,0.0,101.88881468679756,20.377762937359513,20.377762937359513
lm,5,10,0.0,0.0,216.80705814436078,21.680705814436077,21.680705814436077
lm,5,25,0.0,0.0,511.73913022642955,20.469565209057183,20.469565209057183
lm,5,50,0.0,0.0,1057.9487806274556,21.15897561254911,21.15897561254911
lm,5,100,0.0,0.0,2123.0042743529193,21.230042743529193,21.230042743529193
lm,5,200,0.0,0.0,4527.397802656982,22.63698901328491,22.63698901328491
lm,6,1,0.0,0.0,17.14964892482385,17.14964892482385,17.14964892482385
lm,6,5,0.0,0.0,100.17277330905199,20.034554661810397,20.034554661810397
lm,6,10,0.0,0.0,223.52581031201407,22.352581031201407,22.352581031201407
lm,6,25,0.0,0.0,547.2692913250066,21.890771653000265,21.890771653000265
lm,6,50,0.0,0.0,1240.4949506372213,24.809899012744427,24.809899012744427
lm,6,100,0.0,0.0,2553.8216181662865,25.538216181662865,25.538216181662865
lm,6,200,0.0,0.0,4910.826148364227,24.554130741821137,24.554130741821137
lm,7,1,0.0,0.0,17.591809442732483,17.591809442732483,17.591809442732483
lm,7,5,0.0,0.0,101.11641459027305,20.22328291805461,20.22328291805461
lm,7,10,0.0,0.0,214.71177233895287,21.471177233895286,21.471177233895286
lm,7,25,0.0,0.0,489.2792901378125,19.5711716055125,19.5711716055125
lm,7,50,0.0,0.0,977.9948575389571,19.559897150779143,19.559897150779143
lm,7,100,0.0,0.0,2174.703535381239,21.74703535381239,21.74703535381239
lm,7,200,0.0,0.0,4316.12675923435,21.58063379617175,21.58063379617175
lm,8,1,0.0,0.0,16.17627411428839,16.17627411428839,16.17627411428839
lm,8,5,0.0,0.0,95.76017384650186,19.15203476930037,19.15203476930037
lm,8,10,0.0,0.0,192.27194495964795,19.227194495964795,19.227194495964795
lm,8,25,0.0,0.0,526.8947504796088,21.07579001918435,21.07579001918435
lm,8,50,0.0,0.0,1080.2438081381842,21.604876162763684,21.604876162763684
lm,8,100,0.0,0.0,2136.106493654661,21.361064936546608,21.361064936546608
lm,8,200,0.0,0.0,4584.639449389651,22.923197246948256,22.923197246948256
lm,9,1,0.0,0.0,17.684307178948075,17.684307178948075,17.684307178948075
lm,9,5,0.0,0.0,94.35622642142698,18.871245284285397,18.871245284285397
lm,9,10,0.0,0.0,202.5388993807137,20.25388993807137,20.25388993807137
lm,9,25,0.0,0.0,528.2919885795563,21.131679543182255,21.131679543182255
lm,9,50,0.0,0.0,1250.8065698300488,25.016131396600976,25.016131396600976
lm,9,100,0.0,0.0,2389.841965629719,23.898419656297193,23.898419656297193
lm,9,200,0.0,0.0,5091.6604138808325,25.458302069404162,25.458302069404162
lm,10,1,0.0,0.0,17.904298753943294,17.904298753943294,17.904298753943294
lm,10,5,0.0,0.0,97.20365309389308,19.440730618778616,19.440730618778616
lm,10,10,0.0,0.0,193.2096222168766,19.320962221687658,19.320962221687658
lm,10,25,0.0,0.0,523.5627191239037,20.942508764956145,20.942508764956145
lm,10,50,0.0,0.0,1106.0231695999391,22.120463391998783,22.120463391998783
lm,10,100,0.0,0.0,2286.3410597946495,22.863410597946494,22.863410597946494
lm,10,200,0.0,0.0,4546.127973145805,22.730639865729028,22.730639865729028
lm,11,1,0.0,0.0,23.940454884897918,23.940454884897918,23.940454884897918
lm,11,5,0.0,0.0,117.53610030235723,23.507220060471447,23.507220060471447
lm,11,10,0.0,0.0,218.12461496610194,21.812461496610194,21.812461496610194
lm,11,25,0.0,0.0,552.2408781549893,22.089635126199575,22.089635126199575
lm,11,50,0.0,0.0,1286.4131621448323,25.728263242896645,25.728263242896645
lm,11,100,0.0,0.0,2394.9113388857804,23.949113388857803,23.949113388857803
lm,11,200,0.0,0.0,4964.676880992483,24.823384404962418,24.823384404962418
lm,12,1,0.0,0.0,16.412258871831,16.412258871831,16.412258871831
lm,12,5,0.0,0.0,110.3315233066678,22.06630466133356,22.06630466133356
lm,12,10,0.0,0.0,224.04500652384013,22.404500652384012,22.404500652384012
lm,12,25,0.0,0.0,514.3104506004602,20.572418024018408,20.572418024018408
lm,12,50,0.0,0.0,1193.0736094228923,23.861472188457846,23.861472188457846
lm,12,100,0.0,0.0,2719.7067016763613,27.19706701676361,27.19706701676361
lm,12,200,0.0,0.0,4949.0840401086025,24.745420200543013,24.745420200543013
lm,13,1,0.0,0.0,17.579774782061577,17.579774782061577,17.579774782061577
lm,13,5,0.0,0.0,104.22163013927639,20.844326027855278,20.844326027855278
lm,13,10,0.0,0.0,197.84316665120423,19.78431666512042,19.78431666512042
lm,13,25,0.0,0.0,543.5525111998431,21.742100447993725,21.742100447993725
lm,13,50,0.0,0.0,1140.090598700568,22.80181197401136,22.80181197401136
lm,13,100,0.0,0.0,2258.6461650389247,22.586461650389246,22.586461650389246
lm,13,200,0.0,0.0,4523.101233719848,22.61550616859924,22.61550616859924
lm,14,1,0.0,0.0,19.441139229107648,19.441139229107648,19.441139229107648
lm,14,5,0.0,0.0,126.35773936240003,25.271547872480006,25.271547872480006
lm,14,10,0.0,0.0,228.37338039744645,22.837338039744644,22.837338039744644
lm,14,25,0.0,0.0,597.7268387894146,23.909073551576583,23.909073551576583
lm,14,50,0.0,0.0,1345.2724433680996,26.905448867361994,26.905448867361994
lm,14,100,0.0,0.0,2525.1976748355664,25.251976748355663,25.251976748355663
lm,14,200,0.0,0.0,4938.893617620692,24.69446808810346,24.69446808810346
lm,15,1,0.0,0.0,15.69325360096991,15.69325360096991,15.69325360096991
lm,15,5,0.0,0.0,87.01673081936315,17.40334616387263,17.40334616387263
lm,15,10,0.0,0.0,198.20213684253395,19.820213684253396,19.820213684253396
lm,15,25,0.0,0.0,606.9213084494695,24.27685233797878,24.27685233797878
lm,15,50,0.0,0.0,1094.0217698789202,21.880435397578403,21.880435397578403
lm,15,100,0.0,0.0,2126.6587724266574,21.266587724266575,21.266587724266575
lm,15,200,0.0,0.0,4486.073941110633,22.430369705553165,22.430369705553165
lm,16,1,0.0,0.0,21.242144937161356,21.242144937161356,21.242144937161356
lm,16,5,0.0,0.0,110.99913065508008,22.199826131016017,22.199826131016017
lm,16,10,0.0,0.0,219.70505598420277,21.970505598420278,21.970505598420278
lm,16,25,0.0,0.0,569.4848685278557,22.779394741114228,22.779394741114228
lm,16,50,0.0,0.0,1169.794737582095,23.3958947516419,23.3958947516419
lm,16,100,0.0,0.0,2238.5608672848903,22.385608672848903,22.385608672848903
lm,16,200,0.0,0.0,4403.078942998312,22.01539471499156,22.01539471499156
lm,17,1,0.0,0.0,18.88061355240643,18.88061355240643,18.88061355240643
lm,17,5,0.0,0.0,85.52079343423247,17.104158686846496,17.104158686846496
lm,17,10,0.0,0.0,202.76170150656253,20.276170150656252,20.276170150656252
lm,17,25,0.0,0.0,526.9053213172592,21.076212852690368,21.076212852690368
lm,17,50,0.0,0.0,1047.1795299705118,20.943590599410236,20.943590599410236
lm,17,100,0.0,0.0,2227.6795870871283,22.276795870871283,22.276795870871283
lm,17,200,0.0,0.0,4504.738756785169,22.523693783925847,22.523693783925847
lm,18,1,0.0,0.0,28.598723030183464,28.598723030183464,28.598723030183464
lm,18,5,0.0,0.0,111.07074662903324,22.21414932580665,22.21414932580665
lm,18,10,0.0,0.0,199.5225972859189,19.95225972859189,19.95225972859189
lm,18,25,0.0,0.0,513.1601467519067,20.526405870076267,20.526405870076267
lm,18,50,0.0,0.0,1028.3905508178286,20.567811016356572,20.567811016356572
lm,18,100,0.0,0.0,2146.6631271652877,21.466631271652876,21.466631271652876
lm,18,200,0.0,0.0,4634.253417035099,23.171267085175497,23.171267085175497
lm,19,1,0.0,0.0,17.68517550220713,17.68517550220713,17.68517550220713
lm,19,5,0.0,0.0,127.74021755019203,25.548043510038404,25.548043510038404
lm,19,10,0.0,0.0,214.88112660543993,21.488112660543994,21.488112660543994
lm,19,25,0.0,0.0,520.6469039400108,20.825876157600433,20.825876157600433
lm,19,50,0.0,0.0,1077.6067135906778,21.552134271813557,21.552134271813557
lm,19,100,0.0,0.0,2192.834864655044,21.92834864655044,21.92834864655044
lm,19,200,0.0,0.0,5014.063327225391,25.070316636126954,25.070316636126954
