time,patch_1_reference,patch_1_prediction,patch_1_absolute_error,patch_2_reference,patch_2_prediction,patch_2_absolute_error,patch_3_reference,patch_3_prediction,patch_3_absolute_error,patch_4_reference,patch_4_prediction,patch_4_absolute_error
0.0,0.7660010457038879,0.7653255462646484,0.000675499439239502,1.2317219972610474,1.232293963432312,0.0005719661712646484,1.3951646089553833,1.395166277885437,1.6689300537109375e-06,1.3809159994125366,1.3806027173995972,0.0003132820129394531
0.0375,0.7971110939979553,0.7962117791175842,0.0008993148803710938,1.2414021492004395,1.2419319152832031,0.0005297660827636719,1.394366979598999,1.3950109481811523,0.0006439685821533203,1.384544014930725,1.3837859630584717,0.000758051872253418
0.075,0.8269233703613281,0.826092541217804,0.0008308291435241699,1.2508126497268677,1.2512116432189941,0.00039899349212646484,1.3938753604888916,1.3947906494140625,0.0009152889251708984,1.3881328105926514,1.3867839574813843,0.0013488531112670898
0.11249999999999999,0.855487048625946,0.8547446131706238,0.0007424354553222656,1.259956955909729,1.2601511478424072,0.00019419193267822266,1.3936799764633179,1.3946372270584106,0.0009572505950927734,1.3916584253311157,1.3896969556808472,0.0019614696502685547
0.15,0.8828511834144592,0.8821691274642944,0.0006820559501647949,1.268838882446289,1.268822193145752,1.6689300537109375e-05,1.3937660455703735,1.394666314125061,0.0009002685546875,1.3950982093811035,1.3926219940185547,0.002476215362548828
0.1875,0.9090455174446106,0.9084650874137878,0.0005804300308227539,1.2774578332901,1.2772879600524902,0.00016987323760986328,1.3941187858581543,1.3949357271194458,0.0008169412612915039,1.3984298706054688,1.3956096172332764,0.002820253372192383
0.22499999999999998,0.9341415166854858,0.9337387084960938,0.00040280818939208984,1.2858220338821411,1.2855697870254517,0.0002522468566894531,1.3947111368179321,1.3954367637634277,0.0007256269454956055,1.4016386270523071,1.398651123046875,0.002987504005432129
0.2625,0.958189845085144,0.9580575823783875,0.0001322627067565918,1.2939352989196777,1.2936501502990723,0.00028514862060546875,1.39551842212677,1.396117925643921,0.0005995035171508789,1.4047127962112427,1.4016982316970825,0.0030145645141601562
0.3,0.9812413454055786,0.9814469218254089,0.00020557641983032227,1.301801085472107,1.3014951944351196,0.0003058910369873047,1.396514654159546,1.396918773651123,0.00040411949157714844,1.4076457023620605,1.4046975374221802,0.002948164939880371
0.33749999999999997,1.0033303499221802,1.0039068460464478,0.0005764961242675781,1.3094184398651123,1.309081792831421,0.00033664703369140625,1.3976759910583496,1.3978034257888794,0.00012743473052978516,1.4104340076446533,1.4076204299926758,0.002813577651977539
0.375,1.0245239734649658,1.0254374742507935,0.0009135007858276367,1.316794991493225,1.3164136409759521,0.0003813505172729492,1.3989723920822144,1.3987733125686646,0.0001990795135498047,1.4130859375,1.4104762077331543,0.002609729766845703
0.4125,1.0448682308197021,1.0460487604141235,0.0011805295944213867,1.3239340782165527,1.323517918586731,0.00041615962982177734,1.4003788232803345,1.399857997894287,0.0005208253860473633,1.4156125783920288,1.4133026599884033,0.0023099184036254883
0.44999999999999996,1.0644055604934692,1.0657633543014526,0.0013577938079833984,1.33083975315094,1.3304270505905151,0.0004127025604248047,1.4018713235855103,1.4010918140411377,0.0007795095443725586,1.4180302619934082,1.4161427021026611,0.0018875598907470703
0.4875,1.0831605195999146,1.0846065282821655,0.0014460086822509766,1.3375123739242554,1.3371607065200806,0.0003516674041748047,1.4034286737442017,1.4024862051010132,0.0009424686431884766,1.420358419418335,1.4190171957015991,0.0013412237167358398
0.525,1.1011781692504883,1.102601170539856,0.0014230012893676758,1.343961477279663,1.3437129259109497,0.0002485513687133789,1.4050298929214478,1.4040205478668213,0.0010093450546264648,1.422622799873352,1.4219146966934204,0.0007081031799316406
0.5625,1.118482232093811,1.119767427444458,0.0012851953506469727,1.3501933813095093,1.350059151649475,0.0001342296600341797,1.4066574573516846,1.4056453704833984,0.0010120868682861328,1.4248487949371338,1.4247956275939941,5.316734313964844e-05
0.6,1.1350888013839722,1.1361280679702759,0.001039266586303711,1.356215000152588,1.3561716079711914,4.3392181396484375e-05,1.4082964658737183,1.4073048830032349,0.0009915828704833984,1.4270613193511963,1.4276140928268433,0.0005527734756469727
0.6375,1.150993824005127,1.1517118215560913,0.0007179975509643555,1.362030267715454,1.3620368242263794,6.556510925292969e-06,1.4099336862564087,1.4089584350585938,0.0009752511978149414,1.4292842149734497,1.4303380250930786,0.0010538101196289062
0.6749999999999999,1.1662102937698364,1.1665509939193726,0.0003407001495361328,1.367649793624878,1.3676611185073853,1.1324882507324219e-05,1.4115583896636963,1.4105910062789917,0.0009673833847045898,1.4315364360809326,1.432959794998169,0.0014233589172363281
0.7125,1.1807328462600708,1.1806715726852417,6.127357482910156e-05,1.3730791807174683,1.3730641603469849,1.5020370483398438e-05,1.4131616353988647,1.4122092723846436,0.0009523630142211914,1.4338310956954956,1.4354913234710693,0.0016602277755737305
0.75,1.1945513486862183,1.194084644317627,0.0004667043685913086,1.3783220052719116,1.378265142440796,5.6862831115722656e-05,1.4147363901138306,1.4138251543045044,0.0009112358093261719,1.4361737966537476,1.4379466772079468,0.0017728805541992188
0.7875,1.2076401710510254,1.206787347793579,0.0008528232574462891,1.3833746910095215,1.3832716941833496,0.000102996826171875,1.4162753820419312,1.4154421091079712,0.0008332729339599609,1.4385623931884766,1.44032883644104,0.0017664432525634766
0.825,1.2200002670288086,1.2187716960906982,0.0012285709381103516,1.3882369995117188,1.3880765438079834,0.00016045570373535156,1.417773723602295,1.4170483350753784,0.0007253885269165039,1.4409825801849365,1.4426225423812866,0.0016399621963500977
0.8624999999999999,1.2316235303878784,1.2300398349761963,0.001583695411682129,1.3929013013839722,1.3926682472229004,0.00023305416107177734,1.4192261695861816,1.4186204671859741,0.0006057024002075195,1.4434114694595337,1.444799780845642,0.0013883113861083984
0.8999999999999999,1.2425084114074707,1.2406132221221924,0.0018951892852783203,1.3973569869995117,1.3970361948013306,0.00032079219818115234,1.4206268787384033,1.4201329946517944,0.0004938840866088867,1.4458165168762207,1.446826457977295,0.0010099411010742188
0.9375,1.2526503801345825,1.2505329847335815,0.0021173954010009766,1.401587724685669,1.4011781215667725,0.0004096031188964844,1.421968936920166,1.4215641021728516,0.0004048347473144531,1.4481548070907593,1.4486721754074097,0.0005173683166503906
0.975,1.2620834112167358,1.2598495483398438,0.00223386287689209,1.4055854082107544,1.4050986766815186,0.00048673152923583984,1.4232467412948608,1.422900915145874,0.0003458261489868164,1.450379729270935,1.4503142833709717,6.54458999633789e-05
1.0125,1.2708417177200317,1.2686117887496948,0.002229928970336914,1.4093408584594727,1.408804178237915,0.0005366802215576172,1.4244531393051147,1.4241353273391724,0.0003178119659423828,1.4524407386779785,1.4517357349395752,0.0007050037384033203
1.05,1.2789729833602905,1.2768619060516357,0.002111077308654785,1.4128493070602417,1.4122995138168335,0.0005497932434082031,1.4255805015563965,1.425262451171875,0.0003180503845214844,1.4542882442474365,1.4529244899749756,0.0013637542724609375
1.0875,1.2865283489227295,1.2846392393112183,0.0018891096115112305,1.4161078929901123,1.4155884981155396,0.0005193948745727539,1.4266200065612793,1.4262813329696655,0.00033867359161376953,1.4558712244033813,1.4538757801055908,0.0019954442977905273
1.125,1.2935900688171387,1.2919886112213135,0.0016014575958251953,1.4191290140151978,1.4186770915985107,0.0004519224166870117,1.4275661706924438,1.4271936416625977,0.0003725290298461914,1.4571560621261597,1.4545931816101074,0.002562880516052246
1.1624999999999999,1.3002358675003052,1.2989665269851685,0.0012693405151367188,1.4219269752502441,1.4215754270553589,0.0003515481948852539,1.4284135103225708,1.4280061721801758,0.00040733814239501953,1.4581174850463867,1.4550902843475342,0.003027200698852539
1.2,1.3065462112426758,1.3056386709213257,0.0009075403213500977,1.4245208501815796,1.4242969751358032,0.0002238750457763672,1.429159164428711,1.428728461265564,0.00043070316314697266,1.4587429761886597,1.4553874731063843,0.0033555030822753906
1.2375,1.312597393989563,1.3120700120925903,0.0005273818969726562,1.4269298315048218,1.426850438117981,7.939338684082031e-05,1.429801106452942,1.4293651580810547,0.00043594837188720703,1.4590296745300293,1.4555044174194336,0.003525257110595703
1.275,1.3184690475463867,1.318317174911499,0.0001518726348876953,1.4291808605194092,1.4292383193969727,5.745887756347656e-05,1.430345058441162,1.429916501045227,0.0004285573959350586,1.4590014219284058,1.4554572105407715,0.0035442113876342773
1.3125,1.3242263793945312,1.3244258165359497,0.00019943714141845703,1.4312957525253296,1.431459665298462,0.00016391277313232422,1.4307985305786133,1.4303817749023438,0.00041675567626953125,1.4586889743804932,1.4552608728408813,0.0034281015396118164
1.3499999999999999,1.3299248218536377,1.3304373025894165,0.0005124807357788086,1.433294653892517,1.4335172176361084,0.0002225637435913086,1.4311721324920654,1.4307664632797241,0.0004056692123413086,1.4581331014633179,1.454935908317566,0.003197193145751953
1.3875,1.335607647895813,1.336390733718872,0.000783085823059082,1.4351928234100342,1.435421347618103,0.00022852420806884766,1.4314793348312378,1.4310861825942993,0.00039315223693847656,1.4573783874511719,1.4545071125030518,0.002871274948120117
1.425,1.3413058519363403,1.3423235416412354,0.0010176897048950195,1.4370065927505493,1.4371869564056396,0.00018036365509033203,1.431736707687378,1.4313617944717407,0.00037491321563720703,1.4564799070358276,1.4540040493011475,0.0024758577346801758
1.4625,1.3471096754074097,1.348260760307312,0.0011510848999023438,1.4387191534042358,1.4388248920440674,0.00010573863983154297,1.4319690465927124,1.4316104650497437,0.00035858154296875,1.4555072784423828,1.4534488916397095,0.00205838680267334
1.5,1.3531309366226196,1.3542112112045288,0.0010802745819091797,1.4402729272842407,1.4403365850448608,6.365776062011719e-05,1.4322031736373901,1.4318410158157349,0.00036215782165527344,1.4545339345932007,1.452851414680481,0.0016825199127197266
1.5374999999999999,1.3592735528945923,1.3601648807525635,0.0008913278579711914,1.4416676759719849,1.4417142868041992,4.661083221435547e-05,1.4324347972869873,1.4320520162582397,0.0003827810287475586,1.453564167022705,1.4522126913070679,0.001351475715637207
1.575,1.365443468093872,1.366100788116455,0.0006573200225830078,1.442912220954895,1.4429497718811035,3.7550926208496094e-05,1.4326586723327637,1.4322410821914673,0.0004175901412963867,1.452597975730896,1.4515312910079956,0.0010666847229003906
1.6125,1.3715662956237793,1.3719912767410278,0.00042498111724853516,1.4440124034881592,1.4440381526947021,2.574920654296875e-05,1.4328696727752686,1.432407259941101,0.00046241283416748047,1.4516360759735107,1.450810194015503,0.0008258819580078125
1.65,1.3775806427001953,1.3778071403503418,0.00022649765014648438,1.4449738264083862,1.4449821710586548,8.344650268554688e-06,1.4330636262893677,1.4325538873672485,0.0005097389221191406,1.4506794214248657,1.450057864189148,0.0006215572357177734
1.6875,1.3834328651428223,1.3835142850875854,8.14199447631836e-05,1.445799708366394,1.445788025856018,1.1682510375976562e-05,1.4332361221313477,1.4326844215393066,0.0005517005920410156,1.449729084968567,1.4492833614349365,0.0004457235336303711
1.7249999999999999,1.3890857696533203,1.3890750408172607,1.0728836059570312e-05,1.446497917175293,1.4464619159698486,3.600120544433594e-05,1.4333842992782593,1.4327998161315918,0.0005844831466674805,1.4487859010696411,1.4484926462173462,0.0002932548522949219
1.7625,1.3945081233978271,1.3944473266601562,6.079673767089844e-05,1.447074055671692,1.4470096826553345,6.437301635742188e-05,1.4335054159164429,1.4328975677490234,0.0006078481674194336,1.4478511810302734,1.4476875066757202,0.00016367435455322266
1.7999999999999998,1.3996763229370117,1.3995906114578247,8.571147918701172e-05,1.4475332498550415,1.4474380016326904,9.524822235107422e-05,1.4335976839065552,1.4329768419265747,0.0006208419799804688,1.4469257593154907,1.446868658065796,5.710124969482422e-05
1.8375,1.4045675992965698,1.4044681787490845,9.942054748535156e-05,1.4478793144226074,1.4477542638778687,0.00012505054473876953,1.4336589574813843,1.4330365657806396,0.0006223917007446289,1.4460104703903198,1.4460346698760986,2.4199485778808594e-05
1.875,1.4091745615005493,1.4090516567230225,0.00012290477752685547,1.4481194019317627,1.4479645490646362,0.00015485286712646484,1.433688998222351,1.4330761432647705,0.0006128549575805664,1.4451054334640503,1.4451842308044434,7.87973403930664e-05
1.9124999999999999,1.4134892225265503,1.4133238792419434,0.0001653432846069336,1.4482589960098267,1.4480745792388916,0.0001844167709350586,1.433687686920166,1.4330954551696777,0.0005922317504882812,1.444210410118103,1.444317102432251,0.00010669231414794922
1.95,1.4175078868865967,1.4172817468643188,0.00022614002227783203,1.4483033418655396,1.448089838027954,0.00021350383758544922,1.4336549043655396,1.433093786239624,0.0005611181259155273,1.4433244466781616,1.443433165550232,0.0001087188720703125
1.9874999999999998,1.4212247133255005,1.4209320545196533,0.00029265880584716797,1.4482558965682983,1.4480137825012207,0.00024211406707763672,1.4335908889770508,1.4330692291259766,0.0005216598510742188,1.442446231842041,1.4425345659255981,8.83340835571289e-05
2.025,1.4246474504470825,1.4242875576019287,0.0003598928451538086,1.448123574256897,1.4478509426116943,0.0002726316452026367,1.4334969520568848,1.4330207109451294,0.0004762411117553711,1.4415737390518188,1.4416240453720093,5.030632019042969e-05
2.0625,1.427781343460083,1.427361011505127,0.0004203319549560547,1.447911262512207,1.4476048946380615,0.0003063678741455078,1.433374285697937,1.4329456090927124,0.0004286766052246094,1.440704584121704,1.4407047033309937,1.1920928955078125e-07
2.1,1.4306342601776123,1.430163860321045,0.0004703998565673828,1.4476238489151,1.447279930114746,0.0003439188003540039,1.433224081993103,1.4328430891036987,0.0003809928894042969,1.4398362636566162,1.439780592918396,5.5670738220214844e-05
2.1374999999999997,1.4332114458084106,1.43271005153656,0.0005013942718505859,1.4472649097442627,1.446884274482727,0.00038063526153564453,1.4330475330352783,1.4327166080474854,0.00033092498779296875,1.4389662742614746,1.4388591051101685,0.00010716915130615234
2.175,1.435530185699463,1.4350165128707886,0.0005136728286743164,1.4468408823013306,1.4464317560195923,0.00040912628173828125,1.4328467845916748,1.4325729608535767,0.00027382373809814453,1.4380929470062256,1.4379507303237915,0.00014221668243408203
2.2125,1.4376041889190674,1.4371023178100586,0.0005018711090087891,1.446357011795044,1.4459360837936401,0.0004209280014038086,1.4326235055923462,1.4324196577072144,0.00020384788513183594,1.4372150897979736,1.4370650053024292,0.0001500844955444336
2.25,1.4394488334655762,1.4389842748641968,0.00046455860137939453,1.4458190202713013,1.4454072713851929,0.00041174888610839844,1.4323794841766357,1.4322600364685059,0.00011944770812988281,1.4363328218460083,1.4362070560455322,0.00012576580047607422
2.2875,1.441076397895813,1.4406712055206299,0.00040519237518310547,1.4452319145202637,1.444846510887146,0.0003854036331176758,1.4321165084838867,1.4320892095565796,2.7298927307128906e-05,1.4354476928710938,1.43537437915802,7.331371307373047e-05
2.3249999999999997,1.442507028579712,1.4421669244766235,0.0003401041030883789,1.4446032047271729,1.4442493915557861,0.00035381317138671875,1.4318373203277588,1.4318984746932983,6.115436553955078e-05,1.4345630407333374,1.4345605373382568,2.5033950805664062e-06
2.3625,1.443756341934204,1.4434746503829956,0.0002816915512084961,1.443938970565796,1.4436112642288208,0.00032770633697509766,1.4315441846847534,1.4316788911819458,0.0001347064971923828,1.4336835145950317,1.4337599277496338,7.641315460205078e-05
2.4,1.4448388814926147,1.4446029663085938,0.0002359151840209961,1.443245530128479,1.442934513092041,0.0003110170364379883,1.4312396049499512,1.4314295053482056,0.00018990039825439453,1.4328149557113647,1.4329750537872314,0.00016009807586669922
2.4375,1.4457650184631348,1.4455678462982178,0.0001971721649169922,1.442528247833252,1.442228078842163,0.0003001689910888672,1.4309264421463013,1.4311579465866089,0.0002315044403076172,1.4319647550582886,1.4322149753570557,0.00025022029876708984
2.475,1.4465488195419312,1.4463835954666138,0.0001652240753173828,1.4417929649353027,1.441502332687378,0.0002906322479248047,1.430607557296753,1.4308725595474243,0.0002650022506713867,1.4311399459838867,1.431488275527954,0.0003483295440673828
2.5124999999999997,1.4471992254257202,1.4470551013946533,0.00014412403106689453,1.4410440921783447,1.4407598972320557,0.0002841949462890625,1.4302855730056763,1.4305752515792847,0.00028967857360839844,1.4303470849990845,1.4307949542999268,0.00044786930084228516
2.55,1.4477237462997437,1.4475805759429932,0.00014317035675048828,1.4402852058410645,1.439997911453247,0.0002872943878173828,1.4299631118774414,1.4302637577056885,0.0003006458282470703,1.4295923709869385,1.4301276206970215,0.0005352497100830078
2.5875,1.4481256008148193,1.44795823097229,0.00016736984252929688,1.4395190477371216,1.4392127990722656,0.00030624866485595703,1.4296423196792603,1.4299348592758179,0.0002925395965576172,1.4288809299468994,1.4294766187667847,0.0005956888198852539
2.625,1.4484115839004517,1.448197603225708,0.00021398067474365234,1.4387483596801758,1.4384098052978516,0.00033855438232421875,1.4293248653411865,1.4295927286148071,0.00026786327362060547,1.4282150268554688,1.428840160369873,0.0006251335144042969
2.6625,1.4485849142074585,1.4483195543289185,0.00026535987854003906,1.4379749298095703,1.4376026391983032,0.00037229061126708984,1.4290119409561157,1.4292502403259277,0.00023829936981201172,1.427595615386963,1.4282258749008179,0.0006302595138549805
2.6999999999999997,1.4486457109451294,1.448344111442566,0.00030159950256347656,1.4372016191482544,1.4368059635162354,0.00039565563201904297,1.4287036657333374,1.4289194345474243,0.00021576881408691406,1.4270213842391968,1.4276436567306519,0.0006222724914550781
2.7375,1.4485925436019897,1.448278546333313,0.0003139972686767578,1.436432123184204,1.4360252618789673,0.0004068613052368164,1.4284001588821411,1.4286038875579834,0.00020372867584228516,1.4264909029006958,1.4270976781845093,0.0006067752838134766
2.775,1.4484302997589111,1.4481160640716553,0.0003142356872558594,1.4356696605682373,1.4352561235427856,0.00041353702545166016,1.4281014204025269,1.428297996520996,0.00019657611846923828,1.426000952720642,1.4265848398208618,0.0005838871002197266
2.8125,1.4481638669967651,1.44784677028656,0.0003170967102050781,1.4349170923233032,1.4344929456710815,0.0004241466522216797,1.4278076887130737,1.4279943704605103,0.00018668174743652344,1.4255492687225342,1.4261025190353394,0.0005532503128051758
2.85,1.447799563407898,1.4474756717681885,0.00032389163970947266,1.4341771602630615,1.4337412118911743,0.00043594837188720703,1.4275195598602295,1.427696704864502,0.00017714500427246094,1.4251338243484497,1.4256569147109985,0.0005230903625488281
2.8874999999999997,1.4473434686660767,1.447023868560791,0.00031960010528564453,1.4334523677825928,1.4330135583877563,0.0004388093948364258,1.4272373914718628,1.427413821220398,0.00017642974853515625,1.4247530698776245,1.4252604246139526,0.000507354736328125
2.925,1.446805477142334,1.4465159177780151,0.00028955936431884766,1.4327447414398193,1.4323216676712036,0.00042307376861572266,1.4269616603851318,1.4271531105041504,0.0001914501190185547,1.424404501914978,1.424919605255127,0.0005151033401489258
2.9625,1.4461944103240967,1.445961356163025,0.00023305416107177734,1.4320560693740845,1.4316611289978027,0.0003949403762817383,1.4266929626464844,1.4269068241119385,0.00021386146545410156,1.424086093902588,1.4246238470077515,0.0005377531051635742
3.0,1.445519208908081,1.4453555345535278,0.00016367435455322266,1.4313879013061523,1.4310171604156494,0.0003707408905029297,1.4264318943023682,1.4266583919525146,0.00022649765014648438,1.4237961769104004,1.4243526458740234,0.0005564689636230469
3.0375,1.444787859916687,1.4446909427642822,9.691715240478516e-05,1.4307422637939453,1.4303793907165527,0.0003628730773925781,1.4261789321899414,1.426397681236267,0.0002187490463256836,1.423533320426941,1.4240905046463013,0.0005571842193603516
3.0749999999999997,1.4440103769302368,1.4439697265625,4.0650367736816406e-05,1.4301197528839111,1.429753065109253,0.0003666877746582031,1.4259346723556519,1.4261311292648315,0.0001964569091796875,1.4232956171035767,1.423839807510376,0.0005441904067993164
3.1125,1.4431953430175781,1.4432048797607422,9.5367431640625e-06,1.4295214414596558,1.4291555881500244,0.00036585330963134766,1.4256995916366577,1.4258794784545898,0.0001798868179321289,1.4230815172195435,1.4236180782318115,0.0005365610122680664
3.15,1.4423507452011108,1.442407488822937,5.6743621826171875e-05,1.428948163986206,1.4286010265350342,0.000347137451171875,1.425473928451538,1.4256559610366821,0.00018203258514404297,1.4228897094726562,1.4234369993209839,0.0005472898483276367
3.1875,1.4414840936660767,1.4415785074234009,9.441375732421875e-05,1.4284008741378784,1.4280866384506226,0.0003142356872558594,1.4252582788467407,1.4254579544067383,0.0001996755599975586,1.4227194786071777,1.4232933521270752,0.0005738735198974609
3.225,1.4406028985977173,1.44071364402771,0.00011074542999267578,1.4278796911239624,1.427598476409912,0.00028121471405029297,1.4250526428222656,1.4252688884735107,0.0002162456512451172,1.4225691556930542,1.4231685400009155,0.0005993843078613281
3.2624999999999997,1.4397135972976685,1.4398139715194702,0.00010037422180175781,1.427384853363037,1.4271233081817627,0.00026154518127441406,1.4248573780059814,1.4250739812850952,0.00021660327911376953,1.4224379062652588,1.4230457544326782,0.0006078481674194336
3.3,1.4388219118118286,1.4388951063156128,7.319450378417969e-05,1.4269163608551025,1.4266622066497803,0.0002541542053222656,1.4246724843978882,1.4248732328414917,0.00020074844360351562,1.4223248958587646,1.4229222536087036,0.0005973577499389648
3.3375,1.437933325767517,1.437980055809021,4.673004150390625e-05,1.4264748096466064,1.426227331161499,0.0002474784851074219,1.424498438835144,1.4246805906295776,0.00018215179443359375,1.4222296476364136,1.422806739807129,0.000577092170715332
3.375,1.4370521306991577,1.4370851516723633,3.3020973205566406e-05,1.4260594844818115,1.425828218460083,0.00023126602172851562,1.4243347644805908,1.4245096445083618,0.0001748800277709961,1.4221510887145996,1.422709584236145,0.0005584955215454102
3.4125,1.4361823797225952,1.4362133741378784,3.0994415283203125e-05,1.4256699085235596,1.4254639148712158,0.00020599365234375,1.424181580543518,1.4243651628494263,0.00018358230590820312,1.4220881462097168,1.422630786895752,0.0005426406860351562
3.4499999999999997,1.435327172279358,1.4353562593460083,2.9087066650390625e-05,1.425305724143982,1.4251227378845215,0.00018298625946044922,1.4240388870239258,1.4242395162582397,0.00020062923431396484,1.4220402240753174,1.4225611686706543,0.0005209445953369141
3.4875,1.4344896078109741,1.434508204460144,1.8596649169921875e-05,1.424966812133789,1.424795150756836,0.000171661376953125,1.4239064455032349,1.4241242408752441,0.00021779537200927734,1.422006368637085,1.4224929809570312,0.00048661231994628906
3.525,1.4336719512939453,1.4336767196655273,4.76837158203125e-06,1.424651861190796,1.4244816303253174,0.00017023086547851562,1.4237838983535767,1.4240175485610962,0.00023365020751953125,1.421985387802124,1.4224278926849365,0.0004425048828125
3.5625,1.4328757524490356,1.432877540588379,1.7881393432617188e-06,1.4243602752685547,1.4241927862167358,0.00016748905181884766,1.423671007156372,1.423925518989563,0.00025451183319091797,1.421976089477539,1.4223768711090088,0.00040078163146972656
3.5999999999999996,1.432102918624878,1.432119607925415,1.6689300537109375e-05,1.4240909814834595,1.4239356517791748,0.00015532970428466797,1.4235674142837524,1.4238497018814087,0.00028228759765625,1.4219772815704346,1.4223475456237793,0.00037026405334472656
3.6374999999999997,1.4313552379608154,1.4313924312591553,3.719329833984375e-05,1.4238436222076416,1.423702597618103,0.00014102458953857422,1.4234728813171387,1.4237791299819946,0.00030624866485595703,1.4219878911972046,1.4223339557647705,0.00034606456756591797
3.675,1.430633306503296,1.4306769371032715,4.363059997558594e-05,1.4236170053482056,1.423479437828064,0.00013756752014160156,1.423386812210083,1.4236980676651,0.00031125545501708984,1.422006607055664,1.4223225116729736,0.0003159046173095703
3.7125,1.4299380779266357,1.429964542388916,2.6464462280273438e-05,1.4234100580215454,1.4232604503631592,0.00014960765838623047,1.4233088493347168,1.4236005544662476,0.0002917051315307617,1.4220322370529175,1.4223078489303589,0.00027561187744140625
3.75,1.4292705059051514,1.429267406463623,3.0994415283203125e-06,1.4232221841812134,1.4230562448501587,0.0001659393310546875,1.4232385158538818,1.423496961593628,0.00025844573974609375,1.4220638275146484,1.4222975969314575,0.00023376941680908203
3.7874999999999996,1.4286316633224487,1.4286061525344849,2.5510787963867188e-05,1.423052430152893,1.4228825569152832,0.00016987323760986328,1.4231756925582886,1.4234044551849365,0.00022876262664794922,1.4221004247665405,1.4223047494888306,0.00020432472229003906
3.8249999999999997,1.428021788597107,1.4279873371124268,3.445148468017578e-05,1.422899842262268,1.4227412939071655,0.00015854835510253906,1.4231197834014893,1.4233282804489136,0.0002084970474243164,1.422141194343567,1.4223283529281616,0.00018715858459472656
3.8625,1.4274412393569946,1.4273992776870728,4.1961669921875e-05,1.422763466835022,1.4226179122924805,0.0001455545425415039,1.4230704307556152,1.4232594966888428,0.00018906593322753906,1.4221851825714111,1.4223530292510986,0.0001678466796875
3.9,1.426890254020691,1.4268251657485962,6.508827209472656e-05,1.4226423501968384,1.4224961996078491,0.0001461505889892578,1.4230272769927979,1.4231890439987183,0.00016176700592041016,1.4222320318222046,1.4223625659942627,0.00013053417205810547
3.9375,1.4263694286346436,1.4262645244598389,0.0001049041748046875,1.42253577709198,1.4223746061325073,0.00016117095947265625,1.422990083694458,1.4231218099594116,0.00013172626495361328,1.4222809076309204,1.422359585762024,7.867813110351562e-05
3.9749999999999996,1.4258781671524048,1.4257339239120483,0.0001442432403564453,1.4224426746368408,1.4222687482833862,0.00017392635345458984,1.4229583740234375,1.42307448387146,0.00011610984802246094,1.42233145236969,1.4223603010177612,2.8848648071289062e-05
4.0125,1.4254162311553955,1.425252079963684,0.00016415119171142578,1.422362208366394,1.4221932888031006,0.00016891956329345703,1.4229319095611572,1.4230623245239258,0.0001304149627685547,1.422383189201355,1.4223819971084595,1.1920928955078125e-06
4.05,1.424983263015747,1.424822211265564,0.00016105175018310547,1.4222935438156128,1.4221473932266235,0.0001461505889892578,1.422910213470459,1.4230800867080688,0.00016987323760986328,1.4224356412887573,1.4224241971969604,1.1444091796875e-05
4.0874999999999995,1.42457914352417,1.424428105354309,0.00015103816986083984,1.4222360849380493,1.4221150875091553,0.00012099742889404297,1.4228930473327637,1.423106074333191,0.0002130270004272461,1.4224885702133179,1.4224703311920166,1.823902130126953e-05
4.125,1.4242029190063477,1.4240525960922241,0.00015032291412353516,1.4221888780593872,1.4220794439315796,0.00010943412780761719,1.4228801727294922,1.4231178760528564,0.0002377033233642578,1.4225414991378784,1.4225033521652222,3.814697265625e-05
4.1625,1.4238536357879639,1.4236938953399658,0.00015974044799804688,1.42215096950531,1.422041416168213,0.00010955333709716797,1.4228712320327759,1.4231131076812744,0.00024187564849853516,1.4225943088531494,1.4225232601165771,7.104873657226562e-05
4.2,1.4235305786132812,1.4233641624450684,0.00016641616821289062,1.4221220016479492,1.4220155477523804,0.00010645389556884766,1.422865867614746,1.4231038093566895,0.00023794174194335938,1.4226468801498413,1.4225438833236694,0.000102996826171875
4.2375,1.4232333898544312,1.4230775833129883,0.0001558065414428711,1.4221011400222778,1.422016978263855,8.416175842285156e-05,1.4228639602661133,1.423105001449585,0.0002410411834716797,1.422698736190796,1.4225801229476929,0.00011861324310302734
4.2749999999999995,1.4229605197906494,1.422831654548645,0.00012886524200439453,1.4220876693725586,1.4220432043075562,4.4465065002441406e-05,1.4228650331497192,1.4231172800064087,0.0002522468566894531,1.4227498769760132,1.4226292371749878,0.00012063980102539062
4.3125,1.4227111339569092,1.422610878944397,0.00010025501251220703,1.4220809936523438,1.4220768213272095,4.172325134277344e-06,1.4228689670562744,1.4231282472610474,0.0002592802047729492,1.4228003025054932,1.4226754903793335,0.00012481212615966797
4.35,1.4224841594696045,1.4224002361297607,8.392333984375e-05,1.4220805168151855,1.4221004247665405,1.990795135498047e-05,1.4228755235671997,1.4231269359588623,0.00025141239166259766,1.4228495359420776,1.4227021932601929,0.00014734268188476562
4.3875,1.4222790002822876,1.4221993684768677,7.963180541992188e-05,1.4220858812332153,1.4221123456954956,2.6464462280273438e-05,1.4228843450546265,1.4231168031692505,0.00023245811462402344,1.4228978157043457,1.4227087497711182,0.00018906593322753906
4.425,1.4220943450927734,1.4220212697982788,7.30752944946289e-05,1.4220963716506958,1.4221251010894775,2.872943878173828e-05,1.4228954315185547,1.4231138229370117,0.00021839141845703125,1.4229447841644287,1.4227076768875122,0.0002371072769165039
4.4624999999999995,1.421928882598877,1.4218796491622925,4.9233436584472656e-05,1.4221115112304688,1.4221543073654175,4.279613494873047e-05,1.4229083061218262,1.4231349229812622,0.00022661685943603516,1.4229904413223267,1.4227157831192017,0.000274658203125
4.5,1.4217818975448608,1.421772837638855,9.059906005859375e-06,1.422130823135376,1.4222019910812378,7.11679458618164e-05,1.4229228496551514,1.4231815338134766,0.0002586841583251953,1.423034906387329,1.4227358102798462,0.00029909610748291016
4.5375,1.4216526746749878,1.421687126159668,3.445148468017578e-05,1.4221540689468384,1.4222582578659058,0.00010418891906738281,1.4229390621185303,1.4232409000396729,0.0003018379211425781,1.423077940940857,1.4227591753005981,0.00031876564025878906
4.575,1.4215397834777832,1.4216067790985107,6.699562072753906e-05,1.4221806526184082,1.422308325767517,0.00012767314910888672,1.4229565858840942,1.4232957363128662,0.00033915042877197266,1.4231194257736206,1.422774314880371,0.0003451108932495117
4.6125,1.4214423894882202,1.421529769897461,8.738040924072266e-05,1.4222102165222168,1.422349452972412,0.0001392364501953125,1.4229751825332642,1.4233417510986328,0.00036656856536865234,1.4231595993041992,1.422783613204956,0.00037598609924316406
4.6499999999999995,1.421359658241272,1.4214677810668945,0.0001081228256225586,1.4222424030303955,1.4223917722702026,0.0001493692398071289,1.42299485206604,1.4233877658843994,0.000392913818359375,1.4231982231140137,1.4228017330169678,0.00039649009704589844
4.6875,1.4212908744812012,1.4214308261871338,0.0001399517059326172,1.4222769737243652,1.422444224357605,0.0001672506332397461,1.4230154752731323,1.4234423637390137,0.00042688846588134766,1.423235297203064,1.4228417873382568,0.0003935098648071289
4.725,1.4212348461151123,1.4214156866073608,0.00018084049224853516,1.4223135709762573,1.4225047826766968,0.00019121170043945312,1.4230366945266724,1.4235050678253174,0.00046837329864501953,1.42327082157135,1.4229048490524292,0.00036597251892089844
4.7625,1.421190857887268,1.4214074611663818,0.00021660327911376953,1.4223518371582031,1.4225608110427856,0.00020897388458251953,1.4230586290359497,1.4235632419586182,0.000504612922668457,1.4233049154281616,1.4229779243469238,0.00032699108123779297
4.8,1.4211581945419312,1.4213919639587402,0.00023376941680908203,1.422391653060913,1.422602891921997,0.00021123886108398438,1.4230810403823853,1.4236053228378296,0.0005242824554443359,1.423337459564209,1.4230464696884155,0.00029098987579345703
4.8374999999999995,1.4211362600326538,1.4213662147521973,0.00022995471954345703,1.422432780265808,1.422631025314331,0.00019824504852294922,1.4231038093566895,1.4236286878585815,0.0005248785018920898,1.4233684539794922,1.4231047630310059,0.0002636909484863281
4.875,1.4211241006851196,1.4213379621505737,0.00021386146545410156,1.422474980354309,1.4226564168930054,0.00018143653869628906,1.4231269359588623,1.4236410856246948,0.0005141496658325195,1.4233980178833008,1.4231566190719604,0.00024139881134033203
4.9125,1.4211210012435913,1.4213159084320068,0.00019490718841552734,1.4225178956985474,1.422690510749817,0.00017261505126953125,1.4231503009796143,1.4236514568328857,0.0005011558532714844,1.4234261512756348,1.4232077598571777,0.00021839141845703125
4.95,1.4211264848709106,1.421303391456604,0.00017690658569335938,1.422561526298523,1.4227362871170044,0.0001747608184814453,1.4231736660003662,1.4236618280410767,0.0004881620407104492,1.4234528541564941,1.4232577085494995,0.0001951456069946289
4.9875,1.4211398363113403,1.4212976694107056,0.00015783309936523438,1.4226056337356567,1.4227895736694336,0.00018393993377685547,1.4231971502304077,1.4236693382263184,0.00047218799591064453,1.423478126525879,1.423301339149475,0.0001767873764038086
5.0249999999999995,1.4211604595184326,1.4212932586669922,0.0001327991485595703,1.4226500988006592,1.4228414297103882,0.0001913309097290039,1.4232206344604492,1.423666000366211,0.00044536590576171875,1.423501968383789,1.423330307006836,0.000171661376953125
5.0625,1.4211878776550293,1.4212899208068848,0.00010204315185546875,1.4226946830749512,1.422888159751892,0.00019347667694091797,1.4232439994812012,1.4236514568328857,0.0004074573516845703,1.4235246181488037,1.4233440160751343,0.0001806020736694336
5.1,1.421221375465393,1.4212901592254639,6.878376007080078e-05,1.4227392673492432,1.422930359840393,0.00019109249114990234,1.4232672452926636,1.4236292839050293,0.00036203861236572266,1.4235459566116333,1.4233466386795044,0.00019931793212890625
5.1375,1.4212605953216553,1.4212977886199951,3.719329833984375e-05,1.4227837324142456,1.4229726791381836,0.00018894672393798828,1.4232901334762573,1.423607349395752,0.0003172159194946289,1.4235659837722778,1.4233462810516357,0.00021970272064208984
5.175,1.4213049411773682,1.421316146850586,1.1205673217773438e-05,1.4228280782699585,1.4230189323425293,0.00019085407257080078,1.4233129024505615,1.423592448234558,0.00027954578399658203,1.4235849380493164,1.4233518838882446,0.00023305416107177734
5.2124999999999995,1.4213539361953735,1.4213446378707886,9.298324584960938e-06,1.4228720664978027,1.4230693578720093,0.00019729137420654297,1.4233354330062866,1.4235868453979492,0.00025141239166259766,1.4236027002334595,1.4233648777008057,0.0002378225326538086
5.25,1.4214071035385132,1.4213812351226807,2.586841583251953e-05,1.4229156970977783,1.4231212139129639,0.00020551681518554688,1.4233574867248535,1.4235879182815552,0.00023043155670166016,1.423619270324707,1.4233826398849487,0.00023663043975830078
5.2875,1.421464204788208,1.4214227199554443,4.1484832763671875e-05,1.4229587316513062,1.423169493675232,0.00021076202392578125,1.4233791828155518,1.4235907793045044,0.00021159648895263672,1.4236348867416382,1.4233993291854858,0.00023555755615234375
5.325,1.4215247631072998,1.4214667081832886,5.805492401123047e-05,1.4230011701583862,1.4232125282287598,0.00021135807037353516,1.4234005212783813,1.4235930442810059,0.00019252300262451172,1.4236493110656738,1.4234118461608887,0.00023746490478515625
5.3625,1.4215881824493408,1.421511173248291,7.700920104980469e-05,1.423043131828308,1.4232499599456787,0.00020682811737060547,1.4234213829040527,1.4235942363739014,0.0001728534698486328,1.4236629009246826,1.4234199523925781,0.0002429485321044922
5.3999999999999995,1.4216543436050415,1.4215538501739502,0.0001004934310913086,1.4230842590332031,1.423284888267517,0.00020062923431396484,1.423441767692566,1.4235974550247192,0.0001556873321533203,1.4236754179000854,1.4234271049499512,0.00024831295013427734
5.4375,1.4217227697372437,1.4215956926345825,0.0001270771026611328,1.4231245517730713,1.4233217239379883,0.0001971721649169922,1.423461675643921,1.423606038093567,0.0001443624496459961,1.4236871004104614,1.423439860343933,0.0002472400665283203
5.475,1.4217931032180786,1.4216381311416626,0.00015497207641601562,1.4231640100479126,1.4233628511428833,0.00019884109497070312,1.4234811067581177,1.4236204624176025,0.00013935565948486328,1.423697829246521,1.4234622716903687,0.00023555755615234375
5.5125,1.4218651056289673,1.4216856956481934,0.00017940998077392578,1.423202633857727,1.4234075546264648,0.00020492076873779297,1.4234999418258667,1.4236373901367188,0.00013744831085205078,1.4237077236175537,1.4234951734542847,0.00021255016326904297
5.55,1.421938419342041,1.421741008758545,0.00019741058349609375,1.4232404232025146,1.4234530925750732,0.00021266937255859375,1.423518180847168,1.423651933670044,0.00013375282287597656,1.4237169027328491,1.4235354661941528,0.00018143653869628906
5.5874999999999995,1.4220128059387207,1.4218063354492188,0.00020647048950195312,1.4232771396636963,1.423496127128601,0.00021898746490478516,1.4235358238220215,1.4236600399017334,0.00012421607971191406,1.4237252473831177,1.4235801696777344,0.00014507770538330078
5.625,1.4220880270004272,1.4218813180923462,0.0002067089080810547,1.423312783241272,1.4235341548919678,0.00022137165069580078,1.4235529899597168,1.4236626625061035,0.00010967254638671875,1.4237327575683594,1.4236263036727905,0.00010645389556884766
5.6625,1.4221636056900024,1.4219653606414795,0.00019824504852294922,1.4233474731445312,1.423568606376648,0.00022113323211669922,1.4235694408416748,1.4236640930175781,9.465217590332031e-05,1.4237396717071533,1.4236738681793213,6.580352783203125e-05
5.7,1.4222395420074463,1.4220572710037231,0.00018227100372314453,1.423380970954895,1.4236009120941162,0.0002199411392211914,1.423585295677185,1.4236706495285034,8.535385131835938e-05,1.42374587059021,1.4237221479415894,2.372264862060547e-05
5.7375,1.4223154783248901,1.422156572341919,0.0001589059829711914,1.4234135150909424,1.423632025718689,0.00021851062774658203,1.4236005544662476,1.4236841201782227,8.356571197509766e-05,1.4237514734268188,1.4237663745880127,1.4901161193847656e-05
5.7749999999999995,1.4223912954330444,1.4222614765167236,0.00012981891632080078,1.4234447479248047,1.423660159111023,0.00021541118621826172,1.4236152172088623,1.4237027168273926,8.749961853027344e-05,1.4237563610076904,1.4238001108169556,4.374980926513672e-05
5.8125,1.4224666357040405,1.4223700761795044,9.655952453613281e-05,1.4234750270843506,1.4236836433410645,0.0002086162567138672,1.4236291646957397,1.4237219095230103,9.274482727050781e-05,1.4237607717514038,1.4238168001174927,5.602836608886719e-05
5.85,1.4225414991378784,1.4224765300750732,6.496906280517578e-05,1.4235039949417114,1.4236998558044434,0.0001958608627319336,1.4236425161361694,1.4237360954284668,9.357929229736328e-05,1.4237645864486694,1.4238128662109375,4.8279762268066406e-05
5.8875,1.4226154088974,1.4225742816925049,4.112720489501953e-05,1.4235318899154663,1.4237090349197388,0.00017714500427246094,1.4236551523208618,1.4237436056137085,8.845329284667969e-05,1.4237678050994873,1.423791766166687,2.396106719970703e-05
5.925,1.4226884841918945,1.4226610660552979,2.7418136596679688e-05,1.4235585927963257,1.4237163066864014,0.0001577138900756836,1.423667311668396,1.4237476587295532,8.034706115722656e-05,1.423770546913147,1.4237632751464844,7.271766662597656e-06
5.9624999999999995,1.4227604866027832,1.4227372407913208,2.3245811462402344e-05,1.4235841035842896,1.4237277507781982,0.0001436471939086914,1.4236786365509033,1.423752784729004,7.414817810058594e-05,1.4237728118896484,1.4237405061721802,3.230571746826172e-05
6.0,1.4228311777114868,1.422809362411499,2.181529998779297e-05,1.423608422279358,1.4237486124038696,0.00014019012451171875,1.4236894845962524,1.423763632774353,7.414817810058594e-05,1.4237747192382812,1.4237350225448608,3.9696693420410156e-05
6.0375,1.4229004383087158,1.4228825569152832,1.7881393432617188e-05,1.4236315488815308,1.4237785339355469,0.00014698505401611328,1.4236994981765747,1.4237779378890991,7.843971252441406e-05,1.4237760305404663,1.4237483739852905,2.765655517578125e-05
6.075,1.4229681491851807,1.4229565858840942,1.1563301086425781e-05,1.4236533641815186,1.42380952835083,0.00015616416931152344,1.4237090349197388,1.4237879514694214,7.891654968261719e-05,1.4237771034240723,1.4237734079360962,3.6954879760742188e-06
6.1125,1.4230341911315918,1.4230278730392456,6.318092346191406e-06,1.4236741065979004,1.4238321781158447,0.00015807151794433594,1.4237178564071655,1.4237849712371826,6.711483001708984e-05,1.42377769947052,1.4237987995147705,2.110004425048828e-05
6.1499999999999995,1.4230985641479492,1.423094391822815,4.172325134277344e-06,1.4236936569213867,1.4238436222076416,0.0001499652862548828,1.4237260818481445,1.4237689971923828,4.291534423828125e-05,1.4237779378890991,1.4238187074661255,4.076957702636719e-05
6.1875,1.4231609106063843,1.423158049583435,2.86102294921875e-06,1.4237120151519775,1.4238475561141968,0.00013554096221923828,1.4237337112426758,1.4237475395202637,1.3828277587890625e-05,1.4237778186798096,1.4238336086273193,5.5789947509765625e-05
6.225,1.4232213497161865,1.4232209920883179,3.5762786865234375e-07,1.4237291812896729,1.4238532781600952,0.00012409687042236328,1.4237407445907593,1.4237325191497803,8.225440979003906e-06,1.423777461051941,1.4238485097885132,7.104873657226562e-05
6.2625,1.423279881477356,1.4232831001281738,3.2186508178710938e-06,1.4237452745437622,1.4238643646240234,0.00011909008026123047,1.4237470626831055,1.4237300157546997,1.704692840576172e-05,1.4237767457962036,1.423864483833313,8.7738037109375e-05
6.3,1.423336148262024,1.423339605331421,3.4570693969726562e-06,1.423760175704956,1.423879861831665,0.00011968612670898438,1.4237529039382935,1.4237372875213623,1.5616416931152344e-05,1.4237757921218872,1.4238760471343994,0.00010025501251220703
6.3374999999999995,1.42339026927948,1.4233901500701904,1.1920928955078125e-07,1.4237738847732544,1.4238947629928589,0.00012087821960449219,1.4237581491470337,1.4237473011016846,1.0848045349121094e-05,1.4237746000289917,1.423876166343689,0.00010156631469726562
6.375,1.4234421253204346,1.423437237739563,4.887580871582031e-06,1.4237866401672363,1.4239094257354736,0.0001227855682373047,1.4237629175186157,1.4237548112869263,8.106231689453125e-06,1.423773169517517,1.4238618612289429,8.869171142578125e-05
6.4125,1.4234917163848877,1.4234870672225952,4.649162292480469e-06,1.4237982034683228,1.4239250421524048,0.00012683868408203125,1.4237669706344604,1.4237570762634277,9.894371032714844e-06,1.423771619796753,1.4238351583480835,6.35385513305664e-05
6.45,1.4235390424728394,1.423543930053711,4.887580871582031e-06,1.4238086938858032,1.4239455461502075,0.00013685226440429688,1.4237706661224365,1.42375648021698,1.4185905456542969e-05,1.4237697124481201,1.4238022565841675,3.254413604736328e-05
6.4875,1.4235838651657104,1.4236030578613281,1.919269561767578e-05,1.4238182306289673,1.423970341682434,0.00015211105346679688,1.4237737655639648,1.4237536191940308,2.014636993408203e-05,1.4237678050994873,1.4237680435180664,2.384185791015625e-07
6.5249999999999995,1.42362642288208,1.4236564636230469,3.0040740966796875e-05,1.4238266944885254,1.4239954948425293,0.00016880035400390625,1.4237762689590454,1.4237478971481323,2.8371810913085938e-05,1.4237656593322754,1.4237347841262817,3.0875205993652344e-05
6.5625,1.4236664772033691,1.4236977100372314,3.123283386230469e-05,1.423834204673767,1.4240175485610962,0.00018334388732910156,1.4237784147262573,1.4237406253814697,3.7789344787597656e-05,1.423763394355774,1.4237059354782104,5.745887756347656e-05
6.6,1.4237042665481567,1.4237266778945923,2.2411346435546875e-05,1.4238407611846924,1.4240350723266602,0.00019431114196777344,1.423780083656311,1.4237339496612549,4.6133995056152344e-05,1.423761010169983,1.4236845970153809,7.641315460205078e-05
6.6375,1.4237395524978638,1.4237500429153442,1.049041748046875e-05,1.4238463640213013,1.4240479469299316,0.0002015829086303711,1.4237812757492065,1.4237303733825684,5.0902366638183594e-05,1.423758625984192,1.4236736297607422,8.499622344970703e-05
6.675,1.4237724542617798,1.4237720966339111,3.5762786865234375e-07,1.4238511323928833,1.42405366897583,0.00020253658294677734,1.4237819910049438,1.4237288236618042,5.316734313964844e-05,1.4237560033798218,1.423672080039978,8.392333984375e-05
6.7124999999999995,1.4238029718399048,1.4237936735153198,9.298324584960938e-06,1.423854947090149,1.424047589302063,0.0001926422119140625,1.4237823486328125,1.4237254858016968,5.6862831115722656e-05,1.4237533807754517,1.423675537109375,7.784366607666016e-05
6.75,1.4238311052322388,1.423812747001648,1.8358230590820312e-05,1.4238580465316772,1.4240268468856812,0.00016880035400390625,1.4237823486328125,1.423715591430664,6.67572021484375e-05,1.4237507581710815,1.4236791133880615,7.164478302001953e-05
6.7875,1.4238569736480713,1.4238271713256836,2.9802322387695312e-05,1.4238601922988892,1.42399263381958,0.00013244152069091797,1.4237818717956543,1.4236990213394165,8.285045623779297e-05,1.4237480163574219,1.4236814975738525,6.651878356933594e-05
6.825,1.4238804578781128,1.4238396883010864,4.076957702636719e-05,1.4238617420196533,1.423952341079712,9.059906005859375e-05,1.423781156539917,1.4236793518066406,0.00010180473327636719,1.4237451553344727,1.4236866235733032,5.8531761169433594e-05
6.8625,1.4239017963409424,1.4238533973693848,4.839897155761719e-05,1.4238624572753906,1.4239144325256348,5.1975250244140625e-05,1.423780083656311,1.4236615896224976,0.00011849403381347656,1.423742413520813,1.4236980676651,4.4345855712890625e-05
6.8999999999999995,1.4239208698272705,1.4238693714141846,5.14984130859375e-05,1.4238625764846802,1.4238827228546143,2.014636993408203e-05,1.4237786531448364,1.4236462116241455,0.00013244152069091797,1.4237396717071533,1.4237159490585327,2.372264862060547e-05
6.9375,1.4239376783370972,1.4238826036453247,5.507469177246094e-05,1.4238619804382324,1.423854947090149,7.033348083496094e-06,1.4237769842147827,1.423628807067871,0.0001481771469116211,1.423736810684204,1.4237337112426758,3.0994415283203125e-06
6.975,1.4239524602890015,1.4238886833190918,6.377696990966797e-05,1.423860788345337,1.4238265752792358,3.421306610107422e-05,1.42377507686615,1.4236034154891968,0.000171661376953125,1.4237340688705444,1.423745036125183,1.0967254638671875e-05
7.0125,1.4239652156829834,1.4238862991333008,7.891654968261719e-05,1.4238590002059937,1.423796534538269,6.246566772460938e-05,1.423772931098938,1.423570990562439,0.00020194053649902344,1.4237312078475952,1.4237483739852905,1.71661376953125e-05
7.05,1.4239760637283325,1.423879861831665,9.620189666748047e-05,1.4238566160202026,1.4237689971923828,8.761882781982422e-05,1.4237704277038574,1.423537015914917,0.0002334117889404297,1.4237284660339355,1.423749327659607,2.086162567138672e-05
7.0874999999999995,1.4239848852157593,1.4238762855529785,0.00010859966278076172,1.423853874206543,1.4237514734268188,0.0001024007797241211,1.4237678050994873,1.4235124588012695,0.00025534629821777344,1.4237257242202759,1.4237571954727173,3.147125244140625e-05
7.125,1.4239919185638428,1.4238801002502441,0.00011181831359863281,1.4238505363464355,1.4237477779388428,0.00010275840759277344,1.4237650632858276,1.423504114151001,0.00026094913482666016,1.4237229824066162,1.4237785339355469,5.555152893066406e-05
7.1625,1.423997163772583,1.4238882064819336,0.00010895729064941406,1.4238468408584595,1.4237542152404785,9.262561798095703e-05,1.4237620830535889,1.4235116243362427,0.0002504587173461914,1.423720359802246,1.4238111972808838,9.083747863769531e-05
7.199999999999999,1.424000859260559,1.4238930940628052,0.00010776519775390625,1.4238427877426147,1.423761010169983,8.177757263183594e-05,1.4237589836120605,1.4235273599624634,0.00023162364959716797,1.423717737197876,1.4238464832305908,0.00012874603271484375
7.2375,1.4240028858184814,1.4238897562026978,0.0001131296157836914,1.4238383769989014,1.4237596988677979,7.867813110351562e-05,1.4237557649612427,1.4235434532165527,0.0002123117446899414,1.4237152338027954,1.4238765239715576,0.00016129016876220703
7.2749999999999995,1.4240033626556396,1.423880696296692,0.0001226663589477539,1.4238336086273193,1.4237496852874756,8.392333984375e-05,1.4237524271011353,1.423557996749878,0.00019443035125732422,1.4237127304077148,1.4238983392715454,0.0001856088638305664
7.3125,1.4240025281906128,1.4238747358322144,0.0001277923583984375,1.4238286018371582,1.4237375259399414,9.107589721679688e-05,1.4237489700317383,1.423575758934021,0.00017321109771728516,1.4237102270126343,1.4239177703857422,0.00020754337310791016
7.35,1.4240003824234009,1.4238792657852173,0.00012111663818359375,1.423823356628418,1.4237319231033325,9.143352508544922e-05,1.4237453937530518,1.4236031770706177,0.00014221668243408203,1.4237078428268433,1.423941731452942,0.0002338886260986328
7.387499999999999,1.423996925354004,1.4238932132720947,0.00010371208190917969,1.4238178730010986,1.4237349033355713,8.296966552734375e-05,1.4237419366836548,1.4236390590667725,0.00010287761688232422,1.4237055778503418,1.42397141456604,0.0002658367156982422
7.425,1.423992395401001,1.423905611038208,8.678436279296875e-05,1.4238121509552002,1.4237409830093384,7.11679458618164e-05,1.4237382411956787,1.4236756563186646,6.258487701416016e-05,1.4237033128738403,1.42400062084198,0.00029730796813964844
7.4624999999999995,1.423986792564392,1.423904538154602,8.225440979003906e-05,1.4238064289093018,1.4237419366836548,6.449222564697266e-05,1.4237346649169922,1.4237009286880493,3.3736228942871094e-05,1.4237011671066284,1.4240199327468872,0.00031876564025878906
7.5,1.4239803552627563,1.4238864183425903,9.393692016601562e-05,1.4238004684448242,1.4237349033355713,6.556510925292969e-05,1.4237310886383057,1.4237096309661865,2.1457672119140625e-05,1.423699140548706,1.424025535583496,0.00032639503479003906
7.5375,1.4239728450775146,1.4238592386245728,0.00011360645294189453,1.4237945079803467,1.4237269163131714,6.759166717529297e-05,1.4237275123596191,1.423704981803894,2.2530555725097656e-05,1.4236971139907837,1.424023151397705,0.0003260374069213867
7.574999999999999,1.4239647388458252,1.4238349199295044,0.00012981891632080078,1.4237884283065796,1.4237273931503296,6.103515625e-05,1.4237239360809326,1.42369544506073,2.849102020263672e-05,1.4236950874328613,1.4240211248397827,0.0003260374069213867
7.6125,1.4239559173583984,1.4238184690475464,0.00013744831085205078,1.4237823486328125,1.4237416982650757,4.0650367736816406e-05,1.423720359802246,1.4236866235733032,3.3736228942871094e-05,1.423693299293518,1.4240257740020752,0.0003324747085571289
7.6499999999999995,1.4239463806152344,1.4238066673278809,0.00013971328735351562,1.4237762689590454,1.4237669706344604,9.298324584960938e-06,1.4237169027328491,1.4236787557601929,3.814697265625e-05,1.4236913919448853,1.4240357875823975,0.00034439563751220703
7.6875,1.4239364862442017,1.423789620399475,0.0001468658447265625,1.4237703084945679,1.4237948656082153,2.4557113647460938e-05,1.4237134456634521,1.4236682653427124,4.5180320739746094e-05,1.4236897230148315,1.4240448474884033,0.00035512447357177734
7.725,1.4239259958267212,1.4237616062164307,0.00016438961029052734,1.4237642288208008,1.423818826675415,5.459785461425781e-05,1.4237101078033447,1.4236531257629395,5.698204040527344e-05,1.4236880540847778,1.4240481853485107,0.00036013126373291016
7.762499999999999,1.4239152669906616,1.4237258434295654,0.0001894235610961914,1.4237582683563232,1.4238383769989014,8.0108642578125e-05,1.4237067699432373,1.4236369132995605,6.985664367675781e-05,1.4236865043640137,1.4240463972091675,0.0003598928451538086
7.8,1.4239041805267334,1.4236924648284912,0.0002117156982421875,1.4237524271011353,1.4238576889038086,0.00010526180267333984,1.4237035512924194,1.4236267805099487,7.677078247070312e-05,1.4236849546432495,1.4240444898605347,0.00035953521728515625
7.8374999999999995,1.4238929748535156,1.4236689805984497,0.00022399425506591797,1.4237467050552368,1.4238803386688232,0.00013363361358642578,1.4237004518508911,1.423628807067871,7.164478302001953e-05,1.423683524131775,1.424045443534851,0.0003619194030761719
7.875,1.4238815307617188,1.423658013343811,0.00022351741790771484,1.423741102218628,1.4239059686660767,0.00016486644744873047,1.4236974716186523,1.4236431121826172,5.435943603515625e-05,1.4236822128295898,1.424048900604248,0.0003666877746582031
7.9125,1.4238700866699219,1.4236524105072021,0.00021767616271972656,1.4237356185913086,1.4239264726638794,0.00019085407257080078,1.4236946105957031,1.423663854598999,3.075599670410156e-05,1.4236809015274048,1.4240479469299316,0.00036704540252685547
7.949999999999999,1.423858642578125,1.4236421585083008,0.00021648406982421875,1.4237303733825684,1.423932433128357,0.00020205974578857422,1.4236918687820435,1.4236811399459839,1.0728836059570312e-05,1.4236795902252197,1.4240323305130005,0.0003527402877807617
7.9875,1.4238471984863281,1.423625111579895,0.00022208690643310547,1.4237251281738281,1.4239212274551392,0.00019609928131103516,1.4236891269683838,1.4236907958984375,1.6689300537109375e-06,1.4236785173416138,1.42400062084198,0.00032210350036621094
8.025,1.4238357543945312,1.4236063957214355,0.00022935867309570312,1.423720121383667,1.423897624015808,0.00017750263214111328,1.4236866235733032,1.42369544506073,8.821487426757812e-06,1.4236773252487183,1.4239572286605835,0.0002799034118652344
8.0625,1.4238245487213135,1.423597812652588,0.00022673606872558594,1.423715353012085,1.4238733053207397,0.00015795230865478516,1.4236842393875122,1.4237037897109985,1.9550323486328125e-05,1.4236763715744019,1.4239144325256348,0.00023806095123291016
8.1,1.4238135814666748,1.4236053228378296,0.00020825862884521484,1.4237107038497925,1.4238561391830444,0.00014543533325195312,1.4236818552017212,1.423721194267273,3.933906555175781e-05,1.423675298690796,1.4238804578781128,0.00020515918731689453
8.1375,1.4238027334213257,1.42362380027771,0.00017893314361572266,1.423706293106079,1.4238450527191162,0.00013875961303710938,1.4236797094345093,1.4237462282180786,6.651878356933594e-05,1.4236743450164795,1.4238559007644653,0.00018155574798583984
8.174999999999999,1.4237921237945557,1.4236406087875366,0.00015151500701904297,1.4237020015716553,1.423832893371582,0.0001308917999267578,1.423677682876587,1.4237701892852783,9.250640869140625e-05,1.4236735105514526,1.4238338470458984,0.00016033649444580078
8.2125,1.4237818717956543,1.4236475229263306,0.00013434886932373047,1.4236980676651,1.4238137006759644,0.00011563301086425781,1.423675775527954,1.4237862825393677,0.00011050701141357422,1.4236726760864258,1.4238083362579346,0.00013566017150878906
8.25,1.4237719774246216,1.4236477613449097,0.00012421607971191406,1.423694133758545,1.423789620399475,9.548664093017578e-05,1.4236738681793213,1.4237936735153198,0.00011980533599853516,1.423671841621399,1.4237799644470215,0.0001081228256225586
8.2875,1.423762321472168,1.42365300655365,0.0001093149185180664,1.4236905574798584,1.4237699508666992,7.939338684082031e-05,1.4236721992492676,1.4237995147705078,0.00012731552124023438,1.4236711263656616,1.4237569570541382,8.58306884765625e-05
8.325,1.423753023147583,1.423672080039978,8.094310760498047e-05,1.4236871004104614,1.4237620830535889,7.49826431274414e-05,1.4236706495285034,1.4238094091415405,0.00013875961303710938,1.4236704111099243,1.4237453937530518,7.49826431274414e-05
8.362499999999999,1.4237442016601562,1.4237030744552612,4.112720489501953e-05,1.4236838817596436,1.423766851425171,8.296966552734375e-05,1.4236692190170288,1.4238229990005493,0.0001537799835205078,1.4236698150634766,1.4237474203109741,7.76052474975586e-05
8.4,1.4237357378005981,1.4237345457077026,1.1920928955078125e-06,1.4236807823181152,1.4237773418426514,9.655952453613281e-05,1.4236677885055542,1.423834204673767,0.00016641616821289062,1.4236692190170288,1.423757553100586,8.83340835571289e-05
8.4375,1.4237276315689087,1.4237549304962158,2.7298927307128906e-05,1.423677921295166,1.4237874746322632,0.00010955333709716797,1.4236665964126587,1.4238368272781372,0.00017023086547851562,1.423668622970581,1.4237713813781738,0.00010275840759277344
8.475,1.423719882965088,1.423762321472168,4.2438507080078125e-05,1.423675298690796,1.4237971305847168,0.00012183189392089844,1.4236654043197632,1.4238297939300537,0.00016438961029052734,1.4236680269241333,1.4237892627716064,0.00012123584747314453
8.5125,1.4237126111984253,1.4237642288208008,5.161762237548828e-05,1.4236727952957153,1.4238098859786987,0.00013709068298339844,1.4236644506454468,1.4238152503967285,0.00015079975128173828,1.423667550086975,1.4238122701644897,0.00014472007751464844
8.549999999999999,1.4237056970596313,1.4237676858901978,6.198883056640625e-05,1.4236705303192139,1.4238271713256836,0.00015664100646972656,1.4236634969711304,1.4237948656082153,0.00013136863708496094,1.423667073249817,1.4238390922546387,0.00017201900482177734
8.5875,1.4236992597579956,1.42377507686615,7.581710815429688e-05,1.423668384552002,1.4238452911376953,0.00017690658569335938,1.4236626625061035,1.423766851425171,0.00010418891906738281,1.4236665964126587,1.4238638877868652,0.00019729137420654297
8.625,1.4236931800842285,1.4237821102142334,8.893013000488281e-05,1.4236664772033691,1.4238587617874146,0.00019228458404541016,1.4236618280410767,1.423732042312622,7.021427154541016e-05,1.42366623878479,1.423879861831665,0.000213623046875
8.6625,1.42368745803833,1.4237842559814453,9.679794311523438e-05,1.4236646890640259,1.423863410949707,0.00019872188568115234,1.4236611127853394,1.4236952066421509,3.409385681152344e-05,1.4236658811569214,1.4238849878311157,0.00021910667419433594
8.7,1.4236820936203003,1.4237805604934692,9.846687316894531e-05,1.4236630201339722,1.4238611459732056,0.00019812583923339844,1.4236605167388916,1.423667073249817,6.556510925292969e-06,1.4236655235290527,1.423883080482483,0.00021755695343017578
8.737499999999999,1.4236772060394287,1.4237760305404663,9.882450103759766e-05,1.4236615896224976,1.4238559007644653,0.00019431114196777344,1.4236600399017334,1.423657774925232,2.2649765014648438e-06,1.423665165901184,1.4238810539245605,0.00021588802337646484
8.775,1.4236726760864258,1.4237717390060425,9.906291961669922e-05,1.423660159111023,1.4238470792770386,0.000186920166015625,1.4236595630645752,1.4236685037612915,8.940696716308594e-06,1.4236648082733154,1.4238799810409546,0.00021517276763916016
8.8125,1.423668384552002,1.4237698316574097,0.00010144710540771484,1.4236589670181274,1.423830509185791,0.00017154216766357422,1.4236592054367065,1.4236935377120972,3.4332275390625e-05,1.4236645698547363,1.4238768815994263,0.0002123117446899414
8.85,1.4236645698547363,1.4237706661224365,0.00010609626770019531,1.4236578941345215,1.4238029718399048,0.00014507770538330078,1.423658847808838,1.4237232208251953,6.437301635742188e-05,1.4236643314361572,1.4238688945770264,0.00020456314086914062
8.8875,1.4236609935760498,1.423775315284729,0.00011432170867919922,1.423656940460205,1.4237655401229858,0.00010859966278076172,1.4236586093902588,1.4237520694732666,9.34600830078125e-05,1.4236640930175781,1.423857569694519,0.00019347667694091797
8.924999999999999,1.423657774925232,1.423789143562317,0.00013136863708496094,1.4236561059951782,1.4237265586853027,7.045269012451172e-05,1.4236583709716797,1.4237815141677856,0.00012314319610595703,1.423663854598999,1.4238498210906982,0.00018596649169921875
8.9625,1.4236547946929932,1.4238115549087524,0.00015676021575927734,1.423655390739441,1.4236912727355957,3.5881996154785156e-05,1.4236581325531006,1.4238111972808838,0.00015306472778320312,1.42366361618042,1.42384934425354,0.0001857280731201172
9.0,1.423652172088623,1.4238404035568237,0.0001882314682006836,1.4236546754837036,1.4236631393432617,8.463859558105469e-06,1.423658013343811,1.423839807510376,0.0001817941665649414,1.4236634969711304,1.4238550662994385,0.00019156932830810547
9.0375,1.423649787902832,1.4238721132278442,0.00022232532501220703,1.4236541986465454,1.4236419200897217,1.2278556823730469e-05,1.423658013343811,1.4238637685775757,0.00020575523376464844,1.4236633777618408,1.4238619804382324,0.00019860267639160156
9.075,1.4236477613449097,1.4239059686660767,0.0002582073211669922,1.4236537218093872,1.4236299991607666,2.372264862060547e-05,1.4236578941345215,1.4238841533660889,0.0002262592315673828,1.4236631393432617,1.4238678216934204,0.0002046823501586914
9.112499999999999,1.4236458539962769,1.423944354057312,0.00029850006103515625,1.4236533641815186,1.4236310720443726,2.2292137145996094e-05,1.4236578941345215,1.423904299736023,0.00024640560150146484,1.4236630201339722,1.4238730669021606,0.00021004676818847656
9.15,1.4236443042755127,1.423986554145813,0.00034224987030029297,1.42365300655365,1.423646092414856,6.9141387939453125e-06,1.4236578941345215,1.423927664756775,0.00026977062225341797,1.4236629009246826,1.4238795042037964,0.00021660327911376953
9.1875,1.423642873764038,1.4240264892578125,0.00038361549377441406,1.4236527681350708,1.4236704111099243,1.7642974853515625e-05,1.423658013343811,1.4239519834518433,0.00029397010803222656,1.423662781715393,1.4238855838775635,0.00022280216217041016
9.225,1.4236416816711426,1.4240531921386719,0.0004115104675292969,1.4236526489257812,1.4236927032470703,4.00543212890625e-05,1.4236581325531006,1.423970341682434,0.0003122091293334961,1.423662781715393,1.423885464668274,0.00022268295288085938
9.2625,1.4236406087875366,1.4240590333938599,0.0004184246063232422,1.4236525297164917,1.4237053394317627,5.2809715270996094e-05,1.4236581325531006,1.4239774942398071,0.00031936168670654297,1.4236626625061035,1.4238773584365845,0.00021469593048095703
9.299999999999999,1.4236397743225098,1.4240468740463257,0.00040709972381591797,1.4236525297164917,1.4237078428268433,5.53131103515625e-05,1.4236582517623901,1.4239741563796997,0.0003159046173095703,1.4236626625061035,1.4238656759262085,0.00020301342010498047
9.3375,1.423639178276062,1.4240258932113647,0.0003867149353027344,1.4236525297164917,1.423706293106079,5.3763389587402344e-05,1.4236584901809692,1.4239680767059326,0.0003095865249633789,1.423662543296814,1.4238603115081787,0.0001977682113647461
9.375,1.4236387014389038,1.4240049123764038,0.0003662109375,1.4236525297164917,1.4237077236175537,5.519390106201172e-05,1.4236586093902588,1.4239661693572998,0.0003075599670410156,1.423662543296814,1.4238686561584473,0.00020611286163330078
9.4125,1.4236383438110352,1.4239834547042847,0.0003451108932495117,1.4236526489257812,1.4237101078033447,5.745887756347656e-05,1.4236587285995483,1.4239674806594849,0.00030875205993652344,1.423662543296814,1.4238879680633545,0.00022542476654052734
9.45,1.423638105392456,1.4239543676376343,0.00031626224517822266,1.4236527681350708,1.4237077236175537,5.4955482482910156e-05,1.4236589670181274,1.4239662885665894,0.00030732154846191406,1.4236624240875244,1.4239091873168945,0.0002467632293701172
9.487499999999999,1.4236379861831665,1.42391037940979,0.00027239322662353516,1.42365300655365,1.4236938953399658,4.088878631591797e-05,1.4236592054367065,1.423957347869873,0.0002981424331665039,1.4236624240875244,1.4239232540130615,0.0002608299255371094
9.525,1.4236379861831665,1.4238526821136475,0.00021469593048095703,1.4236531257629395,1.4236700534820557,1.6927719116210938e-05,1.423659324645996,1.4239412546157837,0.00028192996978759766,1.4236624240875244,1.423927664756775,0.0002652406692504883
9.5625,1.423638105392456,1.4237934350967407,0.00015532970428466797,1.4236533641815186,1.4236456155776978,7.748603820800781e-06,1.4236595630645752,1.423925518989563,0.00026595592498779297,1.4236624240875244,1.42392897605896,0.0002665519714355469
9.6,1.4236382246017456,1.4237473011016846,0.00010907649993896484,1.4236536026000977,1.4236332178115845,2.0384788513183594e-05,1.4236598014831543,1.4239208698272705,0.00026106834411621094,1.4236624240875244,1.4239377975463867,0.0002753734588623047
9.6375,1.4236385822296143,1.4237163066864014,7.772445678710938e-05,1.4236539602279663,1.4236325025558472,2.1457672119140625e-05,1.4236600399017334,1.4239243268966675,0.00026428699493408203,1.423662543296814,1.4239535331726074,0.00029098987579345703
9.674999999999999,1.423638939857483,1.4236928224563599,5.3882598876953125e-05,1.4236541986465454,1.4236342906951904,1.990795135498047e-05,1.4236602783203125,1.4239245653152466,0.00026428699493408203,1.423662543296814,1.4239652156829834,0.0003026723861694336
9.7125,1.4236394166946411,1.4236633777618408,2.396106719970703e-05,1.423654556274414,1.4236263036727905,2.8252601623535156e-05,1.4236605167388916,1.4239091873168945,0.0002486705780029297,1.423662543296814,1.423961877822876,0.0002993345260620117
9.75,1.4236398935317993,1.4236265420913696,1.33514404296875e-05,1.4236549139022827,1.4236096143722534,4.5299530029296875e-05,1.4236607551574707,1.4238803386688232,0.00021958351135253906,1.423662543296814,1.4239439964294434,0.00028145313262939453
9.7875,1.4236403703689575,1.4235919713974,4.839897155761719e-05,1.4236552715301514,1.4235951900482178,6.008148193359375e-05,1.4236609935760498,1.4238498210906982,0.0001888275146484375,1.4236626625061035,1.4239226579666138,0.0002599954605102539
9.825,1.4236409664154053,1.4235715866088867,6.937980651855469e-05,1.42365562915802,1.4235954284667969,6.020069122314453e-05,1.423661231994629,1.4238311052322388,0.00016987323760986328,1.4236626625061035,1.4239089488983154,0.00024628639221191406
9.862499999999999,1.4236416816711426,1.423569679260254,7.200241088867188e-05,1.4236559867858887,1.4236103296279907,4.565715789794922e-05,1.423661470413208,1.4238253831863403,0.00016391277313232422,1.423662781715393,1.423903226852417,0.00024044513702392578
9.9,1.4236423969268799,1.4235777854919434,6.461143493652344e-05,1.4236563444137573,1.42362642288208,2.9921531677246094e-05,1.423661708831787,1.4238190650939941,0.00015735626220703125,1.423662781715393,1.4238908290863037,0.00022804737091064453
9.9375,1.4236431121826172,1.423587441444397,5.5670738220214844e-05,1.423656702041626,1.4236294031143188,2.7298927307128906e-05,1.4236619472503662,1.4237980842590332,0.0001361370086669922,1.4236629009246826,1.42385995388031,0.0001970529556274414
9.975,1.4236438274383545,1.4235974550247192,4.6372413635253906e-05,1.4236570596694946,1.42361581325531,4.124641418457031e-05,1.4236621856689453,1.4237598180770874,9.763240814208984e-05,1.4236629009246826,1.4238104820251465,0.0001475811004638672
10.0125,1.4236445426940918,1.4236156940460205,2.8848648071289062e-05,1.4236575365066528,1.4235948324203491,6.270408630371094e-05,1.4236624240875244,1.4237161874771118,5.3763389587402344e-05,1.4236630201339722,1.423758864402771,9.584426879882812e-05
10.049999999999999,1.4236453771591187,1.4236494302749634,4.0531158447265625e-06,1.4236578941345215,1.4235800504684448,7.784366607666016e-05,1.423662543296814,1.423683762550354,2.1219253540039062e-05,1.4236631393432617,1.4237251281738281,6.198883056640625e-05
10.0875,1.4236462116241455,1.423696756362915,5.054473876953125e-05,1.4236582517623901,1.4235782623291016,7.998943328857422e-05,1.423662781715393,1.4236706495285034,7.867813110351562e-06,1.4236631393432617,1.4237209558486938,5.7816505432128906e-05
10.125,1.4236470460891724,1.4237474203109741,0.00010037422180175781,1.4236586093902588,1.4235855340957642,7.30752944946289e-05,1.4236630201339722,1.423673391342163,1.0371208190917969e-05,1.4236632585525513,1.4237436056137085,8.034706115722656e-05
10.1625,1.4236478805541992,1.4237875938415527,0.00013971328735351562,1.423659086227417,1.4235917329788208,6.73532485961914e-05,1.4236632585525513,1.4236782789230347,1.5020370483398438e-05,1.4236633777618408,1.4237794876098633,0.00011610984802246094
10.2,1.423648715019226,1.4238113164901733,0.00016260147094726562,1.4236594438552856,1.4235907793045044,6.866455078125e-05,1.4236634969711304,1.42367422580719,1.0728836059570312e-05,1.4236633777618408,1.4238152503967285,0.0001518726348876953
10.237499999999999,1.423649549484253,1.4238224029541016,0.0001728534698486328,1.4236598014831543,1.4235854148864746,7.43865966796875e-05,1.42366361618042,1.423659324645996,4.291534423828125e-06,1.4236634969711304,1.4238455295562744,0.00018203258514404297
10.275,1.4236503839492798,1.4238297939300537,0.00017940998077392578,1.423660159111023,1.4235841035842896,7.605552673339844e-05,1.423663854598999,1.4236383438110352,2.5510787963867188e-05,1.42366361618042,1.4238719940185547,0.00020837783813476562
10.3125,1.4236512184143066,1.4238444566726685,0.0001932382583618164,1.4236605167388916,1.4235984086990356,6.210803985595703e-05,1.4236640930175781,1.4236232042312622,4.088878631591797e-05,1.4236637353897095,1.4239023923873901,0.00023865699768066406
10.35,1.4236520528793335,1.423865795135498,0.00021374225616455078,1.4236608743667603,1.4236297607421875,3.1113624572753906e-05,1.4236642122268677,1.4236184358596802,4.57763671875e-05,1.4236637353897095,1.4239376783370972,0.0002739429473876953
10.3875,1.4236528873443604,1.4238866567611694,0.00023376941680908203,1.423661231994629,1.4236724376678467,1.1205673217773438e-05,1.4236644506454468,1.4236235618591309,4.088878631591797e-05,1.423663854598999,1.4239745140075684,0.00031065940856933594
10.424999999999999,1.4236537218093872,1.4238996505737305,0.0002459287643432617,1.4236615896224976,1.4237167835235596,5.519390106201172e-05,1.4236645698547363,1.4236353635787964,2.9206275939941406e-05,1.4236639738082886,1.4240071773529053,0.0003432035446166992
10.4625,1.423654556274414,1.4239031076431274,0.0002485513687133789,1.4236619472503662,1.4237565994262695,9.465217590332031e-05,1.4236648082733154,1.423652172088623,1.2636184692382812e-05,1.4236640930175781,1.4240323305130005,0.0003682374954223633
10.5,1.4236552715301514,1.4239022731781006,0.00024700164794921875,1.4236623048782349,1.4237899780273438,0.00012767314910888672,1.423664927482605,1.423674464225769,9.5367431640625e-06,1.4236642122268677,1.424050211906433,0.0003859996795654297
10.5375,1.4236561059951782,1.423904538154602,0.0002484321594238281,1.4236626625061035,1.4238173961639404,0.00015473365783691406,1.4236650466918945,1.4237029552459717,3.790855407714844e-05,1.4236642122268677,1.4240612983703613,0.00039708614349365234
10.575,1.4236568212509155,1.4239146709442139,0.00025784969329833984,1.4236629009246826,1.4238395690917969,0.0001766681671142578,1.4236652851104736,1.4237360954284668,7.081031799316406e-05,1.4236643314361572,1.4240654706954956,0.0004011392593383789
10.612499999999999,1.4236576557159424,1.4239304065704346,0.0002727508544921875,1.4236632585525513,1.4238542318344116,0.00019097328186035156,1.4236654043197632,1.4237675666809082,0.00010216236114501953,1.4236644506454468,1.4240593910217285,0.0003949403762817383
10.65,1.4236583709716797,1.4239447116851807,0.00028634071350097656,1.42366361618042,1.4238591194152832,0.00019550323486328125,1.4236655235290527,1.423792839050293,0.00012731552124023438,1.4236645698547363,1.4240412712097168,0.00037670135498046875
10.6875,1.423659086227417,1.4239482879638672,0.0002892017364501953,1.423663854598999,1.4238526821136475,0.0001888275146484375,1.4236656427383423,1.423807978630066,0.0001423358917236328,1.4236646890640259,1.4240121841430664,0.00034749507904052734
10.725,1.4236598014831543,1.4239368438720703,0.0002770423889160156,1.4236640930175781,1.4238386154174805,0.00017452239990234375,1.4236657619476318,1.4238160848617554,0.00015032291412353516,1.4236646890640259,1.4239792823791504,0.0003145933151245117
10.7625,1.423660397529602,1.4239097833633423,0.0002493858337402344,1.4236644506454468,1.423822283744812,0.00015783309936523438,1.4236658811569214,1.423823595046997,0.0001577138900756836,1.4236648082733154,1.4239521026611328,0.0002872943878173828
10.799999999999999,1.4236611127853394,1.4238760471343994,0.0002149343490600586,1.4236646890640259,1.4238104820251465,0.00014579296112060547,1.423666000366211,1.4238373041152954,0.00017130374908447266,1.423664927482605,1.4239404201507568,0.00027549266815185547
10.8375,1.423661708831787,1.423845648765564,0.00018393993377685547,1.423664927482605,1.4238061904907227,0.00014126300811767578,1.4236661195755005,1.4238592386245728,0.00019311904907226562,1.4236650466918945,1.423946499824524,0.00028145313262939453
10.875,1.4236623048782349,1.4238239526748657,0.00016164779663085938,1.423665165901184,1.4238052368164062,0.00014007091522216797,1.42366623878479,1.4238827228546143,0.00021648406982421875,1.4236650466918945,1.4239624738693237,0.0002974271774291992
10.9125,1.4236629009246826,1.4238097667694092,0.0001468658447265625,1.4236654043197632,1.423797845840454,0.00013244152069091797,1.4236663579940796,1.423895239830017,0.0002288818359375,1.423665165901184,1.4239749908447266,0.00030982494354248047
10.95,1.4236634969711304,1.4237972497940063,0.00013375282287597656,1.4236656427383423,1.4237780570983887,0.00011241436004638672,1.4236663579940796,1.423888921737671,0.0002225637435913086,1.4236652851104736,1.4239739179611206,0.00030863285064697266
10.987499999999999,1.4236640930175781,1.4237825870513916,0.00011849403381347656,1.4236658811569214,1.4237500429153442,8.416175842285156e-05,1.4236664772033691,1.42386794090271,0.0002014636993408203,1.4236654043197632,1.423961877822876,0.00029647350311279297
11.025,1.4236645698547363,1.4237661361694336,0.00010156631469726562,1.423666000366211,1.423727035522461,6.103515625e-05,1.4236665964126587,1.4238486289978027,0.00018203258514404297,1.4236654043197632,1.4239511489868164,0.00028574466705322266
11.0625,1.4236650466918945,1.4237496852874756,8.463859558105469e-05,1.42366623878479,1.4237207174301147,5.447864532470703e-05,1.4236665964126587,1.4238442182540894,0.00017762184143066406,1.4236655235290527,1.423952341079712,0.0002868175506591797
11.1,1.4236655235290527,1.4237322807312012,6.67572021484375e-05,1.4236663579940796,1.4237302541732788,6.389617919921875e-05,1.4236667156219482,1.4238566160202026,0.00018990039825439453,1.4236656427383423,1.4239627122879028,0.0002970695495605469
11.1375,1.423666000366211,1.4237123727798462,4.6372413635253906e-05,1.4236665964126587,1.423743724822998,7.712841033935547e-05,1.4236667156219482,1.4238719940185547,0.0002052783966064453,1.4236656427383423,1.4239656925201416,0.0003000497817993164
11.174999999999999,1.4236663579940796,1.4236936569213867,2.7298927307128906e-05,1.4236667156219482,1.4237501621246338,8.344650268554688e-05,1.4236668348312378,1.4238768815994263,0.00021004676818847656,1.4236657619476318,1.4239463806152344,0.00028061866760253906
11.2125,1.4236667156219482,1.4236820936203003,1.537799835205078e-05,1.4236668348312378,1.4237457513809204,7.891654968261719e-05,1.4236668348312378,1.4238653182983398,0.00019848346710205078,1.4236657619476318,1.423900842666626,0.00023508071899414062
11.25,1.4236671924591064,1.4236829280853271,1.5735626220703125e-05,1.423667073249817,1.4237364530563354,6.937980651855469e-05,1.4236669540405273,1.4238418340682983,0.0001748800277709961,1.4236658811569214,1.4238401651382446,0.0001742839813232422
11.2875,1.4236674308776855,1.4236916303634644,2.4199485778808594e-05,1.4236671924591064,1.4237293004989624,6.210803985595703e-05,1.4236669540405273,1.423814296722412,0.00014734268188476562,1.4236658811569214,1.4237802028656006,0.00011432170867919922
11.325,1.4236677885055542,1.4236994981765747,3.170967102050781e-05,1.423667311668396,1.4237263202667236,5.900859832763672e-05,1.4236669540405273,1.423787236213684,0.00012028217315673828,1.423666000366211,1.423732042312622,6.604194641113281e-05
11.362499999999999,1.4236681461334229,1.4236981868743896,3.0040740966796875e-05,1.423667311668396,1.4237250089645386,5.7697296142578125e-05,1.423667073249817,1.423759937286377,9.28640365600586e-05,1.4236661195755005,1.4237005710601807,3.445148468017578e-05
11.4,1.423668384552002,1.4236863851547241,1.800060272216797e-05,1.4236674308776855,1.4237216711044312,5.424022674560547e-05,1.423667073249817,1.423730731010437,6.365776062011719e-05,1.4236661195755005,1.4236849546432495,1.8835067749023438e-05
11.4375,1.423668622970581,1.423669457435608,8.344650268554688e-07,1.423667550086975,1.4237139225006104,4.6372413635253906e-05,1.423667073249817,1.4236996173858643,3.254413604736328e-05,1.4236661195755005,1.4236820936203003,1.5974044799804688e-05
11.475,1.4236688613891602,1.4236528873443604,1.5974044799804688e-05,1.4236676692962646,1.4237010478973389,3.337860107421875e-05,1.423667073249817,1.4236690998077393,2.0265579223632812e-06,1.42366623878479,1.423688530921936,2.2292137145996094e-05
11.5125,1.4236690998077393,1.423639178276062,2.9921531677246094e-05,1.4236676692962646,1.4236845970153809,1.6927719116210938e-05,1.423667073249817,1.4236433506011963,2.372264862060547e-05,1.42366623878479,1.423701524734497,3.528594970703125e-05
11.549999999999999,1.4236692190170288,1.4236270189285278,4.220008850097656e-05,1.4236677885055542,1.4236655235290527,2.2649765014648438e-06,1.423667073249817,1.4236259460449219,4.112720489501953e-05,1.4236663579940796,1.423717737197876,5.137920379638672e-05
11.5875,1.4236693382263184,1.4236174821853638,5.1856040954589844e-05,1.4236677885055542,1.4236496686935425,1.811981201171875e-05,1.423667073249817,1.423622727394104,4.4345855712890625e-05,1.4236663579940796,1.423737645149231,7.128715515136719e-05
11.625,1.4236695766448975,1.423611044883728,5.8531761169433594e-05,1.4236679077148438,1.4236397743225098,2.8133392333984375e-05,1.423667073249817,1.4236341714859009,3.2901763916015625e-05,1.4236663579940796,1.4237582683563232,9.191036224365234e-05
11.6625,1.423669695854187,1.4236078262329102,6.186962127685547e-05,1.4236679077148438,1.4236369132995605,3.0994415283203125e-05,1.423667073249817,1.4236557483673096,1.1324882507324219e-05,1.4236664772033691,1.4237761497497559,0.00010967254638671875
11.7,1.423669695854187,1.4236081838607788,6.151199340820312e-05,1.4236679077148438,1.4236403703689575,2.753734588623047e-05,1.423667073249817,1.4236828088760376,1.5735626220703125e-05,1.4236664772033691,1.423789381980896,0.00012290477752685547
11.737499999999999,1.4236698150634766,1.4236090183258057,6.079673767089844e-05,1.4236679077148438,1.4236466884613037,2.1219253540039062e-05,1.423667073249817,1.423708438873291,4.1365623474121094e-05,1.4236664772033691,1.4237947463989258,0.00012826919555664062
11.775,1.4236699342727661,1.423612117767334,5.7816505432128906e-05,1.4236679077148438,1.4236572980880737,1.0609626770019531e-05,1.423667073249817,1.4237333536148071,6.628036499023438e-05,1.4236665964126587,1.4237972497940063,0.00013065338134765625
11.8125,1.4236699342727661,1.423617959022522,5.1975250244140625e-05,1.4236679077148438,1.423670768737793,2.86102294921875e-06,1.423667073249817,1.4237583875656128,9.131431579589844e-05,1.4236665964126587,1.4237998723983765,0.00013327598571777344
11.85,1.4236699342727661,1.4236279726028442,4.1961669921875e-05,1.4236679077148438,1.4236868619918823,1.895427703857422e-05,1.423667073249817,1.4237853288650513,0.000118255615234375,1.4236665964126587,1.423804759979248,0.00013816356658935547
11.8875,1.4236699342727661,1.423643946647644,2.5987625122070312e-05,1.4236679077148438,1.4237024784088135,3.457069396972656e-05,1.423667073249817,1.4238144159317017,0.00014734268188476562,1.4236665964126587,1.423810362815857,0.0001437664031982422
11.924999999999999,1.4236699342727661,1.4236642122268677,5.7220458984375e-06,1.4236679077148438,1.423714280128479,4.6372413635253906e-05,1.423667073249817,1.423844337463379,0.00017726421356201172,1.4236665964126587,1.4238126277923584,0.00014603137969970703
11.9625,1.4236699342727661,1.4236843585968018,1.4424324035644531e-05,1.4236679077148438,1.4237192869186401,5.137920379638672e-05,1.4236669540405273,1.423872947692871,0.00020599365234375,1.4236665964126587,1.423807978630066,0.00014138221740722656
12.0,1.4236699342727661,1.4237010478973389,3.1113624572753906e-05,1.4236679077148438,1.4237196445465088,5.173683166503906e-05,1.4236669540405273,1.423902153968811,0.0002351999282836914,1.4236667156219482,1.4237979650497437,0.00013124942779541016
12.0375,1.4236698150634766,1.4237111806869507,4.1365623474121094e-05,1.4236679077148438,1.423720121383667,5.221366882324219e-05,1.4236669540405273,1.4239346981048584,0.0002677440643310547,1.4236667156219482,1.4237871170043945,0.00012040138244628906
12.075,1.4236698150634766,1.4237141609191895,4.4345855712890625e-05,1.4236677885055542,1.4237250089645386,5.7220458984375e-05,1.4236669540405273,1.4239697456359863,0.0003027915954589844,1.4236667156219482,1.4237793684005737,0.00011265277862548828
12.112499999999999,1.423669695854187,1.4237120151519775,4.2319297790527344e-05,1.4236677885055542,1.4237359762191772,6.818771362304688e-05,1.4236669540405273,1.4240026473999023,0.000335693359375,1.4236667156219482,1.423775315284729,0.00010859966278076172
12.15,1.423669695854187,1.4237068891525269,3.719329833984375e-05,1.4236677885055542,1.423750400543213,8.26120376586914e-05,1.4236668348312378,1.424025535583496,0.0003587007522583008,1.4236667156219482,1.4237713813781738,0.00010466575622558594
12.1875,1.4236695766448975,1.4237009286880493,3.135204315185547e-05,1.4236676692962646,1.4237620830535889,9.441375732421875e-05,1.4236668348312378,1.4240283966064453,0.00036156177520751953,1.4236667156219482,1.4237613677978516,9.465217590332031e-05
12.225,1.423669457435608,1.423693299293518,2.384185791015625e-05,1.4236676692962646,1.4237655401229858,9.78708267211914e-05,1.4236668348312378,1.4240081310272217,0.0003412961959838867,1.4236667156219482,1.4237419366836548,7.522106170654297e-05
12.2625,1.423669457435608,1.4236798286437988,1.0371208190917969e-05,1.4236676692962646,1.4237576723098755,9.000301361083984e-05,1.4236668348312378,1.423966884613037,0.0003000497817993164,1.4236667156219482,1.4237133264541626,4.661083221435547e-05
12.299999999999999,1.4236693382263184,1.4236571788787842,1.2159347534179688e-05,1.423667550086975,1.4237406253814697,7.30752944946289e-05,1.4236667156219482,1.4239168167114258,0.00025010108947753906,1.4236667156219482,1.4236832857131958,1.6570091247558594e-05
12.3375,1.4236692190170288,1.4236252307891846,4.398822784423828e-05,1.423667550086975,1.4237226247787476,5.507469177246094e-05,1.4236667156219482,1.4238739013671875,0.0002071857452392578,1.4236667156219482,1.42366361618042,3.0994415283203125e-06
12.375,1.4236690998077393,1.423588752746582,8.034706115722656e-05,1.4236674308776855,1.423710823059082,4.3392181396484375e-05,1.4236667156219482,1.4238499402999878,0.00018322467803955078,1.4236667156219482,1.4236624240875244,4.291534423828125e-06
12.4125,1.4236689805984497,1.4235525131225586,0.00011646747589111328,1.4236674308776855,1.423707127571106,3.9696693420410156e-05,1.4236665964126587,1.423844575881958,0.0001779794692993164,1.4236665964126587,1.4236780405044556,1.1444091796875e-05
12.45,1.4236688613891602,1.4235233068466187,0.0001455545425415039,1.423667311668396,1.4237083196640015,4.100799560546875e-05,1.4236665964126587,1.4238485097885132,0.0001819133758544922,1.4236665964126587,1.4237016439437866,3.504753112792969e-05
12.487499999999999,1.4236687421798706,1.4235042333602905,0.00016450881958007812,1.423667311668396,1.4237093925476074,4.208087921142578e-05,1.4236665964126587,1.4238474369049072,0.00018084049224853516,1.4236665964126587,1.4237217903137207,5.519390106201172e-05
12.525,1.423668622970581,1.4234970808029175,0.00017154216766357422,1.4236671924591064,1.4237089157104492,4.172325134277344e-05,1.4236665964126587,1.4238333702087402,0.00016677379608154297,1.4236665964126587,1.4237329959869385,6.639957427978516e-05
12.5625,1.4236685037612915,1.4235013723373413,0.0001671314239501953,1.4236671924591064,1.4237110614776611,4.38690185546875e-05,1.4236664772033691,1.4238090515136719,0.00014257431030273438,1.4236665964126587,1.4237399101257324,7.331371307373047e-05
12.6,1.4236682653427124,1.4235111474990845,0.0001571178436279297,1.423667073249817,1.4237217903137207,5.4717063903808594e-05,1.4236664772033691,1.4237836599349976,0.00011718273162841797,1.4236665964126587,1.4237513542175293,8.475780487060547e-05
12.6375,1.4236681461334229,1.4235211610794067,0.00014698505401611328,1.423667073249817,1.4237457513809204,7.867813110351562e-05,1.4236664772033691,1.4237678050994873,0.00010132789611816406,1.4236665964126587,1.4237761497497559,0.00010955333709716797
12.674999999999999,1.4236680269241333,1.4235241413116455,0.00014388561248779297,1.4236669540405273,1.4237821102142334,0.00011515617370605469,1.4236664772033691,1.4237656593322754,9.918212890625e-05,1.4236665964126587,1.4238163232803345,0.00014972686767578125
12.7125,1.4236679077148438,1.4235188961029053,0.00014901161193847656,1.4236669540405273,1.4238258600234985,0.0001589059829711914,1.4236663579940796,1.4237762689590454,0.00010991096496582031,1.4236664772033691,1.4238685369491577,0.00020205974578857422
12.75,1.4236677885055542,1.4235082864761353,0.0001595020294189453,1.4236668348312378,1.42387056350708,0.00020372867584228516,1.4236663579940796,1.4237942695617676,0.00012791156768798828,1.4236664772033691,1.4239252805709839,0.0002588033676147461
12.7875,1.4236676692962646,1.4234997034072876,0.00016796588897705078,1.4236668348312378,1.4239133596420288,0.0002465248107910156,1.4236663579940796,1.4238144159317017,0.0001480579376220703,1.4236664772033691,1.4239819049835205,0.0003154277801513672
12.825,1.423667550086975,1.4234950542449951,0.00017249584197998047,1.4236667156219482,1.4239494800567627,0.0002827644348144531,1.4236663579940796,1.4238306283950806,0.00016427040100097656,1.4236664772033691,1.424033284187317,0.0003668069839477539
12.862499999999999,1.4236674308776855,1.4234941005706787,0.00017333030700683594,1.4236667156219482,1.4239765405654907,0.00030982494354248047,1.42366623878479,1.423840045928955,0.00017380714416503906,1.4236664772033691,1.4240778684616089,0.0004113912582397461
12.9,1.423667311668396,1.4234918355941772,0.00017547607421875,1.4236665964126587,1.4239940643310547,0.0003274679183959961,1.42366623878479,1.423842191696167,0.00017595291137695312,1.4236664772033691,1.4241154193878174,0.0004489421844482422
12.9375,1.4236671924591064,1.423484444618225,0.00018274784088134766,1.4236665964126587,1.424002766609192,0.0003361701965332031,1.42366623878479,1.4238390922546387,0.0001728534698486328,1.4236663579940796,1.4241479635238647,0.00048160552978515625
12.975,1.423667073249817,1.4234731197357178,0.0001939535140991211,1.4236665964126587,1.424006462097168,0.00033986568450927734,1.42366623878479,1.4238348007202148,0.0001685619354248047,1.4236663579940796,1.4241780042648315,0.0005116462707519531
13.0125,1.4236669540405273,1.4234628677368164,0.0002040863037109375,1.4236664772033691,1.424007773399353,0.0003412961959838867,1.42366623878479,1.4238319396972656,0.00016570091247558594,1.4236663579940796,1.4242055416107178,0.0005391836166381836
13.049999999999999,1.4236669540405273,1.4234596490859985,0.0002073049545288086,1.4236664772033691,1.4240061044692993,0.0003396272659301758,1.42366623878479,1.4238284826278687,0.00016224384307861328,1.4236663579940796,1.4242268800735474,0.0005605220794677734
13.0875,1.4236668348312378,1.4234650135040283,0.00020182132720947266,1.4236663579940796,1.423996925354004,0.0003305673599243164,1.4236661195755005,1.4238189458847046,0.00015282630920410156,1.4236663579940796,1.4242349863052368,0.0005686283111572266
13.125,1.4236667156219482,1.4234803915023804,0.0001863241195678711,1.4236663579940796,1.4239779710769653,0.0003116130828857422,1.4236661195755005,1.4238020181655884,0.00013589859008789062,1.4236663579940796,1.4242274761199951,0.0005611181259155273
13.1625,1.4236665964126587,1.4235044717788696,0.0001621246337890625,1.4236663579940796,1.4239487648010254,0.0002824068069458008,1.4236661195755005,1.423779010772705,0.00011289119720458984,1.42366623878479,1.4242064952850342,0.0005402565002441406
13.2,1.4236665964126587,1.423537254333496,0.00012934207916259766,1.42366623878479,1.4239161014556885,0.0002498626708984375,1.4236661195755005,1.4237592220306396,9.310245513916016e-05,1.42366623878479,1.4241816997528076,0.0005154609680175781
13.237499999999999,1.4236664772033691,1.423580527305603,8.594989776611328e-05,1.42366623878479,1.4238884449005127,0.00022220611572265625,1.4236661195755005,1.4237542152404785,8.809566497802734e-05,1.42366623878479,1.4241656064987183,0.0004993677139282227
13.275,1.4236663579940796,1.423632264137268,3.409385681152344e-05,1.42366623878479,1.4238694906234741,0.00020325183868408203,1.4236661195755005,1.4237679243087769,0.00010180473327636719,1.42366623878479,1.4241633415222168,0.0004971027374267578
13.3125,1.4236663579940796,1.4236855506896973,1.919269561767578e-05,1.42366623878479,1.4238548278808594,0.00018858909606933594,1.4236661195755005,1.4237942695617676,0.00012814998626708984,1.42366623878479,1.4241701364517212,0.0005038976669311523
13.35,1.42366623878479,1.4237314462661743,6.520748138427734e-05,1.4236661195755005,1.4238371849060059,0.0001710653305053711,1.4236661195755005,1.4238218069076538,0.0001556873321533203,1.42366623878479,1.4241756200790405,0.0005093812942504883
13.3875,1.42366623878479,1.4237630367279053,9.679794311523438e-05,1.4236661195755005,1.423811912536621,0.00014579296112060547,1.423666000366211,1.423841118812561,0.00017511844635009766,1.42366623878479,1.4241710901260376,0.0005048513412475586
13.424999999999999,1.4236661195755005,1.4237799644470215,0.0001138448715209961,1.4236661195755005,1.4237819910049438,0.00011587142944335938,1.423666000366211,1.423850655555725,0.00018465518951416016,1.4236661195755005,1.4241567850112915,0.0004906654357910156
13.4625,1.4236661195755005,1.4237868785858154,0.0001207590103149414,1.4236661195755005,1.423757791519165,9.167194366455078e-05,1.423666000366211,1.4238554239273071,0.0001894235610961914,1.4236661195755005,1.4241389036178589,0.00047278404235839844
13.5,1.423666000366211,1.4237868785858154,0.00012087821960449219,1.423666000366211,1.4237456321716309,7.963180541992188e-05,1.423666000366211,1.423858880996704,0.00019288063049316406,1.4236661195755005,1.4241230487823486,0.00045692920684814453
13.5375,1.423666000366211,1.4237778186798096,0.00011181831359863281,1.423666000366211,1.4237431287765503,7.712841033935547e-05,1.423666000366211,1.423857569694519,0.00019156932830810547,1.4236661195755005,1.4241065979003906,0.0004404783248901367
13.575,1.423666000366211,1.423755168914795,8.916854858398438e-05,1.423666000366211,1.4237414598464966,7.545948028564453e-05,1.423666000366211,1.423843502998352,0.00017750263214111328,1.4236661195755005,1.4240832328796387,0.0004171133041381836
13.612499999999999,1.423666000366211,1.4237185716629028,5.257129669189453e-05,1.423666000366211,1.4237329959869385,6.699562072753906e-05,1.423666000366211,1.4238120317459106,0.00014603137969970703,1.4236661195755005,1.4240484237670898,0.00038230419158935547
13.65,1.4236658811569214,1.4236750602722168,9.179115295410156e-06,1.423666000366211,1.423716425895691,5.042552947998047e-05,1.423666000366211,1.4237674474716187,0.00010144710540771484,1.4236661195755005,1.4240061044692993,0.0003399848937988281
13.6875,1.4236658811569214,1.423638105392456,2.777576446533203e-05,1.423666000366211,1.4236977100372314,3.170967102050781e-05,1.423666000366211,1.423721432685852,5.543231964111328e-05,1.4236661195755005,1.4239661693572998,0.0003000497817993164
13.725,1.4236658811569214,1.4236127138137817,5.316734313964844e-05,1.423666000366211,1.423678994178772,1.2993812561035156e-05,1.423666000366211,1.4236806631088257,1.4662742614746094e-05,1.4236661195755005,1.4239336252212524,0.0002675056457519531
13.7625,1.4236658811569214,1.4235979318618774,6.794929504394531e-05,1.423666000366211,1.4236595630645752,6.4373016357421875e-06,1.423666000366211,1.4236475229263306,1.8477439880371094e-05,1.4236661195755005,1.4239089488983154,0.0002428293228149414
13.799999999999999,1.4236657619476318,1.4235845804214478,8.118152618408203e-05,1.4236658811569214,1.4236341714859009,3.170967102050781e-05,1.423666000366211,1.4236173629760742,4.863739013671875e-05,1.423666000366211,1.4238849878311157,0.00021898746490478516
13.8375,1.4236657619476318,1.4235658645629883,9.989738464355469e-05,1.4236658811569214,1.4236024618148804,6.341934204101562e-05,1.423666000366211,1.4235883951187134,7.76052474975586e-05,1.423666000366211,1.4238570928573608,0.00019109249114990234
13.875,1.4236657619476318,1.4235442876815796,0.0001214742660522461,1.4236658811569214,1.4235707521438599,9.512901306152344e-05,1.423666000366211,1.4235625267028809,0.00010347366333007812,1.423666000366211,1.4238247871398926,0.00015878677368164062
13.9125,1.4236657619476318,1.4235284328460693,0.0001373291015625,1.4236658811569214,1.4235498905181885,0.00011599063873291016,1.423666000366211,1.4235484600067139,0.00011754035949707031,1.423666000366211,1.4237937927246094,0.0001277923583984375
13.95,1.4236657619476318,1.4235280752182007,0.00013768672943115234,1.4236658811569214,1.4235484600067139,0.00011742115020751953,1.423666000366211,1.4235519170761108,0.00011408329010009766,1.423666000366211,1.423768162727356,0.00010216236114501953
13.987499999999999,1.4236657619476318,1.4235460758209229,0.00011968612670898438,1.4236658811569214,1.4235666990280151,9.918212890625e-05,1.423666000366211,1.4235718250274658,9.417533874511719e-05,1.423666000366211,1.423747181892395,8.118152618408203e-05
14.025,1.4236657619476318,1.423576831817627,8.893013000488281e-05,1.4236658811569214,1.4235937595367432,7.212162017822266e-05,1.423666000366211,1.4235976934432983,6.830692291259766e-05,1.423666000366211,1.4237229824066162,5.698204040527344e-05
14.0625,1.4236657619476318,1.4236119985580444,5.3763389587402344e-05,1.4236658811569214,1.423618197441101,4.76837158203125e-05,1.423666000366211,1.4236195087432861,4.649162292480469e-05,1.423666000366211,1.4236894845962524,2.3484230041503906e-05
14.1,1.4236657619476318,1.4236444234848022,2.1338462829589844e-05,1.4236658811569214,1.4236332178115845,3.266334533691406e-05,1.423666000366211,1.423631191253662,3.4809112548828125e-05,1.423666000366211,1.4236465692520142,1.9431114196777344e-05
14.1375,1.4236657619476318,1.4236701726913452,4.410743713378906e-06,1.4236658811569214,1.4236407279968262,2.5153160095214844e-05,1.423666000366211,1.4236371517181396,2.8848648071289062e-05,1.423666000366211,1.4236044883728027,6.151199340820312e-05
14.174999999999999,1.4236657619476318,1.4236841201782227,1.8358230590820312e-05,1.4236658811569214,1.42364501953125,2.086162567138672e-05,1.423666000366211,1.423642873764038,2.3126602172851562e-05,1.423666000366211,1.4235728979110718,9.310245513916016e-05
14.2125,1.4236657619476318,1.4236822128295898,1.6450881958007812e-05,1.4236658811569214,1.4236513376235962,1.4543533325195312e-05,1.423666000366211,1.4236555099487305,1.049041748046875e-05,1.423666000366211,1.4235610961914062,0.0001049041748046875
14.25,1.4236657619476318,1.4236606359481812,5.125999450683594e-06,1.4236658811569214,1.4236613512039185,4.5299530029296875e-06,1.423666000366211,1.4236751794815063,9.179115295410156e-06,1.423666000366211,1.423568606376648,9.739398956298828e-05
14.2875,1.4236657619476318,1.4236202239990234,4.553794860839844e-05,1.4236658811569214,1.4236735105514526,7.62939453125e-06,1.423666000366211,1.423697590827942,3.159046173095703e-05,1.423666000366211,1.423588514328003,7.748603820800781e-05
14.325,1.4236657619476318,1.423570990562439,9.47713851928711e-05,1.4236658811569214,1.4236878156661987,2.193450927734375e-05,1.423666000366211,1.4237174987792969,5.14984130859375e-05,1.423666000366211,1.423612356185913,5.364418029785156e-05
14.362499999999999,1.4236657619476318,1.423527479171753,0.00013828277587890625,1.4236658811569214,1.423705816268921,3.993511199951172e-05,1.423666000366211,1.4237332344055176,6.723403930664062e-05,1.423666000366211,1.4236340522766113,3.1948089599609375e-05
14.399999999999999,1.4236657619476318,1.423501968383789,0.00016379356384277344,1.4236658811569214,1.423729658126831,6.377696990966797e-05,1.423666000366211,1.4237432479858398,7.724761962890625e-05,1.423666000366211,1.4236502647399902,1.5735626220703125e-05
14.4375,1.4236657619476318,1.4234968423843384,0.00016891956329345703,1.4236658811569214,1.4237598180770874,9.393692016601562e-05,1.423666000366211,1.4237500429153442,8.404254913330078e-05,1.423666000366211,1.423662781715393,3.2186508178710938e-06
14.475,1.4236657619476318,1.4235056638717651,0.00016009807586669922,1.4236658811569214,1.4237964153289795,0.00013053417205810547,1.423666000366211,1.4237570762634277,9.107589721679688e-05,1.423666000366211,1.4236762523651123,1.0251998901367188e-05
14.5125,1.4236657619476318,1.423518419265747,0.00014734268188476562,1.4236658811569214,1.4238401651382446,0.0001742839813232422,1.423666000366211,1.4237719774246216,0.00010597705841064453,1.423666000366211,1.4237006902694702,3.4689903259277344e-05
14.549999999999999,1.4236657619476318,1.4235223531723022,0.00014340877532958984,1.4236658811569214,1.4238898754119873,0.00022399425506591797,1.423666000366211,1.4237998723983765,0.00013387203216552734,1.423666000366211,1.423743486404419,7.748603820800781e-05
14.587499999999999,1.4236657619476318,1.4235085248947144,0.00015723705291748047,1.4236658811569214,1.4239412546157837,0.0002753734588623047,1.423666000366211,1.4238415956497192,0.00017559528350830078,1.423666000366211,1.423807144165039,0.000141143798828125
14.625,1.4236657619476318,1.4234702587127686,0.00019550323486328125,1.4236658811569214,1.4239834547042847,0.00031757354736328125,1.423666000366211,1.4238886833190918,0.00022268295288085938,1.423666000366211,1.4238834381103516,0.000217437744140625
14.6625,1.4236658811569214,1.4234113693237305,0.00025451183319091797,1.4236658811569214,1.424005389213562,0.000339508056640625,1.423666000366211,1.4239271879196167,0.0002611875534057617,1.423666000366211,1.4239567518234253,0.00029075145721435547
14.7,1.4236658811569214,1.4233458042144775,0.00032007694244384766,1.4236658811569214,1.423999547958374,0.0003336668014526367,1.423666000366211,1.4239453077316284,0.00027930736541748047,1.423666000366211,1.4240124225616455,0.0003464221954345703
14.737499999999999,1.4236658811569214,1.423294186592102,0.00037169456481933594,1.4236658811569214,1.423966407775879,0.00030052661895751953,1.423666000366211,1.4239373207092285,0.0002713203430175781,1.423666000366211,1.4240403175354004,0.0003743171691894531
14.774999999999999,1.4236658811569214,1.4232779741287231,0.0003879070281982422,1.423666000366211,1.4239163398742676,0.0002503395080566406,1.423666000366211,1.4239073991775513,0.00024139881134033203,1.423666000366211,1.4240416288375854,0.0003756284713745117
14.8125,1.4236658811569214,1.4233053922653198,0.0003604888916015625,1.423666000366211,1.4238625764846802,0.00019657611846923828,1.423666000366211,1.4238650798797607,0.0001990795135498047,1.423666000366211,1.424023985862732,0.0003579854965209961
14.85,1.4236658811569214,1.4233661890029907,0.00029969215393066406,1.423666000366211,1.4238154888153076,0.0001494884490966797,1.423666000366211,1.4238189458847046,0.00015294551849365234,1.423666000366211,1.4239972829818726,0.0003312826156616211
14.8875,1.4236658811569214,1.423437476158142,0.00022840499877929688,1.423666000366211,1.4237799644470215,0.00011396408081054688,1.423666000366211,1.4237723350524902,0.00010633468627929688,1.423666000366211,1.4239708185195923,0.00030481815338134766
14.924999999999999,1.4236658811569214,1.4234946966171265,0.00017118453979492188,1.423666000366211,1.423750638961792,8.463859558105469e-05,1.423666000366211,1.423715591430664,4.9591064453125e-05,1.423666000366211,1.4239455461502075,0.00027954578399658203
14.962499999999999,1.4236658811569214,1.423532485961914,0.00013339519500732422,1.423666000366211,1.4237171411514282,5.1140785217285156e-05,1.423666000366211,1.4236265420913696,3.9458274841308594e-05,1.423666000366211,1.4239133596420288,0.0002473592758178711
15.0,1.4236658811569214,1.4235703945159912,9.548664093017578e-05,1.423666000366211,1.4236536026000977,1.239776611328125e-05,1.423666000366211,1.4234567880630493,0.0002092123031616211,1.423666000366211,1.423843264579773,0.00017726421356201172
