method_key,noise_standard_deviation,panel_count,parameter_nrmse_panel_macro_mean,parameter_nrmse_panel_standard_deviation,warm_online_seconds_panel_median_mean,candidate_objective_evaluations_panel_macro_mean,direct_trajectory_solves_panel_macro_mean,solver_batch_calls_panel_macro_mean,total_failures,total_boundary_estimates,normalized_absolute_error_beta_panel_macro_mean,normalized_absolute_error_tau0_panel_macro_mean
de,0.005,20,0.009122732232385883,0.001449160822451458,97.43222943117144,3000.0,24000.0,100.0,0,13,0.00020398915993806278,0.012886090797345668
de,0.01,20,0.017894670855298358,0.0027306114381555374,97.3962303046952,3000.0,24000.0,100.0,0,36,0.00040759572976967385,0.025275860986490085
de,0.02,20,0.034606196384541606,0.005277675222335773,97.36542577698128,3000.0,24000.0,100.0,0,61,0.0008147954671092087,0.048878519009517694
de,0.05,20,0.07931399367892511,0.013229560966218504,97.49082900193753,3000.0,24000.0,100.0,0,151,0.002034623177837287,0.11200751079324034
frozen,0.005,20,0.009839407175284852,0.0016907439504689693,2.215149497974198,nan,nan,nan,0,6,0.00020811475749251258,0.013899773643207849
frozen,0.01,20,0.018548711993287673,0.00321161940025067,2.064260916446801,nan,nan,nan,0,24,0.00041041652259065574,0.02620133440786948
frozen,0.02,20,0.03540042525989736,0.005854725360758619,1.9676120095420628,nan,nan,nan,0,58,0.0008170136909105384,0.05000195680633186
frozen,0.05,20,0.0799657548190972,0.011555349413577743,1.6674114798661321,nan,nan,nan,0,150,0.0020343319196276044,0.11292879439757944
lm,0.005,20,0.00912456459041409,0.001447163407670633,19.431719934777355,258.7700000000001,2070.1600000000008,26.377000000000002,0,13,0.0002040158639389018,0.012888639526775488
lm,0.01,20,0.017897090380322712,0.002736959743048785,20.046337382157798,270.59000000000003,2164.7200000000003,27.559000000000005,0,36,0.00040768272727554467,0.025279400183585165
lm,0.02,20,0.03461707769882235,0.00526820718746495,20.8606592782191,284.92999999999995,2279.4399999999996,28.993000000000002,0,63,0.0008147902816368511,0.048894087801718
lm,0.05,20,0.07927839840150465,0.013208921792188102,21.148882652423346,331.81999999999994,2654.5599999999995,33.682,0,153,0.0020358314203636685,0.11195834142686782
