method,case_count,repeat,wall_time_seconds,cases_per_second,output_checksum
PFDEONet,1,1,0.0068456628359854,146.0778925224487,330.3459120467305
Parallel RK4,1,1,2.1490518520586193,0.4653214853992845,330.31795037537813
PFDEONet,1,2,0.007492340169847,133.4696473105304,330.3459120467305
Parallel RK4,1,2,2.161882257089019,0.462559881196538,330.31795037537813
PFDEONet,1,3,0.0117107178084552,85.39186208363695,330.3459120467305
Parallel RK4,1,3,2.145261330064386,0.4661436748920406,330.31795037537813
PFDEONet,1,4,0.0114055038429796,87.67696839763211,330.3459120467305
Parallel RK4,1,4,2.141728495247662,0.4669125905636155,330.31795037537813
PFDEONet,1,5,0.0111494585871696,89.69045377241548,330.3459120467305
Parallel RK4,1,5,2.1536475187167525,0.4643285362666257,330.31795037537813
PFDEONet,10,1,0.0122645027004182,815.361229416908,3082.0055195381865
Parallel RK4,10,1,2.201589543838054,4.542172735144307,3081.9589321827516
PFDEONet,10,2,0.0103473123162984,966.434538198734,3082.0055195381865
Parallel RK4,10,2,2.2222670200280845,4.499909286271828,3081.9589321827516
PFDEONet,10,3,0.0124912830069661,800.5582768738183,3082.0055195381865
Parallel RK4,10,3,2.1648304662667215,4.619299365850635,3081.9589321827516
PFDEONet,10,4,0.0128421736881136,778.6843756252638,3082.0055195381865
Parallel RK4,10,4,2.220343261025846,4.503808116308911,3081.9589321827516
PFDEONet,10,5,0.0119176609441638,839.0908288842621,3082.0055195381865
Parallel RK4,10,5,2.2448052489198744,4.454729426889779,3081.9589321827516
PFDEONet,50,1,0.0130654610693454,3826.8837000564263,16396.065618963446
Parallel RK4,50,1,2.3297426169738173,21.461598219354684,16397.362310844124
PFDEONet,50,2,0.0115047497674822,4346.031075036766,16396.065618963446
Parallel RK4,50,2,2.343341428320855,21.33705289195865,16397.362310844124
PFDEONet,50,3,0.0117436819709837,4257.608484591107,16396.065618963446
Parallel RK4,50,3,2.2702853279188275,22.02366345107601,16397.362310844124
PFDEONet,50,4,0.0119013180956244,4201.215327433576,16396.065618963446
Parallel RK4,50,4,2.3355709672905505,21.408041416957673,16397.362310844124
PFDEONet,50,5,0.0107328440062701,4658.597476194548,16396.065618963446
Parallel RK4,50,5,2.3241687770932913,21.51306759336653,16397.362310844124
PFDEONet,100,1,0.0123045207001268,8127.0942962425825,32611.273120766506
Parallel RK4,100,1,2.618712313938886,38.18670705740369,32613.568410221604
PFDEONet,100,2,0.0101817823015153,9821.463181855412,32611.273120766506
Parallel RK4,100,2,2.8066083677113056,35.63019377781825,32613.568410221604
PFDEONet,100,3,0.0120033579878509,8331.002049694273,32611.273120766506
Parallel RK4,100,3,2.654432923067361,37.67282990313571,32613.568410221604
PFDEONet,100,4,0.0107347988523542,9315.498257153522,32611.273120766506
Parallel RK4,100,4,2.653485802002251,37.6862766420467,32613.568410221604
PFDEONet,100,5,0.0098243951797485,10178.743644813318,32611.273120766506
Parallel RK4,100,5,2.694419892970473,37.11374023807205,32613.568410221604
PFDEONet,500,1,0.0194283658638596,25735.566413750337,163237.96516413148
Parallel RK4,500,1,3.2028430262580514,156.1113035827299,163236.9038089678
PFDEONet,500,2,0.0107273249886929,46609.942415934886,163237.96516413148
Parallel RK4,500,2,3.101687185000628,161.2025875523288,163236.9038089678
PFDEONet,500,3,0.011242835316807,44472.76740348093,163237.96516413148
Parallel RK4,500,3,3.3170191319659352,150.73774980117747,163236.9038089678
PFDEONet,500,4,0.0149649088270962,33411.49657354909,163237.96516413148
Parallel RK4,500,4,3.431753764860332,145.69809906520183,163236.9038089678
PFDEONet,500,5,0.0108300629071891,46167.78353781249,163237.96516413148
Parallel RK4,500,5,3.3536028740927577,149.093383674793,163236.9038089678
PFDEONet,1000,1,0.0251304153352975,39792.41833681211,326509.8421476898
Parallel RK4,1000,1,4.381792382802814,228.21711131834817,326505.9438995258
PFDEONet,1000,2,0.0181570812128484,55074.93127763145,326509.8421476898
Parallel RK4,1000,2,3.791510096285492,263.74715472330956,326505.9438995258
PFDEONet,1000,3,0.0203840937465429,49057.85915400808,326509.8421476898
Parallel RK4,1000,3,4.321476441808045,231.40239533079904,326505.9438995258
PFDEONet,1000,4,0.0172192277386784,58074.61375017206,326509.8421476898
Parallel RK4,1000,4,4.178448304068297,239.3232911428775,326505.9438995258
PFDEONet,1000,5,0.017057959921658,58623.65749437168,326509.8421476898
Parallel RK4,1000,5,4.240835286676884,235.802603119632,326505.9438995258
PFDEONet,2048,1,0.0330719770863652,61925.53879230707,668465.947599688
Parallel RK4,2048,1,5.7387855891138315,356.86992800096004,668459.3272186575
PFDEONet,2048,2,0.0376045741140842,54461.45976249606,668465.947599688
Parallel RK4,2048,2,5.723295669071376,357.835785256975,668459.3272186575
PFDEONet,2048,3,0.0457706833258271,44744.79844272656,668465.947599688
Parallel RK4,2048,3,5.841361365746707,350.60320219346715,668459.3272186575
PFDEONet,2048,4,0.0382015197537839,53610.43260058106,668465.947599688
Parallel RK4,2048,4,5.803613540250808,352.88359326411904,668459.3272186575
PFDEONet,2048,5,0.0319298999384045,64140.50792363154,668465.947599688
Parallel RK4,2048,5,5.8682748530991375,348.9952415774145,668459.3272186575
PFDEONet,4096,1,0.0673559959977865,60811.21568055507,1337486.7845021733
Parallel RK4,4096,1,7.304105042014271,560.7805441514346,1337466.6948663923
PFDEONet,4096,2,0.0791814527474343,51729.28580970899,1337486.7845021733
Parallel RK4,4096,2,7.102920398116112,576.6642128055344,1337466.6948663923
PFDEONet,4096,3,0.0691751893609762,59211.981027270966,1337486.7845021733
Parallel RK4,4096,3,7.078126123640686,578.6842348456476,1337466.6948663923
PFDEONet,4096,4,0.075355099979788,54355.975920656194,1337486.7845021733
Parallel RK4,4096,4,7.348823905922472,557.368097594365,1337466.6948663923
PFDEONet,4096,5,0.0680305967107415,60208.20333850272,1337486.7845021733
Parallel RK4,4096,5,7.107878895010799,576.261928558615,1337466.6948663923
