time,reference_state_1,frozen_lm_state_1,lm_state_1,de_state_1,observation_state_1,reference_state_2,frozen_lm_state_2,lm_state_2,de_state_2,observation_state_2,reference_state_3,frozen_lm_state_3,lm_state_3,de_state_3,observation_state_3
0.0,0.8472885489463806,0.84728855,0.84728855,0.84728855,0.8530397295951844,0.020873596891760826,0.020873597,0.020873597,0.020873597,0.024607619866728783,0.028132181614637375,0.028132182,0.028132182,0.028132182,0.02888311579823494
0.05,0.8468447327613831,0.84684414,0.8468445,0.8468445,,0.02134316973388195,0.021343723,0.021343376,0.021343378,,0.02792992629110813,0.027929926,0.027929926,0.027929926,
0.1,0.8463920950889587,0.84639096,0.8463917,0.8463917,,0.021829893812537193,0.021831004,0.021830305,0.02183031,,0.027721522375941277,0.027721522,0.027721522,0.027721522,
0.15000000000000002,0.8459270000457764,0.84592533,0.84592634,0.84592634,,0.022335601970553398,0.02233727,0.022336219,0.022336224,,0.027508923783898354,0.027508924,0.027508924,0.027508924,
0.2,0.8454464077949524,0.84544414,0.8454456,0.8454456,,0.02286035194993019,0.022862587,0.022861173,0.02286118,,0.027295054867863655,0.027295055,0.027295055,0.027295055,
0.25,0.8449490070343018,0.8449462,0.84494793,0.84494793,,0.023402312770485878,0.023405114,0.023403337,0.023403347,,0.02708309143781662,0.027083091,0.027083091,0.027083091,
0.30000000000000004,0.8444355130195618,0.8444321,0.84443426,0.84443426,,0.023958049714565277,0.023961427,0.023959279,0.023959288,,0.026875682175159454,0.026875682,0.026875682,0.026875682,
0.35000000000000003,0.843908965587616,0.843905,0.84390754,0.84390754,,0.024522975087165833,0.02452693,0.024524406,0.024524419,,0.026674386113882065,0.026674386,0.026674386,0.026674386,
0.4,0.8433742523193359,0.8433697,0.84337264,0.84337264,,0.025091730058193207,0.025096266,0.025093364,0.025093378,,0.026479527354240417,0.026479527,0.026479527,0.026479527,
0.45,0.8428378105163574,0.8428327,0.84283596,0.84283596,,0.0256585031747818,0.025663622,0.025660342,0.025660357,,0.026290515437722206,0.026290515,0.026290515,0.026290515,
0.5,0.84230637550354,0.8423007,0.84230435,0.84230435,0.8435996547341347,0.02621731162071228,0.026223011,0.026219353,0.026219372,0.010976485013961791,0.02610642835497856,0.026106428,0.026106428,0.026106428,0.025453816205263137
0.55,0.8417865037918091,0.84178025,0.84178424,0.84178424,,0.026762310415506363,0.026768588,0.026764557,0.026764575,,0.02592659741640091,0.025926597,0.025926597,0.025926597,
0.6000000000000001,0.8412834405899048,0.8412766,0.841281,0.841281,,0.027288256213068962,0.027295107,0.027290707,0.02729073,,0.025750907137989998,0.025750907,0.025750907,0.025750907,
0.65,0.8408008217811584,0.84079343,0.8407982,0.8407982,,0.02779119461774826,0.027798608,0.027793849,0.027793873,,0.02557968907058239,0.02557969,0.02557969,0.02557969,
0.7000000000000001,0.8403400182723999,0.8403321,0.84033716,0.84033716,,0.028269337490200996,0.028277302,0.028272193,0.028272219,,0.02541329525411129,0.025413295,0.025413295,0.025413295,
0.75,0.8398998379707336,0.8398914,0.8398968,0.8398968,,0.02872396446764469,0.028732467,0.02872702,0.028727045,,0.025251587852835655,0.025251588,0.025251588,0.025251588,
0.8,0.8394763469696045,0.8394673,0.83947307,0.83947307,,0.029159948229789734,0.029168982,0.0291632,0.029163228,,0.025093602016568184,0.025093602,0.025093602,0.025093602,
0.8500000000000001,0.8390629291534424,0.8390534,0.8390595,0.8390595,,0.0295855812728405,0.029595137,0.029589027,0.029589057,,0.02493756264448166,0.024937563,0.024937563,0.024937563,
0.9,0.8386512398719788,0.83864117,0.8386476,0.83864754,,0.030011508613824844,0.030021586,0.030015148,0.03001518,,0.024781232699751854,0.024781233,0.024781233,0.024781233,
0.9500000000000001,0.8382321000099182,0.8382215,0.8382283,0.8382282,,0.030448980629444122,0.030459577,0.030452812,0.030452846,,0.024622488766908646,0.024622489,0.024622489,0.024622489,
1.0,0.8377971053123474,0.837786,0.8377931,0.83779305,,0.03090786375105381,0.030918986,0.030911885,0.03091192,,0.024459917098283768,0.024459917,0.024459917,0.024459917,
1.05,0.8373545408248901,0.83734286,0.8373503,0.8373503,0.8384902796149254,0.03137620538473129,0.031387854,0.03138042,0.031380456,0.028342069983482363,0.024297291412949562,0.024297293,0.024297291,0.024297291,0.02001368172466755
1.1,0.8369173407554626,0.8369051,0.83691293,0.8369129,,0.03183675557374954,0.031848926,0.03184116,0.031841196,,0.02413882128894329,0.024138827,0.024138823,0.024138823,
1.1500000000000001,0.8364855647087097,0.83647287,0.836481,0.836481,,0.03228931128978729,0.032302,0.032293905,0.03229394,,0.023984553292393684,0.023984564,0.023984557,0.023984557,
1.2000000000000002,0.8360593914985657,0.8360462,0.8360546,0.83605456,,0.032733723521232605,0.032746922,0.0327385,0.032738544,,0.023834533989429474,0.023834556,0.023834541,0.023834541,
1.25,0.8356387615203857,0.83562505,0.8356338,0.83563375,,0.033169910311698914,0.033183612,0.033174876,0.033174917,,0.02368880994617939,0.023688843,0.023688821,0.023688823,
1.3,0.8352236151695251,0.83520937,0.8352184,0.83521837,,0.03359787538647652,0.033612076,0.033603024,0.03360307,,0.02354741096496582,0.02354746,0.023547428,0.023547428,
1.35,0.8348137736320496,0.834799,0.8348084,0.83480835,,0.03401768580079079,0.034032382,0.034023017,0.034023065,,0.02341034635901451,0.023410413,0.02341037,0.02341037,
1.4000000000000001,0.8344091176986694,0.83439386,0.8344036,0.8344035,,0.03442946448922157,0.03444465,0.034434978,0.034435026,,0.023277603089809418,0.02327769,0.023277635,0.023277635,
1.4500000000000002,0.8340095281600952,0.83399373,0.83400375,0.83400375,,0.034833356738090515,0.034849018,0.03483905,0.034839097,,0.02314913645386696,0.023149248,0.023149177,0.023149177,
1.5,0.8336148262023926,0.8335985,0.83360887,0.8336088,,0.03522951900959015,0.03524566,0.03523539,0.035235442,,0.023024877533316612,0.023025014,0.023024928,0.023024928,
1.55,0.833224892616272,0.8332081,0.83321875,0.83321875,0.831267993748188,0.0356181338429451,0.03563474,0.03562418,0.035624232,0.041280783116817474,0.02290472574532032,0.02290489,0.022904785,0.022904785,0.02068631686270237
1.6,0.8328396677970886,0.8328224,0.83283335,0.8328333,,0.035999394953250885,0.036016468,0.036005616,0.036005672,,0.022788550704717636,0.022788746,0.022788621,0.022788621,
1.6500000000000001,0.8324589729309082,0.8324412,0.8324525,0.8324524,,0.03637353330850601,0.03639107,0.036379926,0.036379986,,0.02267620712518692,0.022676436,0.02267629,0.022676291,
1.7000000000000002,0.8320826888084412,0.83206445,0.8320761,0.832076,,0.03674079850316048,0.036758784,0.036747366,0.036747422,,0.02256753109395504,0.022567796,0.022567626,0.022567628,
1.75,0.8317107558250427,0.831692,0.8317039,0.83170384,,0.03710144758224487,0.03711988,0.037108183,0.037108243,,0.02246236242353916,0.022462664,0.02246247,0.022462472,
1.8,0.8313429951667786,0.83132374,0.83133596,0.8313359,,0.03745570033788681,0.03747458,0.037462607,0.037462667,,0.022360555827617645,0.022360899,0.022360679,0.02236068,
1.85,0.8309792876243591,0.83095956,0.8309721,0.830972,,0.03780372440814972,0.03782304,0.037810795,0.03781086,,0.022261999547481537,0.022262385,0.02226214,0.02226214,
1.9000000000000001,0.8306196928024292,0.8305995,0.8306123,0.83061224,,0.03814557194709778,0.03816532,0.03815281,0.038152874,,0.02216663584113121,0.022167066,0.02216679,0.022166792,
1.9500000000000002,0.830264151096344,0.83024347,0.8302566,0.8302565,,0.03848119452595711,0.03850137,0.038488597,0.03848866,,0.02207445725798607,0.022074934,0.022074629,0.02207463,
2.0,0.8299127817153931,0.8298916,0.82990503,0.829905,,0.03881043940782547,0.038831037,0.038818005,0.038818073,,0.021985512226819992,0.021986037,0.0219857,0.021985702,
2.0500000000000003,0.8295656442642212,0.829544,0.8295577,0.82955766,0.8275667783617974,0.039133161306381226,0.039154176,0.039140884,0.039140955,0.04636188626289368,0.021899858489632607,0.021900434,0.021900067,0.021900069,0.02713138736784458
2.1,0.8292226791381836,0.82920057,0.8292145,0.82921445,,0.039449434727430344,0.039470863,0.03945732,0.03945739,,0.02181745134294033,0.02181808,0.021817679,0.02181768,
2.15,0.828883707523346,0.8288611,0.8288754,0.8288753,,0.03975941240787506,0.039781246,0.039767455,0.039767526,,0.021738216280937195,0.021738902,0.021738464,0.021738466,
2.2,0.8285486698150635,0.82852566,0.8285402,0.82854015,,0.04006323963403702,0.040085476,0.04007144,0.04007151,,0.02166207879781723,0.02166282,0.021662347,0.021662349,
2.25,0.8282175064086914,0.828194,0.82820886,0.82820874,,0.04036106541752815,0.040383697,0.04036942,0.040369492,,0.021588964387774467,0.021589763,0.021589253,0.021589255,
2.3000000000000003,0.8278900384902954,0.8278661,0.8278812,0.8278811,,0.0406530424952507,0.040676065,0.040661547,0.04066162,,0.021518796682357788,0.021519657,0.021519108,0.02151911,
2.35,0.8275662064552307,0.82754177,0.8275572,0.8275571,,0.04093931242823601,0.040962722,0.04094797,0.04094805,,0.02145150490105152,0.021452427,0.021451838,0.02145184,
2.4000000000000004,0.8272458910942078,0.82722104,0.82723665,0.8272366,,0.04122002795338631,0.041243825,0.04122884,0.041228916,,0.021387016400694847,0.021388004,0.021387374,0.021387376,
2.45,0.826928973197937,0.82690364,0.8269196,0.8269195,,0.04149533808231354,0.04151951,0.041504297,0.041504376,,0.021325262263417244,0.021326315,0.021325642,0.021325646,
2.5,0.8266153335571289,0.8265896,0.8266058,0.82660574,,0.04176538437604904,0.04178993,0.04177449,0.04177457,,0.02126617170870304,0.021267293,0.021266578,0.021266581,
2.5500000000000003,0.8263049721717834,0.82627875,0.82629526,0.82629514,0.8263722535362468,0.04203030467033386,0.042055223,0.04203956,0.04203964,0.05175416111946106,0.021209679543972015,0.021210868,0.02121011,0.021210114,0.021269495678134263
2.6,0.8259976506233215,0.825971,0.82598776,0.8259877,,0.04229023680090904,0.042315524,0.042299636,0.042299718,,0.021155718713998795,0.02115698,0.021156175,0.021156179,
2.6500000000000004,0.8256933689117432,0.82566625,0.8256833,0.82568324,,0.04254531487822533,0.042570964,0.04255486,0.042554945,,0.021104225888848305,0.02110556,0.021104708,0.021104714,
2.7,0.8253920078277588,0.8253645,0.82538176,0.8253817,,0.04279566556215286,0.042821676,0.042805355,0.042805437,,0.02105514146387577,0.021056548,0.02105565,0.021055656,
2.75,0.8250935077667236,0.8250655,0.8250831,0.825083,,0.0430414117872715,0.043067776,0.04305124,0.043051325,,0.021008402109146118,0.021009883,0.021008939,0.021008944,
2.8000000000000003,0.8247977495193481,0.8247693,0.82478714,0.8247871,,0.04328266531229019,0.043309383,0.043292634,0.043292724,,0.02096395194530487,0.02096551,0.020964516,0.020964522,
2.85,0.8245046734809875,0.82447577,0.8244939,0.8244938,,0.04351954534649849,0.04354661,0.043529652,0.04352974,,0.0209217332303524,0.020923369,0.020922327,0.020922331,
2.9000000000000004,0.8242142200469971,0.82418483,0.82420325,0.82420313,,0.04375215619802475,0.043779567,0.043762404,0.043762494,,0.020881691947579384,0.020883407,0.020882314,0.02088232,
2.95,0.8239262104034424,0.82389647,0.8239151,0.823915,,0.04398060962557793,0.044008363,0.043990996,0.043991085,,0.02084377408027649,0.02084557,0.020844426,0.020844432,
3.0,0.8236407041549683,0.8236105,0.82362944,0.8236293,,0.044205017387866974,0.04423311,0.044215538,0.04421563,,0.02080792374908924,0.0208098,0.020808605,0.020808611,
3.0500000000000003,0.8233575820922852,0.8233269,0.8233461,0.823346,,0.04442548379302025,0.044453915,0.04443614,0.044436235,,0.020774085074663162,0.020776046,0.020774798,0.020774804,
3.1,0.8230767250061035,0.8230456,0.8230651,0.823065,0.8315736752748489,0.0446421280503273,0.04467089,0.04465292,0.044653013,0.049526763558387754,0.020742205902934074,0.020744251,0.020742951,0.020742957,0.01236030988395214
3.1500000000000004,0.8227980732917786,0.82276654,0.8227863,0.82278615,,0.04485505819320679,0.044884153,0.044865984,0.044866078,,0.0207122340798378,0.020714363,0.020713009,0.020713016,
3.2,0.8225215673446655,0.8224896,0.8225096,0.82250947,,0.045064374804496765,0.0450938,0.045075435,0.045075532,,0.02068411372601986,0.02068633,0.020684922,0.02068493,
3.25,0.8222471475601196,0.8222147,0.822235,0.82223487,,0.04527018964290619,0.04529994,0.04528138,0.045281477,,0.020657798275351524,0.020660102,0.020658638,0.020658646,
3.3000000000000003,0.8219747543334961,0.82194185,0.8219624,0.8219623,,0.04547259956598282,0.045502674,0.04548392,0.045484018,,0.020633237436413765,0.02063563,0.02063411,0.020634117,
3.35,0.8217042088508606,0.82167095,0.82169175,0.82169163,,0.045671701431274414,0.0457021,0.045683157,0.045683254,,0.0206103827804327,0.020612864,0.020611288,0.020611295,
3.4000000000000004,0.8214355707168579,0.8214019,0.82142293,0.8214228,,0.045867595821619034,0.045898315,0.045879178,0.04587928,,0.020589187741279602,0.020591758,0.020590127,0.020590134,
3.45,0.8211687803268433,0.8211346,0.8211559,0.8211558,,0.04606037214398384,0.046091408,0.046072084,0.04607219,,0.020569605752825737,0.020572267,0.020570578,0.020570587,
3.5,0.8209036588668823,0.8208691,0.82089067,0.82089055,,0.046250127255916595,0.04628148,0.046261966,0.04626207,,0.020551593974232674,0.020554349,0.020552602,0.020552611,
3.5500000000000003,0.8206402659416199,0.8206052,0.82062703,0.8206269,,0.046436943113803864,0.046468608,0.04644891,0.046449013,,0.02053510956466198,0.020537958,0.020536153,0.020536162,
3.6,0.8203784227371216,0.82034296,0.8203651,0.82036495,0.8195749775320291,0.04662090539932251,0.046652887,0.046633,0.046633106,0.04322180211544037,0.020520111545920372,0.020523053,0.020521188,0.020521197,0.02105759281665087
3.6500000000000004,0.8201181888580322,0.8200823,0.82010466,0.82010454,,0.046802107244729996,0.046834394,0.04681433,0.046814434,,0.02050655707716942,0.020509591,0.02050767,0.020507678,
3.7,0.8198594450950623,0.8198231,0.81984574,0.8198456,,0.04698061943054199,0.04701322,0.04699297,0.046993073,,0.020494407042860985,0.020497538,0.020495554,0.020495566,
3.75,0.8196021318435669,0.81956536,0.81958824,0.8195881,,0.047156527638435364,0.047189433,0.047169,0.047169108,,0.020483624190092087,0.02048685,0.020484807,0.020484818,
3.8000000000000003,0.8193462491035461,0.819309,0.8193322,0.81933206,,0.04732990637421608,0.04736312,0.047342505,0.047342613,,0.02047416940331459,0.020477492,0.02047539,0.0204754,
3.85,0.8190916776657104,0.819054,0.81907743,0.8190773,,0.04750083386898041,0.04753435,0.047513556,0.047513667,,0.02046600729227066,0.020469427,0.020467263,0.020467274,
3.9000000000000004,0.818838357925415,0.81880033,0.818824,0.8188239,,0.04766938090324402,0.047703203,0.04768223,0.04768234,,0.020459100604057312,0.02046262,0.020460393,0.020460406,
3.95,0.8185863494873047,0.81854784,0.81857175,0.8185716,,0.04783562198281288,0.047869746,0.047848593,0.047848705,,0.02045341581106186,0.020457033,0.020454748,0.020454759,
4.0,0.8183354735374451,0.81829655,0.81832075,0.81832063,,0.04799962416291237,0.04803405,0.04801272,0.04801283,,0.020448921248316765,0.020452637,0.020450288,0.0204503,
4.05,0.818085789680481,0.8180464,0.8180709,0.8180707,,0.04816145449876785,0.04819618,0.04817467,0.048174787,,0.020445579662919044,0.020449396,0.020446986,0.020446997,
4.1000000000000005,0.8178371787071228,0.81779736,0.8178221,0.817822,0.8086870485544204,0.048321183770895004,0.04835621,0.04833452,0.048334636,0.04686143383383751,0.02044336125254631,0.020447278,0.020444807,0.020444818,0.033788147419691085
4.15,0.8175896406173706,0.8175494,0.8175744,0.81757426,,0.0484788715839386,0.048514195,0.04849233,0.048492447,,0.020442236214876175,0.020446254,0.020443719,0.020443732,
4.2,0.8173431158065796,0.8173024,0.8173277,0.81732756,,0.04863458126783371,0.0486702,0.04864816,0.04864828,,0.0204421728849411,0.020446293,0.020443695,0.020443708,
4.25,0.817097544670105,0.8170564,0.8170819,0.8170818,,0.048788368701934814,0.048824288,0.048802074,0.04880219,,0.02044314332306385,0.020447364,0.020444702,0.020444715,
4.3,0.8168529272079468,0.8168113,0.81683713,0.816837,,0.048940300941467285,0.048976514,0.048954125,0.048954245,,0.020445117726922035,0.02044944,0.020446714,0.020446729,
4.3500000000000005,0.8166092038154602,0.8165672,0.8165932,0.81659305,,0.0490904301404953,0.049126938,0.049104374,0.049104493,,0.020448068156838417,0.020452494,0.020449704,0.020449718,
4.4,0.8163663148880005,0.8163238,0.81635016,0.81635,,0.04923881217837334,0.049275614,0.04925288,0.049252998,,0.020451968535780907,0.020456498,0.020453645,0.020453658,
4.45,0.8161242604255676,0.81608135,0.8161079,0.81610775,,0.04938550293445587,0.0494226,0.049399685,0.049399808,,0.020456790924072266,0.020461425,0.020458508,0.020458523,
4.5,0.8158829212188721,0.8158396,0.8158665,0.8158663,,0.049530550837516785,0.04956794,0.049544852,0.04954498,,0.020462512969970703,0.020467252,0.02046427,0.020464284,
4.55,0.8156424164772034,0.8155986,0.8156257,0.8156256,,0.049674008041620255,0.049711693,0.049688432,0.049688555,,0.02046910859644413,0.020473953,0.020470906,0.020470921,
4.6000000000000005,0.8154025673866272,0.81535834,0.8153857,0.8153856,0.8142174091935158,0.04981592670083046,0.049853902,0.049830467,0.049830593,0.042670825868844985,0.020476555451750755,0.020481504,0.02047839,0.020478407,0.014673595055937766
4.65,0.8151634335517883,0.81511873,0.8151464,0.81514627,,0.04995634779334068,0.049994618,0.04997101,0.049971137,,0.02048482745885849,0.02048988,0.020486703,0.02048672,
4.7,0.8149248957633972,0.8148798,0.8149077,0.81490755,,0.0500953271985054,0.050133884,0.050110105,0.050110232,,0.020493902266025543,0.020499064,0.020495819,0.020495836,
4.75,0.8146870136260986,0.8146415,0.8146696,0.8146695,,0.0502329021692276,0.050271753,0.0502478,0.050247926,,0.020503759384155273,0.020509027,0.020505717,0.020505734,
4.800000000000001,0.8144497275352478,0.8144037,0.81443214,0.814432,,0.05036911740899086,0.05040826,0.050384138,0.050384264,,0.02051437832415104,0.020519752,0.020516377,0.020516394,
4.8500000000000005,0.8142129778862,0.8141665,0.8141952,0.8141951,,0.05050402134656906,0.050543454,0.050519157,0.050519288,,0.0205257348716259,0.020531217,0.020527774,0.020527793,
4.9,0.8139767646789551,0.81392986,0.8139588,0.81395864,,0.05063764750957489,0.05067737,0.050652903,0.050653033,,0.020537814125418663,0.020543402,0.020539895,0.020539911,
4.95,0.8137410283088684,0.81369364,0.8137229,0.8137228,,0.05077004432678223,0.050810058,0.050785415,0.050785545,,0.020550591871142387,0.020556288,0.020552713,0.020552732,
5.0,0.8135057687759399,0.81345797,0.81348747,0.81348735,,0.05090124160051346,0.050941546,0.05091673,0.050916865,,0.02056404948234558,0.020569855,0.020566214,0.020566233,
5.050000000000001,0.8132709860801697,0.8132227,0.8132525,0.8132524,,0.05103128403425217,0.05107188,0.051046893,0.051047027,,0.02057817205786705,0.020584084,0.020580377,0.020580398,
5.1000000000000005,0.8130366206169128,0.81298786,0.81301796,0.8130178,,0.05116020515561104,0.051201086,0.05117593,0.051176064,,0.020592939108610153,0.020598961,0.020595187,0.020595206,
5.15,0.8128026127815247,0.81275344,0.8127838,0.81278366,0.815058059990406,0.05128804221749306,0.051329214,0.051303882,0.05130402,0.04541332557797432,0.020608333870768547,0.020614464,0.020610623,0.020610644,0.01845284067094326
5.2,0.8125690221786499,0.8125194,0.81255,0.8125498,,0.05141482502222061,0.05145629,0.051430788,0.051430922,,0.02062433958053589,0.02063058,0.020626672,0.02062669,
5.25,0.8123357892036438,0.81228566,0.8123166,0.8123164,,0.051540594547986984,0.051582348,0.051556673,0.05155681,,0.020640939474105835,0.020647287,0.020643312,0.020643333,
5.300000000000001,0.8121028542518616,0.81205225,0.8120835,0.8120833,,0.051665376871824265,0.05170742,0.051681574,0.051681712,,0.020658116787672043,0.020664576,0.020660533,0.020660555,
5.3500000000000005,0.8118702173233032,0.81181914,0.81185067,0.8118505,,0.05178920924663544,0.051831543,0.051805522,0.051805664,,0.020675858482718468,0.020682428,0.020678317,0.02067834,
5.4,0.8116378784179688,0.8115864,0.81161815,0.811618,,0.05191211774945259,0.051954743,0.05192855,0.051928688,,0.020694147795438766,0.020700827,0.02069665,0.020696672,
5.45,0.8114057779312134,0.8113538,0.81138587,0.8113857,,0.05203413590788841,0.052077048,0.052050684,0.052050825,,0.020712969824671745,0.020719761,0.020715514,0.020715537,
5.5,0.8111739754676819,0.8111215,0.8111538,0.8111537,,0.05215528607368469,0.052198492,0.052171953,0.052172095,,0.02073231153190136,0.020739214,0.0207349,0.020734923,
5.550000000000001,0.8109423518180847,0.8108895,0.8109221,0.8109219,,0.052275605499744415,0.0523191,0.052292388,0.05229253,,0.020752159878611565,0.020759173,0.020754792,0.020754814,
5.6000000000000005,0.8107109665870667,0.81065756,0.81069046,0.8106903,,0.052395112812519073,0.0524389,0.052412014,0.05241216,,0.020772499963641167,0.020779625,0.020775175,0.020775197,
5.65,0.8104797601699829,0.81042594,0.8104591,0.8104589,0.8169584590196609,0.052513837814331055,0.052557915,0.05253086,0.052531004,0.05791074872016907,0.02079332061111927,0.020800555,0.020796038,0.02079606,0.02353708751499653
5.7,0.8102487325668335,0.8101944,0.8102279,0.8102277,,0.05263181030750275,0.05267618,0.052648947,0.052649092,,0.02081460691988468,0.020821955,0.020817367,0.020817392,
5.75,0.8100178241729736,0.80996305,0.8099968,0.8099966,,0.05274904891848564,0.052793708,0.0527663,0.05276645,,0.020836347714066505,0.020843808,0.020839153,0.020839177,
5.800000000000001,0.8097870945930481,0.80973184,0.8097659,0.8097657,,0.05286557972431183,0.05291053,0.05288295,0.0528831,,0.020858531817793846,0.020866103,0.02086138,0.020861406,
5.8500000000000005,0.8095564842224121,0.8095007,0.809535,0.80953485,,0.0529814288020134,0.05302667,0.052998915,0.052999064,,0.02088114805519581,0.020888831,0.02088404,0.020884065,
5.9,0.8093259334564209,0.8092697,0.80930436,0.8093042,,0.05309661477804184,0.05314215,0.05311422,0.05311437,,0.020904183387756348,0.02091198,0.020907119,0.020907145,
5.95,0.8090955018997192,0.8090388,0.8090737,0.8090735,,0.05321116000413895,0.05325699,0.053228885,0.053229038,,0.020927628502249718,0.02093554,0.020930609,0.020930635,
6.0,0.8088651895523071,0.80880797,0.80884314,0.80884296,,0.05332509055733681,0.05337121,0.05334293,0.053343084,,0.020951472222805023,0.020959496,0.020954497,0.020954523,
6.050000000000001,0.808634877204895,0.8085772,0.8086127,0.80861247,,0.053438425064086914,0.053484835,0.05345638,0.053456534,,0.020975705236196518,0.020983841,0.020978773,0.020978801,
6.1000000000000005,0.8084046244621277,0.80834645,0.8083822,0.80838203,,0.05355117842555046,0.053597886,0.053569257,0.05356941,,0.021000316366553307,0.021008568,0.021003429,0.021003457,
6.15,0.8081744313240051,0.8081157,0.80815184,0.80815166,0.8086405836045742,0.05366337671875954,0.05371038,0.05368157,0.053681727,0.04762073114514351,0.021025298163294792,0.021033661,0.021028455,0.021028481,0.02252557121217251
6.2,0.8079442381858826,0.80788505,0.8079214,0.80792123,,0.053775038570165634,0.05382233,0.05379335,0.05379351,,0.02105063758790493,0.021059116,0.02105384,0.021053867,
6.25,0.80771404504776,0.8076544,0.80769104,0.80769086,,0.05388617888092995,0.053933766,0.053904608,0.053904768,,0.021076329052448273,0.021084921,0.021079576,0.021079604,
6.300000000000001,0.8074838519096375,0.8074237,0.80746067,0.8074605,,0.05399681627750397,0.0540447,0.054015364,0.054015525,,0.021102361381053925,0.021111067,0.021105653,0.02110568,
6.3500000000000005,0.8072535991668701,0.807193,0.80723023,0.80723006,,0.054106973111629486,0.05415515,0.054125637,0.054125797,,0.02112872712314129,0.021137549,0.021132063,0.021132093,
6.4,0.8070233464241028,0.80696225,0.8069998,0.8069996,,0.0542166568338871,0.05426513,0.054235443,0.054235604,,0.02115541882812977,0.021164354,0.0211588,0.02115883,
6.45,0.8067930936813354,0.80673146,0.8067694,0.80676913,,0.0543258935213089,0.05437466,0.054344796,0.05434496,,0.021182427182793617,0.021191478,0.021185853,0.021185882,
6.5,0.8065627813339233,0.8065006,0.8065388,0.80653864,,0.05443469434976578,0.05448376,0.054453716,0.054453876,,0.02120974473655224,0.02121891,0.021213215,0.021213245,
6.550000000000001,0.8063323497772217,0.80626976,0.8063082,0.80630803,,0.05454307422041893,0.054592434,0.05456221,0.054562375,,0.021237362176179886,0.021246644,0.021240879,0.021240909,
6.6000000000000005,0.80610191822052,0.8060388,0.80607754,0.80607736,,0.05465104803442955,0.054700706,0.054670304,0.05467047,,0.02126527577638626,0.021274673,0.021268837,0.021268869,
6.65,0.8058713674545288,0.8058077,0.8058468,0.80584663,0.8112452757358551,0.05475863069295883,0.054808587,0.05477801,0.054778174,0.05535447467118502,0.021293476223945618,0.021302987,0.021297082,0.021297114,0.027345358729362487
6.7,0.805640697479248,0.80557656,0.80561596,0.8056158,,0.05486583709716797,0.054916095,0.054885335,0.0548855,,0.02132195606827736,0.021331584,0.021325607,0.021325639,
6.75,0.8054099678993225,0.80534536,0.80538505,0.8053848,,0.054972682148218155,0.055023238,0.054992296,0.054992463,,0.021350707858800888,0.021360453,0.021354407,0.021354439,
6.800000000000001,0.8051791191101074,0.805114,0.80515397,0.8051538,,0.055079177021980286,0.05513003,0.05509891,0.05509908,,0.021379727870225906,0.021389589,0.021383472,0.021383503,
6.8500000000000005,0.8049481511116028,0.80488247,0.8049228,0.8049226,,0.055185332894325256,0.05523649,0.05520519,0.055205356,,0.021409008651971817,0.021418985,0.021412797,0.02141283,
6.9,0.8047170639038086,0.8046509,0.8046915,0.8046913,,0.05529116839170456,0.055342622,0.05531114,0.05531131,,0.021438542753458023,0.021448635,0.021442378,0.02144241,
6.95,0.8044857978820801,0.8044191,0.80446005,0.80445987,,0.05539669096469879,0.055448443,0.05541678,0.055416953,,0.021468324586749077,0.021478534,0.021472204,0.021472238,
7.0,0.804254412651062,0.80418724,0.8042285,0.80422825,,0.05550191178917885,0.055553965,0.05552212,0.055522297,,0.02149834856390953,0.021508675,0.021502275,0.021502309,
7.050000000000001,0.8040229082107544,0.8039552,0.80399674,0.8039965,,0.055606842041015625,0.055659197,0.055627175,0.055627346,,0.021528609097003937,0.021539053,0.021532582,0.021532618,
7.1000000000000005,0.8037912249565125,0.803723,0.8037649,0.80376464,,0.055711496621370316,0.055764154,0.05573195,0.055732124,,0.021559102460741997,0.021569664,0.02156312,0.021563156,
7.15,0.8035593628883362,0.8034906,0.8035328,0.80353254,,0.05581588298082352,0.05586884,0.055836454,0.05583663,,0.021589819341897964,0.021600498,0.021593885,0.021593919,
7.2,0.8033273220062256,0.803258,0.80330056,0.8033003,0.8110276108980179,0.055920012295246124,0.055973273,0.055940703,0.05594088,0.04677259534597397,0.02162075787782669,0.021631554,0.021624869,0.021624904,0.016959425806999207
7.25,0.8030951023101807,0.8030253,0.8030681,0.80306786,,0.05602389574050903,0.05607746,0.056044705,0.056044884,,0.021651912480592728,0.021662826,0.02165607,0.021656105,
7.300000000000001,0.8028627038002014,0.8027924,0.8028355,0.8028353,,0.05612754076719284,0.056181412,0.056148473,0.056148652,,0.02168327569961548,0.021694308,0.02168748,0.021687517,
7.3500000000000005,0.8026300668716431,0.8025592,0.8026027,0.80260247,,0.05623095855116844,0.05628513,0.056252014,0.056252193,,0.021714845672249794,0.021725995,0.021719096,0.021719133,
7.4,0.8023972511291504,0.8023259,0.80236965,0.8023694,,0.05633416026830673,0.05638864,0.056355335,0.056355514,,0.021746616810560226,0.021757886,0.021750916,0.021750951,
7.45,0.8021642565727234,0.8020923,0.8021365,0.80213624,,0.05643715336918831,0.056491934,0.056458443,0.056458626,,0.021778585389256477,0.021789972,0.02178293,0.021782966,
7.5,0.8019310235977173,0.80185854,0.801903,0.8019028,,0.05653994157910347,0.05659503,0.05656136,0.05656154,,0.0218107458204031,0.021822251,0.021815138,0.021815175,
7.550000000000001,0.8016975522041321,0.8016246,0.80166936,0.8016691,,0.05664253979921341,0.056697935,0.056664076,0.056664262,,0.021843094378709793,0.02185472,0.021847533,0.02184757,
7.6000000000000005,0.8014639019966125,0.80139035,0.8014355,0.80143523,,0.056744955480098724,0.05680066,0.05676661,0.056766797,,0.02187562733888626,0.021887371,0.021880113,0.02188015,
7.65,0.8012300133705139,0.8011559,0.80120134,0.8012011,,0.05684719607234001,0.056903206,0.05686897,0.056869157,,0.021908340975642204,0.021920202,0.02191287,0.02191291,
7.7,0.8009958267211914,0.80092126,0.800967,0.80096674,0.7924862211942673,0.05694926530122757,0.05700558,0.056971163,0.056971353,0.05686021901667118,0.021941229701042175,0.02195321,0.021945808,0.021945847,0.019698894321918486
7.75,0.8007614612579346,0.8006863,0.80073243,0.80073214,,0.057051174342632294,0.0571078,0.057073195,0.057073385,,0.021974289789795876,0.021986391,0.021978917,0.021978956,
7.800000000000001,0.8005268573760986,0.80045116,0.80049753,0.8004973,,0.05715293064713478,0.057209864,0.057175074,0.057175264,,0.022007519379258156,0.022019742,0.022012193,0.022012234,
7.8500000000000005,0.8002919554710388,0.8002157,0.80026245,0.8002622,,0.05725454166531563,0.057311784,0.057276804,0.057276994,,0.022040914744138718,0.022053257,0.022045637,0.022045676,
7.9,0.8000568151473999,0.79998004,0.80002713,0.80002683,,0.057356011122465134,0.057413563,0.057378396,0.057378586,,0.022074472159147263,0.022086933,0.02207924,0.022079282,
7.95,0.7998213768005371,0.79974407,0.7997915,0.7997912,,0.057457346469163895,0.05751521,0.057479855,0.05748005,,0.022108187898993492,0.02212077,0.022113003,0.022113044,
8.0,0.79958575963974,0.79950786,0.7995556,0.79955536,,0.057558558881282806,0.057616733,0.057581186,0.05758138,,0.022142058238387108,0.02215476,0.022146922,0.022146963,
8.05,0.7993497848510742,0.79927135,0.79931945,0.7993192,,0.05765964835882187,0.05771813,0.0576824,0.057682592,,0.02217608131468296,0.022188904,0.022180991,0.022181032,
8.1,0.7991135716438293,0.7990346,0.799083,0.79908276,,0.05776062235236168,0.05781942,0.0577835,0.057783693,,0.022210251539945602,0.022223195,0.02221521,0.022215253,
8.15,0.7988771200180054,0.79879755,0.7988463,0.79884607,,0.05786149203777313,0.0579206,0.05788449,0.057884682,,0.022244568914175034,0.022257634,0.022249574,0.022249619,
8.200000000000001,0.7986403107643127,0.7985602,0.7986093,0.7986091,0.7963299478590489,0.05796225368976593,0.058021676,0.057985373,0.05798557,0.056664388328790664,0.022279029712080956,0.022292215,0.022284083,0.022284126,0.02504555068910122
8.25,0.798403263092041,0.7983226,0.79837203,0.7983718,,0.058062922209501266,0.058122657,0.058086164,0.05808636,,0.02231363020837307,0.022326937,0.02231873,0.022318775,
8.3,0.7981659173965454,0.7980847,0.79813445,0.7981342,,0.05816349759697914,0.058223546,0.058186863,0.05818706,,0.022348366677761078,0.022361796,0.022353517,0.022353562,
8.35,0.7979282736778259,0.7978465,0.7978966,0.7978963,,0.05826398357748985,0.05832435,0.05828747,0.058287673,,0.02238323912024498,0.02239679,0.022388438,0.022388482,
8.4,0.7976903319358826,0.79760796,0.79765844,0.79765815,,0.0583643913269043,0.05842507,0.058388002,0.058388203,,0.022418243810534477,0.022431917,0.02242349,0.022423536,
8.450000000000001,0.7974520921707153,0.7973692,0.79741997,0.7974197,,0.05846472084522247,0.05852571,0.058488455,0.058488656,,0.02245337888598442,0.022467174,0.022458673,0.02245872,
8.5,0.7972135543823242,0.79713005,0.7971812,0.79718095,,0.05856497585773468,0.058626287,0.058588836,0.058589038,,0.022488640621304512,0.022502558,0.022493983,0.02249403,
8.55,0.7969746589660645,0.7968906,0.7969421,0.7969419,,0.05866516754031181,0.05872679,0.058689147,0.058689352,,0.022524027153849602,0.022538068,0.022529418,0.022529464,
8.6,0.7967355251312256,0.7966509,0.79670274,0.79670244,,0.058765292167663574,0.058827236,0.0587894,0.058789603,,0.02255953662097454,0.022573698,0.022564976,0.022565022,
8.65,0.7964960336685181,0.7964108,0.796463,0.7964628,,0.05886536091566086,0.05892762,0.05888959,0.0588898,,0.02259516716003418,0.022609452,0.022600655,0.022600701,
8.700000000000001,0.7962562441825867,0.7961705,0.79622304,0.79622275,0.7986213867366314,0.058965373784303665,0.05902795,0.058989726,0.058989935,0.06542718663811684,0.02263091504573822,0.022645323,0.02263645,0.022636497,0.02011156976222992
8.75,0.7960160970687866,0.7959298,0.79598266,0.7959824,,0.059065334498882294,0.059128232,0.059089813,0.059090022,,0.022666778415441513,0.022681309,0.022672363,0.022672411,
8.8,0.7957756519317627,0.79568875,0.79574203,0.79574174,,0.05916525050997734,0.059228465,0.059189852,0.059190065,,0.022702757269144058,0.02271741,0.02270839,0.022708438,
8.85,0.7955349087715149,0.7954474,0.79550105,0.79550076,,0.059265125542879105,0.059328657,0.05928985,0.059290063,,0.022738846018910408,0.022753624,0.022744529,0.022744577,
8.9,0.7952938079833984,0.7952057,0.7952597,0.7952594,,0.059364959597587585,0.05942881,0.05938981,0.05939002,,0.02277504652738571,0.022789948,0.022780778,0.022780826,
8.950000000000001,0.7950524091720581,0.7949637,0.7950181,0.7950178,,0.05946475639939308,0.05952893,0.05948973,0.059489947,,0.02281135506927967,0.022826381,0.022817135,0.022817185,
9.0,0.7948106527328491,0.79472136,0.7947761,0.7947758,,0.05956452339887619,0.059629016,0.059589624,0.059589837,,0.022847769781947136,0.022862919,0.022853598,0.022853648,
9.05,0.7945685386657715,0.7944787,0.7945338,0.7945335,,0.05966426059603691,0.059729073,0.059689485,0.0596897,,0.022884288802742958,0.022899562,0.022890167,0.022890218,
9.1,0.79432612657547,0.7942357,0.79429114,0.79429084,,0.05976397171616554,0.05982911,0.059789322,0.05978954,,0.022920912131667137,0.02293631,0.022926839,0.02292689,
9.15,0.7940833568572998,0.79399234,0.79404813,0.79404783,,0.05986366048455238,0.059929118,0.059889134,0.059889354,,0.022957634180784225,0.022973157,0.022963611,0.022963662,
9.200000000000001,0.7938402891159058,0.7937487,0.79380476,0.79380447,,0.05996333062648773,0.06002911,0.05998893,0.05998915,,0.02299445867538452,0.023010105,0.023000482,0.023000535,
9.25,0.7935968041419983,0.7935046,0.7935611,0.7935608,0.7989823073148727,0.06006298214197159,0.060129087,0.06008871,0.06008893,0.058177102208137516,0.02303137816488743,0.023047151,0.023037454,0.023037506,0.022845503389835358
9.3,0.7933530211448669,0.7932602,0.7933171,0.7933168,,0.06016262248158455,0.060229048,0.060188476,0.060188696,,0.023068396374583244,0.023084294,0.02307452,0.023074573,
9.35,0.7931088805198669,0.7930155,0.7930727,0.7930724,,0.060262251645326614,0.060329,0.060288228,0.06028845,,0.023105507716536522,0.023121532,0.023111682,0.023111735,
9.4,0.7928643822669983,0.7927704,0.79282796,0.79282767,,0.06036187335848808,0.060428947,0.060387976,0.0603882,,0.02314271405339241,0.023158863,0.023148937,0.023148991,
9.450000000000001,0.7926195859909058,0.79252493,0.7925829,0.7925826,,0.060461487621068954,0.06052889,0.060487717,0.06048794,,0.02318001165986061,0.023196287,0.023186285,0.023186339,
9.5,0.7923743724822998,0.7922791,0.7923375,0.7923372,,0.060561101883649826,0.060628828,0.06058746,0.06058768,,0.023217400535941124,0.023233803,0.023223724,0.023223778,
9.55,0.7921288013458252,0.79203296,0.79209167,0.79209137,,0.0606607161462307,0.060728766,0.060687196,0.060687423,,0.0232548788189888,0.023271406,0.02326125,0.023261307,
9.600000000000001,0.7918829321861267,0.7917865,0.79184556,0.7918452,,0.06076033040881157,0.060828704,0.060786936,0.060787164,,0.02329244464635849,0.023309099,0.023298867,0.023298923,
9.65,0.7916366457939148,0.7915396,0.79159904,0.79159874,,0.06085994839668274,0.06092865,0.06088668,0.06088691,,0.023330098018050194,0.023346879,0.02333657,0.023336625,
9.700000000000001,0.7913900017738342,0.79129237,0.7913522,0.79135185,,0.06095957010984421,0.061028603,0.060986433,0.06098666,,0.023367835208773613,0.023384742,0.023374358,0.023374414,
9.75,0.7911430597305298,0.7910448,0.791105,0.7911046,0.7955308955907822,0.06105920672416687,0.061128564,0.061086193,0.06108642,0.054079294204711914,0.023405658081173897,0.023422692,0.023412231,0.023412287,0.02535172887146473
9.8,0.7908957004547119,0.7907968,0.7908574,0.790857,,0.06115885078907013,0.061228536,0.061185963,0.061186194,,0.023443564772605896,0.023460725,0.023450186,0.023450244,
9.850000000000001,0.7906479835510254,0.79054844,0.7906094,0.7906091,,0.061258506029844284,0.06132852,0.061285745,0.061285976,,0.023481551557779312,0.02349884,0.023488225,0.023488281,
9.9,0.7903999090194702,0.7902998,0.7903611,0.79036075,,0.06135817617177963,0.06142852,0.061385542,0.061385777,,0.023519620299339294,0.023537038,0.023526344,0.023526402,
9.950000000000001,0.7901514172554016,0.7900507,0.79011244,0.7901121,,0.06145786494016647,0.061528537,0.061485358,0.061485592,,0.023557769134640694,0.023575313,0.023564544,0.023564601,
10.0,0.7899026274681091,0.7898013,0.78986335,0.78986305,,0.06155756860971451,0.061628573,0.06158519,0.061585426,,0.02359599806368351,0.023613669,0.023602821,0.023602879,
10.05,0.7896534204483032,0.7895515,0.78961396,0.7896136,,0.061657294631004333,0.061728626,0.061685044,0.06168528,,0.023634303361177444,0.023652103,0.023641177,0.023641236,
10.100000000000001,0.7894039154052734,0.7893013,0.78936416,0.7893638,,0.06175704300403595,0.061828706,0.06178492,0.061785154,,0.023672685027122498,0.023690613,0.02367961,0.023679668,
10.15,0.7891539931297302,0.78905076,0.789114,0.78911364,,0.06185681372880936,0.06192881,0.061884817,0.061885055,,0.02371114306151867,0.0237292,0.023718119,0.023718178,
10.200000000000001,0.7889036536216736,0.7887998,0.7888634,0.78886306,,0.06195661053061485,0.062028933,0.06198474,0.06198498,,0.02374967560172081,0.023767862,0.023756701,0.023756763,
10.25,0.7886530160903931,0.7885485,0.78861254,0.7886122,0.7873800384998322,0.06205642968416214,0.062129088,0.06208469,0.06208493,0.0630007679760456,0.02378828264772892,0.023806598,0.02379536,0.02379542,0.023526376988738777
10.3,0.7884019613265991,0.7882968,0.78836125,0.7883609,,0.06215628236532211,0.062229272,0.062184665,0.062184907,,0.023826964199543,0.023845408,0.02383409,0.023834152,
10.350000000000001,0.7881505489349365,0.78804475,0.78810954,0.7881092,,0.062256161123514175,0.062329482,0.062284674,0.062284917,,0.02386571653187275,0.023884289,0.023872895,0.023872957,
10.4,0.7878987193107605,0.7877923,0.78785753,0.7878572,,0.062356069684028625,0.062429726,0.06238471,0.062384956,,0.02390453964471817,0.023923242,0.023911769,0.023911832,
10.450000000000001,0.7876465320587158,0.78753954,0.7876051,0.78760475,,0.06245601177215576,0.06253,0.062484782,0.062485028,,0.02394343540072441,0.023962267,0.023950715,0.023950778,
10.5,0.7873939871788025,0.78728634,0.78735226,0.7873519,,0.06255599111318588,0.06263031,0.062584884,0.06258513,,0.023982398211956024,0.024001362,0.02398973,0.023989793,
10.55,0.7871410250663757,0.7870327,0.7870991,0.7870987,,0.06265600025653839,0.062730655,0.06268502,0.06268527,,0.024021431803703308,0.024040526,0.024028815,0.024028879,
10.600000000000001,0.7868877053260803,0.7867788,0.7868455,0.78684515,,0.06275604665279388,0.06283104,0.06278519,0.06278545,,0.024060534313321114,0.024079757,0.024067968,0.024068031,
10.65,0.7866340279579163,0.7865244,0.7865916,0.78659123,,0.06285612285137177,0.062931456,0.06288541,0.06288566,,0.02409970387816429,0.024119057,0.02410719,0.024107253,
10.700000000000001,0.7863799333572388,0.7862697,0.78633726,0.7863369,,0.06295624375343323,0.06303191,0.06298566,0.06298591,,0.02413894049823284,0.024158424,0.024146477,0.024146542,
10.75,0.7861254811286926,0.7860146,0.7860825,0.78608215,0.7829539459943772,0.06305640935897827,0.063132405,0.06308594,0.0630862,0.060129734575748446,0.024178242310881615,0.024197858,0.02418583,0.024185896,0.021829027310013772
10.8,0.7858706116676331,0.7857591,0.78582746,0.78582704,,0.0631566047668457,0.06323294,0.06318627,0.06318653,,0.02421761117875576,0.024237357,0.02422525,0.024225315,
10.850000000000001,0.7856153845787048,0.7855032,0.78557193,0.7855716,,0.06325684487819672,0.06333352,0.06328665,0.0632869,,0.02425704337656498,0.024276922,0.024264734,0.0242648,
10.9,0.785359799861908,0.78524697,0.78531605,0.7853157,,0.06335712969303131,0.06343414,0.06338706,0.06338731,,0.024296540766954422,0.02431655,0.024304284,0.024304349,
10.950000000000001,0.7851037979125977,0.7849903,0.7850598,0.78505945,,0.06345745921134949,0.0635348,0.063487515,0.06348777,,0.02433610148727894,0.024356242,0.024343895,0.024343962,
11.0,0.7848473787307739,0.78473324,0.78480315,0.7848028,,0.06355782598257065,0.06363551,0.06358801,0.06358827,,0.02437572553753853,0.024395999,0.024383571,0.024383638,
11.05,0.7845906019210815,0.7844758,0.78454614,0.7845458,,0.06365824490785599,0.06373626,0.063688554,0.063688815,,0.024415411055088043,0.024435816,0.024423309,0.024423376,
11.100000000000001,0.7843334078788757,0.78421795,0.7842887,0.78428835,,0.06375870108604431,0.06383706,0.063789144,0.063789405,,0.024455158039927483,0.024475696,0.024463108,0.024463177,
11.15,0.7840758562088013,0.78395975,0.7840309,0.7840305,,0.06385920941829681,0.06393791,0.06388978,0.06389004,,0.024494966492056847,0.024515638,0.024502968,0.024503037,
11.200000000000001,0.7838179469108582,0.7837012,0.7837727,0.78377235,,0.0639597624540329,0.0640388,0.06399047,0.06399073,,0.024534836411476135,0.02455564,0.02454289,0.02454296,
11.25,0.7835596203804016,0.78344214,0.78351414,0.7835137,,0.06406036764383316,0.064139746,0.0640912,0.06409146,,0.02457476779818535,0.024595702,0.024582872,0.024582943,
11.3,0.7833008766174316,0.78318274,0.78325516,0.78325474,0.7836646110936999,0.064161017537117,0.06424073,0.064191975,0.06419224,0.05905712723731994,0.024614756926894188,0.024635825,0.024622915,0.024622984,0.023732722103595734
11.350000000000001,0.783041775226593,0.782923,0.78299576,0.7829954,,0.06426171958446503,0.064341776,0.0642928,0.06429307,,0.024654805660247803,0.024676006,0.024663014,0.024663085,
11.4,0.782782256603241,0.7826628,0.782736,0.7827356,,0.06436246633529663,0.064442866,0.064393684,0.06439395,,0.024694912135601044,0.024716247,0.024703175,0.024703246,
11.450000000000001,0.7825223803520203,0.7824022,0.7824758,0.7824755,,0.06446326524019241,0.06454401,0.06449461,0.06449488,,0.02473507821559906,0.024756547,0.024743393,0.024743464,
11.5,0.7822620868682861,0.78214127,0.7822153,0.7822149,,0.06456411629915237,0.06464519,0.064595595,0.06459586,,0.024775300174951553,0.024796903,0.024783667,0.02478374,
11.55,0.7820013761520386,0.78187996,0.78195435,0.781954,,0.06466501951217651,0.06474644,0.064696625,0.06469689,,0.024815579876303673,0.024837317,0.024824,0.024824072,
11.600000000000001,0.7817403078079224,0.7816182,0.78169304,0.7816926,,0.06476597487926483,0.06484774,0.064797714,0.06479798,,0.02485591731965542,0.024877788,0.02486439,0.024864463,
11.65,0.7814788818359375,0.78135604,0.7814313,0.7814309,,0.06486698240041733,0.06494909,0.06489885,0.06489912,,0.02489631064236164,0.024918316,0.024904836,0.024904909,
11.700000000000001,0.7812169790267944,0.78109354,0.7811692,0.7811688,,0.064968042075634,0.06505049,0.06500004,0.06500031,,0.02493675984442234,0.0249589,0.024945337,0.02494541,
11.75,0.7809547781944275,0.78083056,0.7809067,0.78090626,,0.06506915390491486,0.065151945,0.06510128,0.06510156,,0.024977264925837517,0.02499954,0.024985895,0.024985969,
11.8,0.7806921005249023,0.7805672,0.78064376,0.78064334,0.7817354346811771,0.06517032533884048,0.06525346,0.06520258,0.065202855,0.0638880641758442,0.02501782402396202,0.025040234,0.025026508,0.02502658,0.02543439257889986
11.850000000000001,0.7804290652275085,0.78030354,0.7803805,0.7803801,,0.06527154892683029,0.065355025,0.06530394,0.06530421,,0.025058437138795853,0.025080984,0.025067175,0.02506725,
11.9,0.7801656723022461,0.7800394,0.7801168,0.7801164,,0.06537282466888428,0.06545664,0.06540534,0.06540562,,0.02509910613298416,0.025121788,0.025107896,0.02510797,
11.950000000000001,0.7799018025398254,0.7797749,0.7798527,0.7798523,,0.06547416001558304,0.06555832,0.0655068,0.065507084,,0.025139829143881798,0.025162645,0.025148671,0.025148746,
12.0,0.7796375751495361,0.77950996,0.7795882,0.7795878,,0.06557554751634598,0.06566006,0.06560832,0.065608606,,0.025180604308843613,0.025203558,0.0251895,0.025189575,
12.05,0.7793729901313782,0.77924466,0.77932334,0.7793229,,0.0656769871711731,0.06576185,0.0657099,0.06571018,,0.025221433490514755,0.025244523,0.025230382,0.025230458,
12.100000000000001,0.7791079878807068,0.778979,0.77905804,0.7790576,,0.06577848643064499,0.06586369,0.06581153,0.06581181,,0.025262314826250076,0.02528554,0.025271317,0.025271393,
12.15,0.778842568397522,0.77871287,0.7787924,0.77879196,,0.06588004529476166,0.06596559,0.065913215,0.0659135,,0.025303250178694725,0.025326611,0.025312304,0.02531238,
12.200000000000001,0.7785767912864685,0.7784464,0.7785263,0.7785259,,0.0659816637635231,0.066067554,0.06601496,0.06601524,,0.025344235822558403,0.025367733,0.025353344,0.025353422,
12.25,0.7783105373382568,0.77817947,0.7782599,0.7782594,,0.06608333438634872,0.06616957,0.066116765,0.06611705,,0.02538527362048626,0.025408909,0.025394436,0.025394514,
12.3,0.7780439853668213,0.7779122,0.77799296,0.77799255,0.7712863236665726,0.06618505716323853,0.06627165,0.06621862,0.066218905,0.05944654405117035,0.025426363572478294,0.025450135,0.025435578,0.025435656,0.014855897054076195
12.350000000000001,0.7777769565582275,0.7776445,0.77772576,0.7777253,,0.0662868469953537,0.06637378,0.06632054,0.06632083,,0.02546750381588936,0.025491413,0.025476772,0.02547685,
12.4,0.7775095701217651,0.7773764,0.7774581,0.77745765,,0.06638868898153305,0.066475965,0.066422515,0.0664228,,0.0255086962133646,0.025532741,0.025518017,0.025518097,
12.450000000000001,0.7772418260574341,0.77710795,0.77719,0.77718955,,0.06649059057235718,0.06657822,0.06652454,0.06652483,,0.025549937039613724,0.025574122,0.025559312,0.025559392,
12.5,0.7769736647605896,0.776839,0.7769216,0.77692115,,0.06659255176782608,0.06668053,0.06662664,0.06662693,,0.025591230019927025,0.02561555,0.025600659,0.025600739,
12.55,0.7767050862312317,0.7765698,0.77665275,0.7766523,,0.06669456511735916,0.06678289,0.066728786,0.066729076,,0.025632571429014206,0.025657032,0.025642054,0.025642134,
12.600000000000001,0.7764360904693604,0.7763001,0.77638346,0.77638304,,0.06679664552211761,0.066885315,0.06683099,0.06683128,,0.025673963129520416,0.025698561,0.0256835,0.02568358,
12.65,0.7761667370796204,0.77603,0.77611387,0.7761134,,0.06689877808094025,0.0669878,0.06693326,0.06693355,,0.025715403258800507,0.02574014,0.025724994,0.025725076,
12.700000000000001,0.7758969664573669,0.7757595,0.7758438,0.7758434,,0.06700097769498825,0.06709034,0.067035586,0.067035876,,0.025756893679499626,0.025781767,0.025766538,0.02576662,
12.75,0.7756267786026001,0.7754887,0.7755734,0.7755729,,0.06710322946310043,0.06719294,0.067137964,0.06713826,,0.025798432528972626,0.025823446,0.02580813,0.025808213,
12.8,0.7753562331199646,0.7752174,0.7753025,0.7753021,0.7769012932479381,0.06720554083585739,0.0672956,0.06724041,0.06724071,0.062467005550861356,0.025840019807219505,0.025865171,0.02584977,0.025849855,0.013906617984175682
12.850000000000001,0.7750852704048157,0.77494574,0.7750313,0.77503085,,0.06730791181325912,0.067398325,0.067342915,0.06734321,,0.025881655514240265,0.025906947,0.02589146,0.025891544,
12.9,0.7748139500617981,0.77467364,0.7747597,0.77475923,,0.06741034239530563,0.067501105,0.06744547,0.06744577,,0.025923339650034904,0.025948768,0.025933199,0.025933282,
12.950000000000001,0.7745422124862671,0.7744012,0.7744877,0.7744872,,0.06751282513141632,0.067603946,0.06754809,0.067548394,,0.025965070351958275,0.02599064,0.025974983,0.025975069,
13.0,0.7742700576782227,0.7741283,0.7742153,0.7742148,,0.06761537492275238,0.06770684,0.06765077,0.06765108,,0.026006849482655525,0.026032558,0.026016816,0.026016902,
13.05,0.7739975452423096,0.77385503,0.7739425,0.773942,,0.06771798431873322,0.0678098,0.06775351,0.067753814,,0.026048675179481506,0.026074525,0.026058698,0.026058784,
13.100000000000001,0.7737245559692383,0.7735814,0.77366924,0.77366877,,0.06782065331935883,0.06791282,0.06785631,0.06785662,,0.026090547442436218,0.026116537,0.026100624,0.02610071,
13.15,0.7734512686729431,0.7733073,0.7733956,0.7733951,,0.06792337447404861,0.068015896,0.06795917,0.06795947,,0.02613246813416481,0.026158597,0.026142599,0.026142685,
13.200000000000001,0.7731775045394897,0.7730329,0.7731216,0.7731211,,0.06802616268396378,0.06811903,0.06806208,0.06806239,,0.026174433529376984,0.026200704,0.026184618,0.026184706,
13.25,0.7729033827781677,0.772758,0.77284724,0.77284676,,0.06812901049852371,0.068222225,0.06816506,0.06816537,,0.026216447353363037,0.026242858,0.026226686,0.026226774,
13.3,0.7726288437843323,0.77248275,0.7725724,0.7725719,,0.06823191046714783,0.06832548,0.06826809,0.0682684,,0.026258505880832672,0.026285056,0.0262688,0.026268888,
13.350000000000001,0.7723539471626282,0.77220714,0.7722972,0.7722967,0.7699232874810695,0.06833487749099731,0.0684288,0.06837119,0.0683715,0.07022209018468857,0.02630060911178589,0.026327303,0.02631096,0.026311047,0.029299250245094298
13.4,0.7720786333084106,0.77193105,0.77202165,0.7720211,,0.06843789666891098,0.06853217,0.068474345,0.06847466,,0.026342760771512985,0.026369594,0.026353164,0.026353253,
13.450000000000001,0.7718029022216797,0.7716546,0.7717456,0.77174515,,0.06854097545146942,0.068635605,0.06857756,0.06857787,,0.026384955272078514,0.02641193,0.026395414,0.026395503,
13.5,0.7715268135070801,0.7713778,0.77146924,0.77146876,,0.06864412128925323,0.0687391,0.06868083,0.06868114,,0.026427196338772774,0.026454313,0.026437711,0.0264378,
13.55,0.771250307559967,0.7711005,0.7711925,0.77119195,,0.06874731928110123,0.06884265,0.06878416,0.068784475,,0.026469483971595764,0.026496742,0.02648005,0.026480142,
13.600000000000001,0.7709734439849854,0.7708229,0.77091527,0.7709148,,0.068850576877594,0.068946265,0.06888755,0.06888787,,0.026511814445257187,0.026539214,0.026522437,0.026522528,
13.65,0.7706961035728455,0.7705449,0.7706377,0.7706372,,0.06895389407873154,0.06904993,0.068991,0.06899132,,0.02655418962240219,0.02658173,0.026564868,0.02656496,
13.700000000000001,0.7704184651374817,0.7702664,0.77035975,0.7703592,,0.06905727088451385,0.06915367,0.06909451,0.06909482,,0.026596609503030777,0.026624294,0.026607342,0.026607433,
13.75,0.7701403498649597,0.7699876,0.7700814,0.77008086,,0.06916070729494095,0.06925745,0.06919807,0.06919839,,0.026639074087142944,0.0266669,0.026649863,0.026649954,
13.8,0.7698618769645691,0.7697084,0.76980263,0.7698021,,0.06926420331001282,0.0693613,0.069301695,0.06930202,,0.026681581512093544,0.026709551,0.026692426,0.026692517,
13.850000000000001,0.769582986831665,0.76942873,0.76952344,0.76952296,0.766434897184372,0.06936775147914886,0.069465205,0.069405384,0.069405705,0.08343911230564117,0.026724133640527725,0.026752247,0.026735032,0.026735125,0.028789632320404053
13.9,0.7693037390708923,0.7691487,0.7692439,0.76924336,,0.06947136670351028,0.06956917,0.069509126,0.06950945,,0.026766730472445488,0.026794985,0.026777683,0.026777778,
13.950000000000001,0.7690240740776062,0.7688683,0.76896393,0.76896346,,0.06957503408193588,0.069673195,0.06961293,0.06961325,,0.026809370145201683,0.026837768,0.026820378,0.026820472,
14.0,0.7687439918518066,0.7685875,0.7686836,0.7686831,,0.06967876106500626,0.06977727,0.06971678,0.06971711,,0.02685205265879631,0.026880594,0.026863117,0.02686321,
14.05,0.7684635519981384,0.7683063,0.7684029,0.76840234,,0.0697825476527214,0.06988142,0.0698207,0.06982102,,0.02689477801322937,0.026923463,0.026905896,0.026905993,
14.100000000000001,0.7681826949119568,0.7680247,0.7681217,0.7681212,,0.06988638639450073,0.06998561,0.069924675,0.069925,,0.026937546208500862,0.026966374,0.026948722,0.026948817,
14.15,0.7679014801979065,0.7677427,0.7678402,0.76783967,,0.06999028474092484,0.07008987,0.07002871,0.070029035,,0.026980359107255936,0.02700933,0.026991589,0.026991684,
14.200000000000001,0.7676198482513428,0.7674603,0.7675583,0.76755774,,0.07009424269199371,0.070194185,0.07013279,0.07013313,,0.027023212984204292,0.027052328,0.027034499,0.027034594,
14.25,0.7673377990722656,0.7671775,0.767276,0.76727545,,0.07019826024770737,0.07029855,0.07023694,0.07023727,,0.02706610970199108,0.02709537,0.02707745,0.027077546,
14.3,0.7670553922653198,0.76689434,0.7669932,0.76699275,,0.0703023299574852,0.07040298,0.07034115,0.070341475,,0.027109049260616302,0.027138453,0.027120445,0.027120542,
14.350000000000001,0.7667725682258606,0.76661074,0.76671016,0.7667096,0.7765893280506134,0.0704064592719078,0.07050747,0.0704454,0.07044574,0.07257772564888,0.027152029797434807,0.027181579,0.027163481,0.027163578,0.031836446449160574
14.4,0.7664893865585327,0.7663268,0.7664266,0.7664261,,0.07051064819097519,0.070612006,0.07054972,0.070550054,,0.027195053175091743,0.027224746,0.02720656,0.027206657,
14.450000000000001,0.7662057876586914,0.7660424,0.7661428,0.76614225,,0.07061488926410675,0.070716605,0.070654094,0.07065443,,0.027238117530941963,0.027267955,0.02724968,0.02724978,
14.5,0.7659217715263367,0.7657577,0.7658585,0.76585793,,0.07071918994188309,0.07082126,0.07075853,0.070758864,,0.027281222864985466,0.027311208,0.027292842,0.02729294,
14.55,0.7656373977661133,0.7654725,0.7655738,0.76557326,,0.0708235427737236,0.07092597,0.070863016,0.07086335,,0.0273243710398674,0.0273545,0.027336046,0.027336145,
14.600000000000001,0.7653526067733765,0.76518697,0.7652887,0.7652882,,0.07092795521020889,0.071030736,0.070967555,0.0709679,,0.02736756019294262,0.027397834,0.027379291,0.027379392,
14.65,0.765067458152771,0.764901,0.76500326,0.7650027,,0.07103241980075836,0.071135566,0.071072154,0.0710725,,0.02741079032421112,0.027441211,0.027422577,0.027422678,
14.700000000000001,0.7647818922996521,0.7646147,0.7647174,0.76471686,,0.0711369439959526,0.07124044,0.071176805,0.07117715,,0.027454061433672905,0.027484627,0.027465904,0.027466005,
14.75,0.7644959092140198,0.76432794,0.7644312,0.76443064,,0.07124152034521103,0.071345374,0.071281515,0.07128186,,0.027497373521327972,0.027528085,0.027509272,0.027509375,
14.8,0.7642095685005188,0.7640408,0.76414454,0.764144,,0.07134615629911423,0.07145037,0.07138628,0.07138662,,0.027540726587176323,0.027571583,0.027552681,0.027552783,
14.850000000000001,0.7639228701591492,0.7637533,0.76385754,0.76385695,0.7611376598477364,0.0714508444070816,0.071555406,0.0714911,0.07149144,0.0706787272542715,0.027584120631217957,0.027615122,0.02759613,0.027596233,0.038390761017799375
14.9,0.7636357545852661,0.7634654,0.76357013,0.76356953,,0.07155558466911316,0.07166051,0.07159597,0.07159632,,0.027627553790807724,0.027658703,0.02763962,0.027639722,
14.950000000000001,0.7633482217788696,0.7631771,0.7632823,0.7632817,,0.07166037708520889,0.07176566,0.0717009,0.07170124,,0.027671027928590775,0.027702324,0.02768315,0.027683252,
15.0,0.7630603313446045,0.76288843,0.7629941,0.7629935,,0.0717652291059494,0.07187087,0.07180588,0.07180623,,0.02771454118192196,0.027745984,0.02772672,0.027726823,
15.05,0.7627720236778259,0.76259935,0.7627055,0.76270497,,0.07187013328075409,0.07197613,0.07191092,0.07191126,,0.027758095413446426,0.027789684,0.02777033,0.027770434,
15.100000000000001,0.7624833583831787,0.7623099,0.76241654,0.76241595,,0.07197508960962296,0.07208145,0.072016,0.07201635,,0.027801688760519028,0.027833425,0.027813978,0.027814085,
15.15,0.7621942758560181,0.76202005,0.76212716,0.76212656,,0.0720801055431366,0.07218681,0.07212114,0.07212149,,0.027845321223139763,0.027877206,0.027857669,0.027857775,
15.200000000000001,0.7619048357009888,0.7617298,0.7618374,0.7618368,,0.07218516618013382,0.07229224,0.07222634,0.072226696,,0.02788899466395378,0.027921025,0.027901398,0.027901504,
15.25,0.761614978313446,0.76143914,0.76154727,0.7615467,,0.07229028642177582,0.07239771,0.072331585,0.07233194,,0.027932707220315933,0.027964884,0.027945166,0.027945273,
15.3,0.7613247632980347,0.76114815,0.76125675,0.76125616,,0.0723954513669014,0.07250324,0.072436884,0.07243724,,0.02797645702958107,0.028008783,0.027988974,0.02798908,
15.350000000000001,0.7610341310501099,0.76085675,0.7609658,0.7609652,,0.07250067591667175,0.07260881,0.072542235,0.07254259,,0.02802024781703949,0.028052721,0.02803282,0.028032927,
15.4,0.7607431411743164,0.7605649,0.76067454,0.76067394,0.7585988575220108,0.07260594516992569,0.07271445,0.07264764,0.072647996,0.0782009044289589,0.028064075857400894,0.028096698,0.028076705,0.028076813,0.027703809291124343
15.450000000000001,0.7604517340660095,0.76027274,0.76038283,0.76038224,,0.0727112740278244,0.072820134,0.072753094,0.07275346,,0.02810794487595558,0.028140714,0.02812063,0.028120738,
15.5,0.760159969329834,0.75998014,0.76009077,0.7600902,,0.0728166475892067,0.072925866,0.0728586,0.07285897,,0.028151851147413254,0.028184768,0.028164592,0.028164702,
15.55,0.759867787361145,0.7596872,0.7597983,0.7597977,,0.07292207330465317,0.07303165,0.07296416,0.07296452,,0.02819579467177391,0.02822886,0.028208593,0.028208703,
15.600000000000001,0.7595752477645874,0.7593938,0.7595054,0.7595048,,0.07302755117416382,0.073137484,0.073069766,0.07307013,,0.02823977917432785,0.028272992,0.028252633,0.028252743,
15.65,0.7592822909355164,0.7591001,0.7592122,0.7592116,,0.07313308119773865,0.07324337,0.07317543,0.07317579,,0.028283799067139626,0.028317163,0.02829671,0.02829682,
15.700000000000001,0.7589889764785767,0.758806,0.7589186,0.7589179,,0.07323865592479706,0.07334931,0.07328113,0.0732815,,0.028327859938144684,0.02836137,0.028340828,0.028340938,
15.75,0.7586952447891235,0.7585115,0.75862455,0.75862396,,0.07334428280591965,0.0734553,0.07338689,0.07338726,,0.028371956199407578,0.028405616,0.028384982,0.028385092,
15.8,0.7584011554718018,0.75821656,0.75833017,0.7583296,,0.07344996184110641,0.07356133,0.0734927,0.07349307,,0.028416091576218605,0.0284499,0.028429173,0.028429285,
15.850000000000001,0.7581067085266113,0.7579213,0.75803536,0.75803477,,0.07355568557977676,0.073667414,0.073598556,0.07359892,,0.028460264205932617,0.028494222,0.028473401,0.028473515,
15.9,0.7578118443489075,0.7576256,0.7577402,0.7577396,0.767832624912262,0.07366146147251129,0.07377355,0.07370446,0.07370483,0.07405782155692578,0.028504474088549614,0.028538583,0.028517669,0.02851778,0.0315845250338316
15.950000000000001,0.7575165629386902,0.7573296,0.7574447,0.757444,,0.0737672820687294,0.07387973,0.07381041,0.073810786,,0.028548721224069595,0.028582979,0.028561972,0.028562086,
16.0,0.757220983505249,0.7570331,0.75714874,0.75714815,,0.07387315481901169,0.073985964,0.07391641,0.073916785,,0.02859300561249256,0.028627412,0.028606314,0.028606428,
16.05,0.7569249868392944,0.7567363,0.75685245,0.7568518,,0.07397907227277756,0.07409224,0.074022464,0.07402284,,0.028637327253818512,0.028671885,0.028650694,0.028650807,
16.1,0.7566285729408264,0.7564391,0.75655574,0.7565551,,0.0740850418806076,0.07419857,0.07412856,0.07412893,,0.028681686148047447,0.028716393,0.028695108,0.028695224,
16.150000000000002,0.7563318014144897,0.75614154,0.75625867,0.756258,,0.07419105619192123,0.07430494,0.0742347,0.07423508,,0.028726080432534218,0.028760938,0.02873956,0.028739676,
16.2,0.7560346722602844,0.7558435,0.7559612,0.7559606,,0.07429711520671844,0.074411355,0.074340895,0.074341275,,0.028770513832569122,0.02880552,0.02878405,0.028784165,
16.25,0.7557371258735657,0.7555452,0.7556634,0.75566274,,0.07440322637557983,0.074517824,0.07444713,0.074447505,,0.028814980760216713,0.02885014,0.028828574,0.028828692,
16.3,0.7554392218589783,0.75524646,0.75536513,0.75536454,,0.07450937479734421,0.07462433,0.074553415,0.074553795,,0.028859486803412437,0.028894795,0.028873136,0.028873254,
16.35,0.7551409006118774,0.75494736,0.7550666,0.7550659,,0.07461557537317276,0.07473089,0.07465974,0.07466012,,0.028904028236865997,0.028939486,0.028917734,0.02891785,
16.400000000000002,0.754842221736908,0.75464785,0.7547676,0.75476694,0.7510812059044838,0.0747218206524849,0.07483749,0.074766114,0.074766494,0.08007552236318588,0.028948605060577393,0.028984213,0.028962368,0.028962485,0.03270485311746597
16.45,0.7545431852340698,0.754348,0.7544682,0.75446755,,0.07482810318470001,0.07494414,0.07487253,0.07487291,,0.028993217274546623,0.029028978,0.029007038,0.029007157,
16.5,0.754243791103363,0.75404775,0.75416845,0.75416785,,0.07493443787097931,0.07505083,0.07497899,0.07497938,,0.02903786674141884,0.029073777,0.029051745,0.029051863,
16.55,0.7539439797401428,0.7537471,0.75386834,0.75386775,,0.07504081726074219,0.07515757,0.0750855,0.075085886,,0.02908255159854889,0.029118612,0.029096486,0.029096605,
16.6,0.753643810749054,0.7534461,0.7535679,0.7535672,,0.07514724135398865,0.07526435,0.07519205,0.07519244,,0.029127269983291626,0.029163485,0.029141264,0.029141383,
16.650000000000002,0.7533432245254517,0.7531447,0.753267,0.75326633,,0.07525370270013809,0.075371176,0.075298645,0.07529903,,0.029172025620937347,0.029208392,0.029186076,0.029186197,
16.7,0.7530422806739807,0.75284296,0.75296575,0.7529651,,0.07536020874977112,0.07547804,0.075405285,0.07540567,,0.029216816648840904,0.029253334,0.029230924,0.029231045,
16.75,0.7527409791946411,0.75254077,0.75266415,0.7526635,,0.07546675950288773,0.07558495,0.07551196,0.07551235,,0.029261643067002296,0.029298311,0.029275807,0.029275928,
16.8,0.7524392604827881,0.7522383,0.75236213,0.7523615,,0.07557335495948792,0.0756919,0.075618684,0.07561907,,0.029306503012776375,0.029343324,0.029320724,0.029320847,
16.85,0.7521372437477112,0.75193536,0.75205976,0.7520591,,0.07567998766899109,0.0757989,0.07572544,0.07572584,,0.029351400211453438,0.029388372,0.029365677,0.0293658,
16.900000000000002,0.7518347501754761,0.7516321,0.751757,0.75175637,0.7549202933907508,0.07578666508197784,0.075905934,0.075832255,0.07583264,0.07447117075324058,0.029396329075098038,0.029433453,0.029410666,0.029410789,0.034758957773447036
16.95,0.7515319585800171,0.75132847,0.7514539,0.7514532,,0.07589338719844818,0.076013006,0.0759391,0.07593949,,0.029441295191645622,0.02947857,0.029455688,0.02945581,
17.0,0.7512288093566895,0.7510244,0.75115037,0.7511497,,0.0760001391172409,0.07612012,0.07604598,0.07604638,,0.029486294835805893,0.029523723,0.029500745,0.029500868,
17.05,0.7509252429008484,0.75072,0.7508465,0.75084585,,0.07610694319009781,0.076227285,0.07615291,0.07615331,,0.02953132800757885,0.029568909,0.029545836,0.029545961,
17.1,0.7506212592124939,0.75041527,0.7505423,0.75054157,,0.0762137770652771,0.076334484,0.07625988,0.076260276,,0.029576394706964493,0.029614128,0.02959096,0.029591085,
17.150000000000002,0.7503169775009155,0.7501101,0.75023764,0.750237,,0.07632065564393997,0.07644172,0.07636689,0.07636728,,0.02962149679660797,0.029659383,0.02963612,0.029636245,
17.2,0.7500122785568237,0.7498046,0.74993265,0.749932,,0.07642757892608643,0.07654899,0.07647393,0.07647433,,0.029666632413864136,0.029704671,0.029681314,0.029681439,
17.25,0.7497072815895081,0.7494987,0.7496273,0.74962664,,0.07653453201055527,0.07665631,0.076581016,0.07658142,,0.029711803421378136,0.029749993,0.02972654,0.029726667,
17.3,0.7494018077850342,0.7491924,0.7493216,0.74932086,,0.07664152979850769,0.07676366,0.07668814,0.07668854,,0.029757006093859673,0.02979535,0.029771801,0.029771928,
17.35,0.7490960359573364,0.7488858,0.74901545,0.7490148,,0.0767485573887825,0.07687105,0.076795295,0.076795705,,0.029802242293953896,0.02984074,0.029817095,0.029817222,
17.400000000000002,0.74878990650177,0.7485788,0.74870896,0.7487083,,0.0768556296825409,0.07697848,0.076902494,0.0769029,,0.029847512021660805,0.029886162,0.029862422,0.02986255,
17.45,0.7484833598136902,0.7482714,0.7484021,0.74840146,0.7565731626749038,0.07696273922920227,0.07708595,0.07700973,0.07701014,0.0783279375731945,0.0298928152769804,0.029931618,0.029907782,0.02990791,0.03377826027572155
17.5,0.7481764554977417,0.74796367,0.7480949,0.74809426,,0.07706988602876663,0.077193454,0.077117,0.077117406,,0.029938150197267532,0.029977107,0.029953176,0.029953305,
17.55,0.7478691935539246,0.7476556,0.74778736,0.74778664,,0.07717706263065338,0.07730099,0.077224314,0.07722472,,0.0299835205078125,0.03002263,0.029998602,0.02999873,
17.6,0.7475615739822388,0.74734706,0.7474794,0.7474787,,0.07728428393602371,0.07740857,0.077331655,0.077332065,,0.030028922483325005,0.030068185,0.030044062,0.03004419,
17.650000000000002,0.7472535371780396,0.7470382,0.7471711,0.7471704,,0.07739153504371643,0.077516176,0.07743903,0.07743944,,0.030074356123805046,0.030113773,0.030089553,0.030089684,
17.7,0.7469452023506165,0.74672896,0.7468624,0.7468617,,0.07749882340431213,0.07762382,0.07754645,0.07754686,,0.030119823291897774,0.030159395,0.030135078,0.030135209,
17.75,0.7466364502906799,0.74641937,0.74655336,0.74655265,,0.07760614156723022,0.0777315,0.07765389,0.07765431,,0.03016532212495804,0.030205049,0.030180635,0.030180765,
17.8,0.7463273406028748,0.7461094,0.74624395,0.74624324,,0.0777134969830513,0.07783921,0.07776138,0.07776179,,0.03021085262298584,0.030250734,0.030226223,0.030226355,
17.85,0.7460179328918457,0.7457991,0.7459341,0.7459334,,0.07782088965177536,0.07794696,0.077868894,0.07786931,,0.030256416648626328,0.03029645,0.030271845,0.030271977,
17.900000000000002,0.7457080483436584,0.7454884,0.745624,0.7456233,,0.07792831212282181,0.07805474,0.07797644,0.07797686,,0.030302012339234352,0.0303422,0.030317498,0.03031763,
17.95,0.7453978657722473,0.7451774,0.7453135,0.74531275,0.7469610357284546,0.07803576439619064,0.07816255,0.07808403,0.07808444,0.08656983643770218,0.030347639694809914,0.03038798,0.030363182,0.030363316,0.02918246291577816
18.0,0.7450873255729675,0.74486595,0.7450026,0.7450019,,0.07814325392246246,0.0782704,0.07819164,0.078192055,,0.030393298715353012,0.030433794,0.030408898,0.030409032,
18.05,0.7447764277458191,0.74455416,0.7446914,0.74469066,,0.07825078070163727,0.078378275,0.078299284,0.07829971,,0.030438987538218498,0.03047964,0.030454647,0.03045478,
18.1,0.7444651126861572,0.744242,0.7443798,0.74437904,,0.07835832983255386,0.07848619,0.07840697,0.078407384,,0.03048470988869667,0.030525515,0.030500425,0.03050056,
18.150000000000002,0.7441534996032715,0.7439295,0.74406785,0.7440671,,0.07846591621637344,0.078594126,0.07851467,0.0785151,,0.03053046204149723,0.030571423,0.030546235,0.03054637,
18.2,0.7438414692878723,0.74361664,0.7437555,0.74375474,,0.07857352495193481,0.0787021,0.078622416,0.07862283,,0.030576245859265327,0.030617362,0.030592076,0.030592212,
18.25,0.7435291409492493,0.7433034,0.74344283,0.74344206,,0.07868117094039917,0.078810096,0.07873018,0.078730606,,0.03062206134200096,0.03066333,0.03063795,0.030638086,
18.3,0.7432163953781128,0.74298984,0.7431298,0.743129,,0.07878884673118591,0.07891813,0.07883798,0.07883841,,0.030667906627058983,0.03070933,0.030683853,0.030683989,
18.35,0.7429033517837524,0.7426759,0.7428164,0.7428156,,0.07889655232429504,0.07902619,0.07894581,0.07894623,,0.030713781714439392,0.030755362,0.030729786,0.030729923,
18.400000000000002,0.7425898909568787,0.7423616,0.7425026,0.74250185,,0.07900428026914597,0.07913428,0.07905367,0.079054095,,0.030759688466787338,0.030801423,0.03077575,0.030775888,
18.45,0.7422760725021362,0.7420469,0.7421885,0.74218774,0.7559381592273712,0.07911204546689987,0.07924239,0.079161555,0.07916198,0.07513410270214081,0.030805625021457672,0.030847516,0.030821744,0.030821882,0.026841278374195098
18.5,0.7419619560241699,0.7417319,0.74187404,0.74187326,,0.07921983301639557,0.07935054,0.07926947,0.07926989,,0.030851591378450394,0.030893637,0.030867768,0.030867908,
18.55,0.7416474223136902,0.7414165,0.7415592,0.74155843,,0.07932765036821365,0.07945871,0.079377405,0.07937784,,0.030897589400410652,0.03093979,0.030913822,0.030913962,
18.6,0.7413325309753418,0.7411007,0.741244,0.74124324,,0.07943549007177353,0.07956691,0.07948538,0.079485804,,0.03094361536204815,0.030985972,0.030959908,0.030960048,
18.650000000000002,0.7410173416137695,0.74078465,0.7409285,0.7409277,,0.07954336702823639,0.07967514,0.07959337,0.0795938,,0.030989671126008034,0.031032184,0.031006021,0.031006161,
18.7,0.7407017350196838,0.7404682,0.74061257,0.7406118,,0.07965125888586044,0.07978339,0.079701394,0.079701826,,0.031035758554935455,0.031078426,0.031052165,0.031052306,
18.75,0.7403858304023743,0.7401514,0.7402963,0.7402955,,0.07975918054580688,0.07989167,0.079809435,0.079809874,,0.031081873923540115,0.031124696,0.031098338,0.03109848,
18.8,0.7400695085525513,0.7398342,0.7399797,0.7399789,,0.07986713200807571,0.07999997,0.079917505,0.079917945,,0.031128017231822014,0.031170998,0.03114454,0.031144682,
18.85,0.7397528886795044,0.7395167,0.7396627,0.73966193,,0.07997510582208633,0.08010829,0.080025606,0.08002604,,0.03117419220507145,0.031217327,0.031190772,0.031190915,
18.900000000000002,0.7394359111785889,0.7391988,0.73934543,0.73934466,,0.08008310198783875,0.080216646,0.08013372,0.08013416,,0.031220395117998123,0.031263687,0.031237032,0.031237176,
18.95,0.7391185164451599,0.7388806,0.73902774,0.73902696,0.7371934492886066,0.08019112050533295,0.080325015,0.08024187,0.080242306,0.07316781520843506,0.031266625970602036,0.031310074,0.031283323,0.031283464,0.02678849920630455
19.0,0.7388008236885071,0.738562,0.7387097,0.7387089,,0.08029916137456894,0.08043341,0.080350034,0.08035047,,0.031312886625528336,0.03135649,0.03132964,0.031329785,
19.05,0.7384828329086304,0.73824304,0.73839134,0.73839056,,0.08040723204612732,0.080541834,0.080458224,0.08045866,,0.03135917708277702,0.031402934,0.031375986,0.03137613,
19.1,0.7381644248962402,0.7379238,0.73807263,0.73807186,,0.0805153176188469,0.08065028,0.080566436,0.080566876,,0.0314054936170578,0.031449407,0.03142236,0.031422507,
19.150000000000002,0.7378456592559814,0.73760414,0.73775357,0.73775274,,0.08062343299388885,0.08075874,0.08067466,0.08067511,,0.031451836228370667,0.03149591,0.031468764,0.03146891,
19.200000000000003,0.7375265955924988,0.7372842,0.73743415,0.7374333,,0.08073156327009201,0.08086722,0.08078292,0.08078337,,0.03149821236729622,0.03154244,0.031515196,0.03151534,
19.25,0.7372071146965027,0.73696387,0.73711437,0.7371136,,0.08083971589803696,0.08097573,0.0808912,0.08089164,,0.03154461085796356,0.031588998,0.031561654,0.0315618,
19.3,0.7368873357772827,0.73664314,0.73679423,0.73679346,,0.0809478908777237,0.08108426,0.08099949,0.08099994,,0.03159104287624359,0.031635582,0.031608142,0.031608287,
19.35,0.7365671992301941,0.7363221,0.7364738,0.73647296,,0.08105608075857162,0.08119281,0.0811078,0.08110826,,0.03163749724626541,0.031682193,0.031654656,0.0316548,
19.400000000000002,0.7362467050552368,0.7360008,0.736153,0.7361522,,0.08116429299116135,0.08130137,0.08121614,0.08121659,,0.03168398141860962,0.031728834,0.031701196,0.031701345,
19.450000000000003,0.7359259128570557,0.73567903,0.7358318,0.735831,,0.08127252757549286,0.08140995,0.081324495,0.08132494,,0.031730491667985916,0.031775504,0.031747766,0.031747915,
19.5,0.7356047034263611,0.735357,0.73551035,0.7355095,0.7317611560225487,0.08138077706098557,0.08151855,0.081432864,0.08143332,0.08548902660608292,0.0317770317196846,0.031822197,0.03179436,0.03179451,0.035915402472019194
19.55,0.7352831959724426,0.7350346,0.7351885,0.73518765,,0.08148904889822006,0.081627175,0.081541255,0.08154171,,0.031823597848415375,0.03186892,0.031840984,0.031841133,
19.6,0.7349613308906555,0.7347118,0.7348663,0.7348655,,0.08159733563661575,0.08173581,0.08164966,0.081650116,,0.03187019005417824,0.03191567,0.031887632,0.031887785,
19.650000000000002,0.7346391081809998,0.7343887,0.73454374,0.73454297,,0.08170563727617264,0.081844464,0.08175808,0.08175854,,0.03191680833697319,0.031962443,0.03193431,0.03193446,
19.700000000000003,0.7343165874481201,0.73406523,0.7342209,0.7342201,,0.08181395381689072,0.08195314,0.081866525,0.08186698,,0.03196345269680023,0.032009248,0.031981014,0.031981163,
19.75,0.7339937090873718,0.73374146,0.7338977,0.73389685,,0.08192229270935059,0.08206182,0.08197498,0.08197544,,0.03201012313365936,0.032056075,0.03202774,0.032027893,
19.8,0.7336704730987549,0.73341733,0.73357415,0.7335733,,0.08203064650297165,0.08217052,0.08208345,0.08208391,,0.03205681964755058,0.03210293,0.032074496,0.03207465,
19.85,0.7333469390869141,0.7330929,0.73325026,0.7332494,,0.08213900774717331,0.082279235,0.08219194,0.0821924,,0.03210354596376419,0.03214981,0.03212128,0.03212143,
19.900000000000002,0.7330229878425598,0.73276806,0.732926,0.7329252,,0.08224739134311676,0.08238797,0.08230044,0.082300894,,0.03215029463171959,0.032196715,0.032168083,0.032168236,
19.950000000000003,0.7326987981796265,0.7324429,0.73260146,0.73260057,,0.0823557898402214,0.08249671,0.08240895,0.08240941,,0.03219706937670708,0.03224365,0.032214917,0.03221507,
20.0,0.7323741912841797,0.7321175,0.7322765,0.73227566,0.731677359342575,0.08246419578790665,0.082605466,0.082517475,0.08251794,0.07809475570917129,0.032243870198726654,0.032290608,0.032261774,0.032261927,0.03513612151145935
