case_index,history_stratum,reference_a_to_b_norm_ratio
0,high,0.0690691471213302
1,medium,0.0231913307310796
2,high,0.035775178084093
3,low,0.0048521086330869
4,medium,0.0207637321871414
5,low,0.0076897183519734
6,high,0.0409166205126219
7,low,0.0035113741508801
8,high,0.0972837746020295
9,low,0.0043413495244784
10,high,0.0460325105685762
11,low,0.0033594533033847
12,low,0.0062126506233565
13,low,0.0099085445537612
14,medium,0.0185760162435989
15,medium,0.04107451069224
16,low,0.0054209748386981
17,low,0.0148928349285148
18,low,0.0069129417248357
19,high,0.0788127278792996
20,low,0.0088863307926985
21,medium,0.0093075685086547
22,medium,0.0394297766560132
23,high,0.0767428826055036
24,low,0.0043790127003664
25,high,0.0674269093902102
26,low,0.0017218005682441
27,low,0.0100899148702561
28,high,0.0332852445768885
29,low,0.0038820418946781
30,low,0.0104715824099722
31,low,0.0093529391467053
32,high,0.0347859724312837
33,low,0.0125361479393832
34,medium,0.0175975316955253
35,medium,0.0275440924881417
36,medium,0.0251217512140639
37,medium,0.0267900998872236
38,high,0.0662320867886246
39,medium,0.0423302647419934
40,high,0.0537718222584852
41,medium,0.0303951243249976
42,high,0.0334965840130735
43,medium,0.045310346441525
44,high,0.0654356414556321
45,medium,0.0385479943158264
46,high,0.0555858821218653
47,low,0.0051638201373839
48,high,0.0707057272350333
49,high,0.0391174790003361
50,low,0.0136646772492623
51,medium,0.0238008707363335
52,low,0.005067603788001
53,medium,0.01786838338957
54,medium,0.0183369825849214
55,medium,0.024127085789573
56,low,0.0057697767154345
57,low,0.0115346735435932
58,high,0.077011547089615
59,low,0.0045346718917659
60,high,0.0334121444888555
61,low,0.0060414122757781
62,low,0.0042381558383783
63,medium,0.0484215129508895
64,low,0.0029250181120365
65,medium,0.0105012764010876
66,medium,0.0309780635356341
67,medium,0.0136434080328967
68,high,0.0709237465315363
69,medium,0.0197672746610663
70,medium,0.0196934648075147
71,low,0.0123531324482752
72,high,0.0408513009922993
73,low,0.0059243069953474
74,low,0.0088502903703584
75,medium,0.0161995186165915
76,medium,0.0279254001325429
77,high,0.1114247678655989
78,medium,0.0399834756401998
79,high,0.0599563203070386
80,medium,0.0202247032952922
81,medium,0.0105901850966701
82,low,0.0125020503454032
83,high,0.0796709632703638
84,medium,0.0323265907940068
85,medium,0.0217772377075611
86,low,0.0072672425933509
87,high,0.0704821266224268
88,low,0.007759440191805
89,high,0.0413628361906958
90,high,0.032181449946545
91,low,0.0085051922740442
92,low,0.0109771583979176
93,high,0.0346012335113433
94,medium,0.0304323437992882
95,medium,0.0218018799950741
96,high,0.0263227848159035
97,medium,0.0202004972839312
98,high,0.0672302053342212
99,high,0.052847989184771
100,high,0.0633736361369067
101,medium,0.0174305207318617
102,medium,0.0189665295678595
103,low,0.0168724531617498
104,high,0.0213789100600494
105,low,0.0141995254349436
106,medium,0.0343512907321329
107,high,0.0423199650109723
108,high,0.0327561220771877
109,high,0.0764557420643153
110,high,0.0410251625053843
111,low,0.0060594524516991
112,medium,0.011196069360259
113,medium,0.0214750251633933
114,high,0.025210206946244
115,low,0.0159385493159182
116,high,0.0255024825992012
117,medium,0.0290600473283805
118,low,0.0092453238756518
119,high,0.0678211512743481
120,medium,0.0118654181211805
121,medium,0.0392517572694056
122,high,0.0759849021374054
123,medium,0.0231469744249089
124,high,0.0659154447917884
125,high,0.0336466755771629
126,medium,0.0264148841931218
127,low,0.0075187588893881
128,low,0.0062890062631447
129,medium,0.0304245197551798
130,medium,0.0202930786750547
131,high,0.0764137658163771
132,high,0.0631167638136147
133,low,0.005524370201595
134,low,0.0074261931584117
135,low,0.0104088113656522
136,medium,0.0156195194729671
137,high,0.0542265944003339
138,medium,0.0137886503533376
139,high,0.0393804643773087
140,high,0.0490930130505741
141,medium,0.0382397180358379
142,low,0.0044001093815512
143,medium,0.0231300138890035
144,high,0.0316580257447533
145,medium,0.0278571066962716
146,high,0.0929392445310377
147,medium,0.0166515060491301
148,medium,0.0126671805072341
149,high,0.0276179857546607
150,low,0.0144041153394755
151,low,0.0061628403322151
152,low,0.0109426536906951
153,high,0.0515522759934956
154,high,0.0581326640459652
155,medium,0.0346745339745553
156,high,0.0373836956864262
157,low,0.0098934514194964
158,medium,0.0116815984792877
159,high,0.0549241296783974
160,low,0.0049621211949119
161,high,0.063446544447931
162,medium,0.0120743147501858
163,low,0.0064839427038802
164,low,0.0118856682144584
165,low,0.0044926818768194
166,high,0.0550536653455092
167,low,0.0098771789268146
168,medium,0.0142891300883338
169,low,0.0038613256907924
170,high,0.0496499536560458
171,medium,0.0216168788468025
172,low,0.0080503699634002
173,medium,0.0135984247095686
174,medium,0.0154060392572534
175,high,0.0741532996825553
176,low,0.0053658570491918
177,low,0.0132710073101164
178,low,0.009571594979321
179,high,0.0474751797278523
180,low,0.0099953370335902
181,medium,0.043215693828796
182,low,0.0047175445010242
183,medium,0.0195642480259245
184,medium,0.0148687775425112
185,medium,0.0111601147286052
186,high,0.0355575184023964
187,low,0.013650515683703
188,high,0.0374451173641377
189,high,0.032015434585306
190,low,0.00889115973419
191,medium,0.0231650852722992
192,low,0.0045069538979636
193,low,0.0017128826978012
194,high,0.0601890953280439
195,medium,0.0312382626492565
196,medium,0.0397743277991231
197,high,0.0599507258503543
198,high,0.0663750043014454
199,low,0.0122500207198983
200,high,0.0409626957169083
201,high,0.0762833257708685
202,medium,0.0343515629783104
203,low,0.0127655400466608
204,medium,0.0470304384082253
205,high,0.0390197604889202
206,high,0.0706876858168706
207,low,0.0123882329265063
208,medium,0.0233638465959589
209,medium,0.0246171074228025
210,high,0.0800019305174197
211,low,0.0063897488768911
212,medium,0.0369041544441824
213,high,0.0605505104769234
214,high,0.0697084707593041
215,low,0.0141998631508676
216,high,0.0459459446294834
217,high,0.0450448068599882
218,medium,0.0127426376483674
219,medium,0.0220107273847166
220,high,0.0247011926469059
221,medium,0.0276168091034185
222,low,0.0034140234019484
223,low,0.0044736685521188
224,low,0.0056475568692062
225,medium,0.0235357673768939
226,medium,0.0260111561448325
227,low,0.0055842450776742
228,high,0.070683204659314
229,medium,0.0403889436249247
230,high,0.0658768414193473
231,low,0.0174197554792983
232,medium,0.0134510307359691
233,low,0.0076803580667084
234,high,0.0486605435367789
235,low,0.0068420620446559
236,low,0.0053965641574021
237,low,0.0134990089434923
238,low,0.0053367120705262
239,low,0.011012340540016
240,medium,0.0146303154996494
241,low,0.012434145307491
242,low,0.0137814671289852
243,high,0.0411575513695041
244,medium,0.0273055192311613
245,medium,0.0157895796201883
246,medium,0.0179029046276772
247,high,0.0523319779808677
248,high,0.0459059006791673
249,medium,0.011736740631665
250,low,0.003329004382156
251,high,0.0462010146435732
252,high,0.0429429619758894
253,medium,0.0220581703569242
254,medium,0.0219707838474316
255,high,0.031072591849126
256,high,0.0543667643952988
257,low,0.0179198968081917
258,low,0.0058643928520402
259,high,0.0624524114205958
260,medium,0.0270863663149607
261,high,0.046924060803612
262,medium,0.0190418272365154
263,low,0.0039407915023436
264,medium,0.011265993238027
265,high,0.0500153834359889
266,medium,0.0167551663444956
267,high,0.0517518587840784
268,high,0.026034283256133
269,high,0.0845059349932212
270,medium,0.0360052039953343
271,medium,0.0089477531257874
272,high,0.0743596361716475
273,low,0.0105719766188189
274,low,0.012349183658664
275,high,0.0305199360816648
276,high,0.0500759287221571
277,high,0.0368659887780984
278,medium,0.022922774343588
279,medium,0.0242673618497654
280,high,0.0511463112847278
281,medium,0.0293589438251256
282,high,0.0451684003952451
283,low,0.0099809235276673
284,high,0.0530723873320923
285,high,0.0857411151310604
286,high,0.0336486851562687
287,medium,0.0296972754836277
288,low,0.0042059284069539
289,medium,0.0215966050894215
290,medium,0.0180045413390129
291,low,0.0044157142476775
292,high,0.0569426268849615
293,high,0.0411592103627181
294,medium,0.0273803184450967
295,medium,0.0163510637443845
296,high,0.0649947627283336
297,high,0.0818353740800938
298,medium,0.0156618942491954
299,low,0.0055633329771878
300,high,0.0447452538134524
301,high,0.0433797009120981
302,high,0.0227959794272702
303,medium,0.021752587338894
304,low,0.012229892904295
305,high,0.0387748514062412
306,low,0.0105384028733754
307,medium,0.0217948824642372
308,low,0.0093175727449411
309,high,0.0595297503524417
310,medium,0.0233633796816377
311,high,0.0379299187696764
312,high,0.039593349076991
313,low,0.0067093410834057
314,low,0.0125108200337092
315,medium,0.022356614778871
316,high,0.0517760018915728
317,low,0.0125395028715229
318,high,0.0263805559575626
319,medium,0.0239364778977143
320,high,0.0420615238189112
321,low,0.013166209251511
322,medium,0.014995722645225
323,medium,0.0268053060405148
324,low,0.0103630582323819
325,high,0.0763276983427778
326,high,0.0573252334383506
327,low,0.0070938508204467
328,low,0.0084915733524859
329,medium,0.0473135177518907
330,medium,0.0456955297193685
331,medium,0.0181795076422226
332,low,0.0049786430322296
333,low,0.0062579112090279
334,high,0.0695077937364327
335,high,0.0420386443889334
336,medium,0.0162949990616406
337,high,0.0591640197873826
338,high,0.0696243426661223
339,medium,0.0238855543082229
340,medium,0.0187336582967253
341,high,0.0665780421335595
342,medium,0.0391466429623041
343,high,0.033174649963921
344,low,0.0039880264445167
345,high,0.079969286899019
346,medium,0.0323590550837229
347,high,0.0410918856544928
348,low,0.0111157235183328
349,medium,0.0326281986027369
350,medium,0.0422044743538383
351,medium,0.0174227330957106
352,low,0.0097486456651639
353,high,0.0676106255374102
354,medium,0.0344121460888509
355,high,0.0476655041120704
356,medium,0.0334032357352725
357,medium,0.0325290704468689
358,high,0.0582873138446086
359,medium,0.0325689376783739
360,medium,0.0270208013172581
361,high,0.0476260333399214
362,low,0.0134059229472748
363,medium,0.0116228066003641
364,high,0.0480312250268294
365,high,0.0364314892947827
366,low,0.0158089294451012
367,medium,0.035675207636292
368,medium,0.0136355392030149
369,low,0.0136231192582181
370,high,0.0966180621529133
371,medium,0.0149922016417433
372,low,0.0061423103224816
373,low,0.0048617591877621
374,low,0.0174245206847037
375,high,0.0777989495775053
376,high,0.0443030238301755
377,medium,0.0407466350349313
378,low,0.0141026378609876
379,low,0.0120684917264614
380,high,0.0431042068955201
381,high,0.0336134779850144
382,high,0.0684546339891023
383,low,0.0059576118007235
384,low,0.0134307442815384
385,high,0.0232302646439444
386,low,0.0139375260692692
387,medium,0.0317291050470059
388,medium,0.0198176063652771
389,high,0.0901367525704801
390,medium,0.0157743636754279
391,low,0.0098437214327817
392,medium,0.0377235636847391
393,low,0.0060896429015499
394,high,0.045707671974776
395,high,0.0725607395700651
396,high,0.0537837262967612
397,medium,0.0200234553703824
398,medium,0.030705294952455
399,low,0.0080939309418703
400,high,0.0653413414147819
401,high,0.0457658457936666
402,low,0.0145614410500305
403,high,0.0447178871069357
404,medium,0.037201366351829
405,medium,0.0331331445555973
406,low,0.0112407045145686
407,low,0.0073452161378562
408,high,0.0482149863829631
409,medium,0.0232822580882396
410,low,0.0053492059190375
411,low,0.0077206027853249
412,medium,0.0227734180034943
413,medium,0.012857830391548
414,high,0.0492109748515205
415,high,0.0425805229374741
416,high,0.0418582613961224
417,medium,0.0164535685961222
418,medium,0.0173645745137307
419,high,0.0740565343567951
420,medium,0.0118962226564357
421,medium,0.0116546001184394
422,medium,0.0218768002672631
423,medium,0.0185021231257691
424,medium,0.0338802548007053
425,low,0.0040873244988523
426,medium,0.0310755998063615
427,high,0.039780373027296
428,high,0.0432954198643808
429,medium,0.0092636196888623
430,high,0.0659979881034063
431,medium,0.0254698686960996
432,low,0.0050023877844755
433,medium,0.0088561058155215
434,medium,0.020456985474566
435,low,0.006723862441774
436,high,0.0294632438074578
437,high,0.0451247200469909
438,high,0.0750302273528502
439,low,0.0044357999386734
440,high,0.0937289892839792
441,low,0.0179141170386451
442,high,0.0836217714608378
443,high,0.0220797878065007
444,high,0.0466843164690175
445,low,0.0047108141552534
446,low,0.01879033280562
447,low,0.00566961208801
448,high,0.0436714331954484
449,medium,0.0242316797769875
450,low,0.0082310839058026
451,low,0.0082578605252145
452,medium,0.0188081635681587
453,low,0.0046653086962177
454,medium,0.0122125279745539
455,medium,0.0364662144096226
456,medium,0.0164177642355354
457,medium,0.0098829392115661
458,medium,0.03179493820618
459,low,0.0134330645669621
460,medium,0.0315781380857281
461,high,0.0767611838132371
462,high,0.071286526881795
463,medium,0.0175850640943083
464,high,0.063957642506567
465,high,0.0802138214594176
466,high,0.0856298240107902
467,medium,0.0224775810174473
468,medium,0.0245984226418212
469,low,0.0036274898496412
470,medium,0.0248599394248809
471,low,0.0160798206923698
472,medium,0.0180161029888429
473,high,0.0709209658149707
474,high,0.0557863199581744
475,high,0.0605811099598403
476,low,0.0068271677480772
477,medium,0.0235331106579547
478,high,0.0660405553879169
479,high,0.0377550621461699
480,high,0.0662608457650283
481,low,0.0134024280117375
482,high,0.0569961502879455
483,medium,0.0213710003181486
484,medium,0.0292122405269607
485,medium,0.02354202075664
486,low,0.0116102278972109
487,high,0.0424182892081017
488,medium,0.0225741102639266
489,low,0.0049833717598648
490,low,0.0175894896666893
491,high,0.0584405481492768
492,medium,0.0106014734912214
493,high,0.0445311546581453
494,medium,0.0137968679434502
495,high,0.0740361881390325
496,high,0.0481704707568378
497,low,0.0087123528852856
498,low,0.00872373907936
499,low,0.013166308293577
500,high,0.0272339153376174
501,low,0.0108687660064326
502,medium,0.0271943487246081
503,low,0.0046549578877836
504,low,0.0078412951666473
505,high,0.0766281010152831
506,low,0.0108956364029443
507,medium,0.0353309439137324
508,low,0.0160383414484189
509,medium,0.0181827599122896
510,medium,0.0291851435201882
511,low,0.0074105159515167
512,medium,0.021404316111715
513,high,0.0550777569962856
514,medium,0.0282200161668684
515,high,0.027134684450544
516,low,0.0176829549285803
517,high,0.0411459824314058
518,medium,0.029374551562398
519,medium,0.0268503967474931
520,medium,0.0138834225742279
521,high,0.0708018371767932
522,low,0.0065365958606936
523,high,0.0416774855692615
524,high,0.0325094195800206
525,medium,0.0229864691879093
526,low,0.0044438309013975
527,medium,0.0309438379069115
528,medium,0.019158696739828
529,low,0.0183414791249096
530,high,0.0738891599949476
531,high,0.0276233935037181
532,high,0.0378712653368997
533,high,0.0617042192507268
534,medium,0.0207498393490106
535,high,0.0361160100431345
536,medium,0.0336356835822526
537,high,0.0433060072648882
538,high,0.0536086218530013
539,high,0.0460603654755701
540,low,0.0115213304039014
541,medium,0.0218785991400327
542,high,0.0686485247796535
543,low,0.0048730345672088
544,medium,0.0228202994640349
545,low,0.0118118031076121
546,low,0.0081502084010602
547,low,0.0157001817983954
548,high,0.0557629033530235
549,low,0.0055934813086844
550,low,0.0164320134112098
551,high,0.0591812100179419
552,medium,0.0114891847193773
553,medium,0.0311787883095338
554,high,0.0766155221880304
555,low,0.0066912477569936
556,medium,0.0165862672967956
557,high,0.0475776743984
558,low,0.0082895926295342
559,low,0.0052866441940609
560,high,0.0317467936957676
561,high,0.0257020723852797
562,low,0.0037107101283513
563,low,0.0164111388212719
564,medium,0.0163159409459305
565,medium,0.0442436290665885
566,high,0.0409991384083455
567,high,0.0685815846504065
568,low,0.0037327905866602
569,low,0.0136790346821095
570,low,0.0105864806374588
571,low,0.009232601950371
572,high,0.0556231628012431
573,high,0.0744469650671584
574,low,0.0110436239407629
575,low,0.0201335284752826
576,medium,0.0202590723291798
577,medium,0.0185314495665224
578,low,0.0061280925975111
579,high,0.064707363754922
580,high,0.0665154349486145
581,low,0.0049637285407987
582,medium,0.0225704982666827
583,high,0.0649284406928885
584,low,0.0090379712794895
585,low,0.0033586771596286
586,high,0.0241462116172647
587,medium,0.0214301780286641
588,high,0.0905089401026581
589,medium,0.0258128718235517
590,low,0.006683378029962
591,high,0.0421394484606366
592,medium,0.0486482381506991
593,medium,0.025622571738182
594,high,0.0355151203152577
595,low,0.0071019125882524
596,low,0.0133536705406093
597,low,0.0079941831036112
598,high,0.0501746619034531
599,medium,0.021417454002907
600,low,0.0146395391639029
601,low,0.0086676202470323
602,medium,0.032404042181518
603,medium,0.0199339900890557
604,high,0.0458720502743658
605,high,0.0468661045382092
606,low,0.0070922207922768
607,medium,0.0098811927928066
608,low,0.0099946622857458
609,low,0.0107162919799405
610,high,0.0451163022645367
611,medium,0.0281340653431777
612,low,0.0100419525616863
613,low,0.0124120961457205
614,low,0.0031474508909188
615,low,0.0073688036639293
616,low,0.0035989568452467
617,medium,0.0255525456831485
618,low,0.0085171240606733
619,medium,0.0240304747690061
620,high,0.0395172340835127
621,high,0.0612344610077799
622,high,0.0455635652892607
623,low,0.0047941816614659
624,high,0.0650941810393275
625,high,0.0527077469773071
626,low,0.0039267247934785
627,low,0.0165912859867414
628,medium,0.0185588332857859
629,low,0.0101545429127355
630,high,0.0565563797223201
631,medium,0.0457103870422597
632,medium,0.0334731011606128
633,medium,0.033341011345503
634,low,0.0057102712165724
635,medium,0.0140760306204121
636,high,0.0406559219340894
637,low,0.0107050036538039
638,low,0.0058882819239082
639,high,0.0259241825655003
640,low,0.0095020802970754
641,low,0.0067403944533248
642,low,0.0073412932414827
643,medium,0.0143925559796227
644,low,0.010556489146871
645,high,0.0221717612226245
646,high,0.0826299783506168
647,medium,0.011628324643724
648,high,0.0855574967556091
649,high,0.056635583275073
650,high,0.0282259338086734
651,medium,0.0250647100401707
652,high,0.047496111086073
653,low,0.0078343422970677
654,low,0.0014462945243135
655,low,0.0092332597275911
656,high,0.04312998170637
657,medium,0.0191911917177689
658,medium,0.031946003375144
659,high,0.0706759325115907
660,medium,0.0160686925742721
661,high,0.0678708329360405
662,high,0.0442439522566765
663,low,0.0094132366860974
664,medium,0.021688478090375
665,high,0.0627471983869724
666,high,0.0785136726360668
667,low,0.0093982694205733
668,low,0.0151508597513868
669,low,0.0036323515886212
670,high,0.0465939973033866
671,medium,0.0284286152302008
672,low,0.0039276379069659
673,high,0.0819841216808539
674,low,0.0131493295364582
675,low,0.0117310830379968
676,low,0.0088450480215063
677,high,0.0676074718831857
678,medium,0.0265959669138257
679,medium,0.0163372119574486
680,medium,0.0177266675587349
681,low,0.0098494151549713
682,medium,0.0222156455480536
683,high,0.0251048373690821
684,high,0.1068659676108594
685,low,0.0088715677142939
686,high,0.0327693975459922
687,low,0.0070415794639084
688,medium,0.0238287402807273
689,high,0.0384284657228459
690,high,0.0670412137181772
691,low,0.0058330618102777
692,medium,0.0210068373275746
693,medium,0.0277123178953869
694,high,0.0392512877367709
695,high,0.0538628548057723
696,medium,0.0414665698497124
697,high,0.0476036455132529
698,low,0.0091041400878524
699,low,0.0076748131779657
700,high,0.0272277948433138
701,high,0.034869145202952
702,medium,0.0297206805271141
703,high,0.0501777905586676
704,high,0.0610539559650905
705,high,0.0541950293103335
706,high,0.0762316765423435
707,low,0.0174606673798733
708,high,0.0687358372805957
709,low,0.0064639600094812
710,high,0.0358373936185015
711,high,0.0497994060583394
712,high,0.0489893442919863
713,high,0.0593220990765674
714,low,0.0160322842731683
715,medium,0.0296423617592379
716,high,0.0907744258321465
717,medium,0.0437594826258006
718,low,0.0078390862185752
719,low,0.007120618642575
720,low,0.008806106080814
721,medium,0.031728564839656
722,high,0.0734684902647554
723,medium,0.0174480447271728
724,high,0.0842470335599822
725,high,0.0814758607476687
726,low,0.0061457994454972
727,low,0.0065509095444032
728,low,0.0083877313008825
729,low,0.0059470533900247
730,low,0.0060247726383809
731,low,0.014564039012816
732,high,0.0390059479196898
733,low,0.0127989228868258
734,medium,0.035472800755423
735,low,0.0061983495319627
736,low,0.0094595695470302
737,low,0.0076800987636341
738,medium,0.0110626549913227
739,low,0.0108733807805079
740,high,0.0541455561540343
741,high,0.0237292915127383
742,high,0.0532490678070973
743,high,0.043288335095464
744,medium,0.0120126531317066
745,high,0.0710583339757554
746,low,0.0026728735686097
747,medium,0.0195578749787478
748,medium,0.0302700372535738
749,low,0.0105142422081678
750,medium,0.0209574816170745
751,medium,0.0086931689817266
752,low,0.0032744018515986
753,low,0.0085063070128947
754,high,0.0280382233347073
755,medium,0.049327130051635
756,low,0.0096311984888279
757,high,0.0560962872266497
758,high,0.0530444885937305
759,low,0.0093008008336336
760,low,0.0039227501524023
761,medium,0.0191239051258103
762,high,0.035123748470446
763,high,0.0268853066774028
764,high,0.0741590673901351
765,low,0.0124330706092172
766,medium,0.0174380022347713
767,low,0.0052317329002607
768,high,0.0505369528839228
769,high,0.0304728748927622
770,medium,0.0230936003088906
771,high,0.0342084886607258
772,medium,0.0195609786167633
773,medium,0.0260764739217482
774,medium,0.040575134497274
775,low,0.0055390722065301
776,high,0.0318099647855397
777,medium,0.0290983954704617
778,low,0.0064875203026667
779,low,0.0110681246256095
780,high,0.0480455207103823
781,medium,0.0504650026761832
782,medium,0.0123872201500764
783,medium,0.0269176784925121
784,low,0.0132459521569882
785,low,0.007982222183659
786,high,0.0416022777732793
787,low,0.0045362210475147
788,medium,0.0401984171124647
789,medium,0.0175683211991614
790,low,0.0105725474011553
791,medium,0.0386113776837198
792,medium,0.0275742911438829
793,low,0.0119494818828054
794,high,0.035342752429652
795,high,0.0540892548150149
796,low,0.0126942857935905
797,medium,0.0086256395107302
798,medium,0.0415044565158144
799,low,0.0042202424814768
800,high,0.0630054941077501
801,high,0.0259194539382634
802,low,0.0040883145970396
803,medium,0.0207019872532766
804,low,0.004022469717988
805,low,0.0064778838237193
806,medium,0.0299190190983834
807,high,0.0512422177218674
808,low,0.0085569459648082
809,high,0.0494590406706936
810,high,0.0318000006515095
811,low,0.014645549039577
812,high,0.023358322436262
813,high,0.0535405316896983
814,high,0.0597403277703868
815,high,0.0288843944886316
816,high,0.0361371138682954
817,medium,0.0260965906138741
818,high,0.0683952147215371
819,high,0.0597311840395963
820,high,0.0669052410934417
821,low,0.0092897916952552
822,medium,0.0220798085881235
823,high,0.0577368203211609
824,high,0.0552174800931285
825,medium,0.0256743861648357
826,low,0.0041956608168918
827,high,0.0540753152470918
828,high,0.0517780570767522
829,high,0.0656091406735989
830,medium,0.0485452313445601
831,medium,0.0137672489777755
832,high,0.0310129604190177
833,high,0.0507055293889774
834,high,0.0341939566772202
835,low,0.0079389731621649
836,medium,0.0176507962290919
837,medium,0.0206022794506618
838,medium,0.0190504939649198
839,low,0.0027068867853625
840,high,0.0966634107891423
841,high,0.0245936952960204
842,medium,0.0156129532295825
843,low,0.0194222168668254
844,high,0.0874098553521398
845,medium,0.0169121820281624
846,low,0.0080850559943827
847,medium,0.0204729375346327
848,medium,0.0206142051400473
849,low,0.0125972670050994
850,high,0.0501085767303123
851,high,0.0330074530969039
852,medium,0.0373906583207346
853,medium,0.026515916213958
854,medium,0.0268628495624059
855,medium,0.0195677751140742
856,low,0.0031262178256219
857,high,0.0412285025054962
858,low,0.0182843666410554
859,medium,0.0265285757097242
860,low,0.0064247756673293
861,high,0.0338992509868924
862,medium,0.0398745356532215
863,medium,0.0264857165896255
864,low,0.0147498852260022
865,medium,0.0276499359403913
866,high,0.0835548433437994
867,medium,0.0201529154345938
868,medium,0.0379723975456997
869,low,0.0051475391074954
870,high,0.0576236662068989
871,medium,0.0245993486718197
872,low,0.0133501061673523
873,medium,0.0166803752715927
874,low,0.0120764431022545
875,low,0.0153809556100255
876,low,0.0060432280627215
877,low,0.0156728105563669
878,high,0.0670369025647788
879,medium,0.0392195300113078
880,high,0.0422137913820641
881,low,0.0081198292727987
882,low,0.0071511233373256
883,medium,0.0258126355401593
884,low,0.0049393009675132
885,low,0.0099810284698932
886,low,0.0086219410903892
887,high,0.0400026754833187
888,high,0.0407957874196516
889,low,0.0051059874889136
890,medium,0.0140975629188345
891,medium,0.0127818346388737
892,medium,0.0236731940763727
893,high,0.0316224669776239
894,low,0.0106015139565848
895,low,0.0051887982951672
896,medium,0.0237466560184968
897,medium,0.0183468276701012
898,low,0.0046774978130706
899,high,0.0481659407106066
900,high,0.0712561220779418
901,high,0.062689352348618
902,low,0.0109956913804777
903,high,0.0663489426259938
904,low,0.007334501795336
905,medium,0.0315986962900863
906,medium,0.0311333268276926
907,medium,0.011436928007868
908,low,0.0045534512790722
909,high,0.0544580931571844
910,medium,0.0317258079262312
911,low,0.007151806222514
912,high,0.0743697281880015
913,low,0.005534385760354
914,medium,0.0227771459199541
915,medium,0.0136689643330339
916,medium,0.0120858311617619
917,medium,0.0116929299545597
918,medium,0.0171736820848604
919,low,0.0089022538960317
920,medium,0.0364060141196573
921,medium,0.0377872656031529
922,high,0.0655575252976363
923,high,0.0364376341506152
924,high,0.0481487421613595
925,low,0.0107932959415306
926,medium,0.0200453244220882
927,low,0.0070669620364946
928,low,0.0087906388703881
929,low,0.0047226478204891
930,high,0.0302294659309053
931,medium,0.0220962672943267
932,medium,0.0388675231895174
933,low,0.0051647063495304
934,high,0.1034531511573102
935,medium,0.0151837159010572
936,medium,0.0206645900903524
937,medium,0.0405295958103439
938,low,0.0047945986375618
939,low,0.0086813135038309
940,high,0.0355360764247264
941,medium,0.027560841856966
942,low,0.0064723725211664
943,low,0.0050275916212542
944,medium,0.0282680632899837
945,low,0.0096655671666603
946,medium,0.0237675181543951
947,low,0.0034160004711654
948,medium,0.0185189538321791
949,low,0.0196024608604392
950,low,0.0060828672644954
951,medium,0.0126468884815915
952,medium,0.0099348625616543
953,medium,0.018511901400742
954,high,0.0458076573674593
955,high,0.0425985548926244
956,medium,0.0238955595748546
957,low,0.0134836243183698
958,low,0.012297185227177
959,medium,0.0324981014239508
960,low,0.0063943580205202
961,medium,0.040491004585923
962,medium,0.0236710044499531
963,high,0.0540532755056199
964,high,0.0357194041323954
965,medium,0.0403434613412811
966,high,0.0489724176530477
967,high,0.0546688229211796
968,low,0.0143336185775755
969,high,0.0355585884167897
970,low,0.0062671134460007
971,low,0.0096230926143677
972,high,0.0573576615645905
973,low,0.0093814176544855
974,medium,0.0111729961942695
975,high,0.0576365032204684
976,low,0.0033933110673901
977,low,0.0127837954643798
978,high,0.0536956196982835
979,medium,0.0341603055670854
980,medium,0.0173476867691496
981,medium,0.0136524456378601
982,high,0.0372427686090747
983,low,0.0054665551217398
984,low,0.0069156068430788
985,high,0.0612201215423935
986,low,0.0096553638444911
987,low,0.0133842860197836
988,high,0.0589499880974257
989,low,0.0157976391204465
990,high,0.0392042451543404
991,high,0.0255215149708099
992,high,0.0593052922126836
993,low,0.005627114064132
994,low,0.007486399682468
995,low,0.0131878871119743
996,low,0.0091882931190354
997,low,0.0040128980052112
998,low,0.0041006673135115
999,high,0.0426517712511674
1000,medium,0.0197299960738301
1001,high,0.0845629477064397
1002,high,0.0409662012946891
1003,medium,0.0198722503358495
1004,medium,0.0143557358203547
1005,low,0.0169418869237051
1006,medium,0.0164753842452195
1007,medium,0.0145426490034344
1008,medium,0.017591722905669
1009,medium,0.0224130045866251
1010,low,0.0157489310934289
1011,low,0.0044749160270362
1012,medium,0.0110411836564397
1013,low,0.0114251690620702
1014,high,0.0439919139542647
1015,low,0.0132709696910116
1016,low,0.0091233587692432
1017,medium,0.047220890622626
1018,medium,0.0140673691376194
1019,low,0.0038872015932929
1020,medium,0.0217282354862075
1021,high,0.0606120511581186
1022,medium,0.0226022457390831
1023,high,0.0687587117434222
1024,low,0.0206085110457382
1025,medium,0.0368397969433398
1026,high,0.0223827622218179
1027,high,0.0415314673137804
1028,high,0.085856531107438
1029,high,0.0453288457488834
1030,high,0.0511502495916117
1031,medium,0.0412240243009173
1032,high,0.039317550308693
1033,low,0.0053935413171615
1034,low,0.004099204941769
1035,high,0.0589598552316295
1036,high,0.0429513274456584
1037,high,0.0579295325177692
1038,low,0.0069334445897852
1039,medium,0.016804460184128
1040,medium,0.0381901195475289
1041,low,0.0054409825247294
1042,medium,0.0197551854599328
1043,low,0.007752461161929
1044,low,0.0030245534579542
1045,low,0.0072256388515184
1046,medium,0.0104633080791224
1047,high,0.0645071528229701
1048,low,0.0100238236114815
1049,low,0.0049437478877379
1050,low,0.0034462851973632
1051,high,0.0603495470862102
1052,high,0.0739478522545217
1053,low,0.0128204057563605
1054,high,0.093791473850061
1055,high,0.0535640950325734
1056,low,0.0055714481888557
1057,low,0.0094875042645967
1058,medium,0.028540428926451
1059,medium,0.0464807634586371
1060,medium,0.019027787519921
1061,low,0.0146215808024673
1062,high,0.0758360892975378
1063,medium,0.0291279733955821
1064,high,0.0417301195739091
1065,medium,0.0078403865090831
1066,medium,0.0427297568534562
1067,low,0.0181484752917348
1068,low,0.0096934153285963
1069,high,0.0672333862618639
1070,high,0.0634660817655252
1071,low,0.0062087946384614
1072,low,0.0093065824242657
1073,low,0.0048001720084927
1074,low,0.0175433120110563
1075,medium,0.026449168261124
1076,medium,0.0387449682945179
1077,low,0.0048856056738848
1078,medium,0.0314540582219629
1079,low,0.0086100735280185
1080,high,0.0427765768946262
1081,medium,0.0192588739245018
1082,high,0.0595933001947403
1083,medium,0.0263928555166477
1084,medium,0.0402820092519358
1085,low,0.0142106733588474
1086,high,0.0420220099264924
1087,low,0.0106216321344322
1088,high,0.042910862703696
1089,low,0.0045820153715275
1090,high,0.0549200807657423
1091,high,0.0353228713543423
1092,low,0.0061874343689727
1093,low,0.0066976411389946
1094,low,0.0056475923065288
1095,high,0.0737974645776626
1096,medium,0.0216285061108816
1097,medium,0.0162229600447125
1098,low,0.0044412223448043
1099,high,0.0281322277402675
1100,low,0.0157466517734513
1101,low,0.005491943737063
1102,medium,0.0380940495684936
1103,low,0.0130665897973685
1104,medium,0.0322569539007318
1105,medium,0.0137351531288515
1106,high,0.0285883713212763
1107,medium,0.0237385419482126
1108,high,0.0768307787815185
1109,low,0.00641636772776
1110,high,0.0340801098347773
1111,high,0.0417980709451809
1112,medium,0.0267415450705829
1113,medium,0.0276342711111539
1114,high,0.0319626107355498
1115,high,0.0396480295011441
1116,medium,0.012468837132395
1117,low,0.0075395810292732
1118,high,0.0674304528248555
1119,low,0.0042220995784742
1120,medium,0.017847158800853
1121,medium,0.0128080413858129
1122,low,0.0048651428172948
1123,medium,0.0329200470199572
1124,high,0.0534565897872374
1125,high,0.0472432820378386
1126,low,0.0027878060590263
1127,medium,0.0286409722219195
1128,medium,0.0185361481960977
1129,high,0.073278177567992
1130,medium,0.0228393442303924
1131,medium,0.0159426033657447
1132,medium,0.0123100303208442
1133,low,0.007223344554084
1134,high,0.0370823427990458
1135,medium,0.0192508384291175
1136,low,0.0116660903069898
1137,low,0.0147427589602982
1138,medium,0.0100730477526395
1139,high,0.0302067155800041
1140,medium,0.0384371977536963
1141,high,0.0354259650748339
1142,high,0.1034794097433235
1143,low,0.0096383123290021
1144,high,0.0515531484725478
1145,low,0.0083207731151232
1146,high,0.0341736855890928
1147,medium,0.0221227244997258
1148,low,0.0033474286673308
1149,medium,0.0222485698877022
1150,high,0.0470112266208877
1151,high,0.0948401607903821
1152,high,0.0570482358791127
1153,high,0.0226061745453309
1154,high,0.0631387804345477
1155,medium,0.0322294135431128
1156,low,0.0074204585593267
1157,medium,0.0285986628057496
1158,high,0.0270153940241091
1159,medium,0.0323717294242395
1160,low,0.0079364126137688
1161,high,0.04902221423833
1162,medium,0.0278690431778087
1163,high,0.0710444024610404
1164,low,0.0047289041557077
1165,low,0.0122409800254233
1166,medium,0.0374028142113825
1167,low,0.0078676145688769
1168,low,0.0160668773041599
1169,low,0.0110989916659407
1170,medium,0.0351888375878124
1171,medium,0.0145301308780674
1172,low,0.0068240267289609
1173,high,0.0308541163773457
1174,medium,0.0177779758546297
1175,high,0.0286210984518471
1176,high,0.0778018550561719
1177,high,0.0635036333960954
1178,low,0.0074909576226353
1179,medium,0.0114715231356424
1180,medium,0.0106794631050616
1181,medium,0.0259794047895614
1182,high,0.0731790089547876
1183,medium,0.0255613236552955
1184,high,0.0455295832719691
1185,medium,0.0164609214564021
1186,low,0.0062227763860955
1187,medium,0.0269658409680641
1188,high,0.0291526107402679
1189,medium,0.0319304154345466
1190,low,0.0133371816854201
1191,low,0.004573817312198
1192,low,0.0104009515635027
1193,low,0.0100453868391021
1194,high,0.0409682609090861
1195,medium,0.0202880649004652
1196,low,0.0059633955985075
1197,low,0.0193127224850536
1198,low,0.0061589494375993
1199,high,0.0654686822853766
1200,high,0.0799995731756361
1201,high,0.0492902030226789
1202,low,0.0079007751649714
1203,medium,0.0289911692363223
1204,medium,0.0109058105829444
1205,low,0.0054313671662171
1206,high,0.0437395427257231
1207,medium,0.0069365734776067
1208,medium,0.0209219678501955
1209,medium,0.0076581752679403
1210,low,0.0138959783574102
1211,medium,0.021536083052924
1212,low,0.004476487905037
1213,high,0.0257315752867694
1214,high,0.0585766936700007
1215,medium,0.0187954932643516
1216,high,0.0691847420742565
1217,high,0.083661114141545
1218,low,0.0092700459474444
1219,medium,0.0251631838480124
1220,high,0.050647896312804
1221,high,0.0532585366110915
1222,medium,0.0090135388242857
1223,high,0.0262682383346544
1224,medium,0.0180005096456915
1225,medium,0.0134482181776809
1226,low,0.0062664750805068
1227,high,0.0411420053045974
1228,low,0.01584982515625
1229,low,0.0069554857972756
1230,high,0.0567756952394106
1231,low,0.008658273941942
1232,low,0.0130639247317798
1233,low,0.0040658201335918
1234,medium,0.0470786732767392
1235,high,0.0668654052611056
1236,high,0.0317439792077096
1237,low,0.0035280657134868
1238,high,0.0825046870052198
1239,medium,0.0388486466353551
1240,medium,0.0410522589966953
1241,medium,0.0186359226795813
1242,high,0.0562383170183612
1243,high,0.0778291491650298
1244,medium,0.029161077440872
1245,low,0.0059184701013911
1246,low,0.0052026160981459
1247,low,0.0089891410313859
1248,high,0.0294857427348798
1249,medium,0.030860073593566
1250,medium,0.0140874261731811
1251,high,0.0372758960535857
1252,low,0.0072693464517894
1253,low,0.0128820824482922
1254,high,0.0766881623553364
1255,medium,0.0189095410078232
1256,high,0.043639861690703
1257,low,0.0154653385429322
1258,low,0.0087958688824834
1259,high,0.0291660126347917
1260,low,0.0065292434982616
1261,medium,0.0171823293381306
1262,high,0.0421191092374677
1263,medium,0.0246268725745503
1264,low,0.0061569226349786
1265,low,0.0135427969957839
1266,medium,0.0128758315616479
1267,high,0.042790257330061
1268,medium,0.0089425347235743
1269,medium,0.0318262546317203
1270,low,0.0020181742141648
1271,medium,0.0101358773615641
1272,low,0.0043257567812207
1273,low,0.0096808290395224
1274,medium,0.0299327163772283
1275,high,0.0394967039310888
1276,medium,0.0142045983020501
1277,low,0.0052769838276425
1278,high,0.0399103943279377
1279,medium,0.0403664059071985
1280,medium,0.0232822766531754
1281,low,0.0077020420375845
1282,low,0.0038960082623545
1283,low,0.0070377552740781
1284,low,0.0082770231467744
1285,high,0.0334628359452751
1286,low,0.0122608432393127
1287,high,0.0644327469332288
1288,high,0.0420364435142139
1289,low,0.0154139328710621
1290,low,0.0159793670111616
1291,medium,0.0247886635019369
1292,low,0.0139350629247037
1293,medium,0.0214284637836102
1294,high,0.0334965603472744
1295,medium,0.0327962024554948
1296,low,0.0191895779250539
1297,low,0.0049339199431317
1298,low,0.0120857360351465
1299,low,0.008470809590136
1300,low,0.0051798987743366
1301,high,0.0519571590313164
1302,medium,0.022566790217121
1303,medium,0.0119832558594555
1304,medium,0.0226677812360273
1305,low,0.0033898688378359
1306,low,0.0034374270895948
1307,high,0.0583277232770345
1308,medium,0.0161723457911753
1309,medium,0.0338786698262491
1310,medium,0.0186445456987778
1311,medium,0.0155022220456943
1312,medium,0.0121461614166141
1313,high,0.1020062112262079
1314,low,0.0107887403959974
1315,high,0.0690195435216592
1316,low,0.011781020815362
1317,low,0.0065270431429502
1318,medium,0.0169301501440968
1319,low,0.0018664311513355
1320,low,0.0106247636380791
1321,medium,0.0277703792315084
1322,medium,0.0117697365333952
1323,low,0.0138738122344092
1324,low,0.0065629430323983
1325,medium,0.0126064635599584
1326,low,0.0149689324534633
1327,low,0.0035416981429474
1328,high,0.0558643004450331
1329,medium,0.0346362537542639
1330,low,0.0157983553714904
1331,high,0.0349381364643871
1332,high,0.0547489510846807
1333,low,0.0070108799348958
1334,low,0.0092470172487143
1335,low,0.0132996636097142
1336,high,0.0609113679950713
1337,medium,0.041134817783278
1338,low,0.0034787228605846
1339,high,0.057122731824188
1340,high,0.0563743171609081
1341,low,0.0038777921451166
1342,high,0.0343395786410093
1343,medium,0.0421414628895249
1344,medium,0.0493925259126605
1345,low,0.0035927636840886
1346,medium,0.0134776929005569
1347,medium,0.0445740428211661
1348,medium,0.0311903672849558
1349,medium,0.0416974308733381
1350,high,0.059502349834437
1351,medium,0.0295890342452209
1352,high,0.0683965850660686
1353,low,0.0090237640566591
1354,medium,0.0090285989246483
1355,high,0.0372458454295664
1356,high,0.0407441859341759
1357,low,0.0042108554420191
1358,medium,0.0156481733412854
1359,low,0.0197415985263824
1360,medium,0.0161667636181638
1361,medium,0.0213814226199978
1362,high,0.0757538217937799
1363,high,0.074594468099156
1364,high,0.0366649927195634
1365,medium,0.0296790281404636
1366,medium,0.0398445022820351
1367,low,0.0046779099720513
1368,medium,0.0278894308272476
1369,medium,0.0234106926530086
1370,medium,0.0285145876351439
1371,medium,0.0258109178357644
1372,high,0.0391104629752868
1373,medium,0.020796319083782
1374,high,0.0537424731656086
1375,medium,0.0258149534808513
1376,high,0.0735970682176995
1377,medium,0.0121352767435287
1378,high,0.030526288439044
1379,low,0.0126170161492083
1380,medium,0.0267640671920763
1381,medium,0.030585880174239
1382,low,0.0048428065068181
1383,low,0.0037751543765191
1384,low,0.0137842886535096
1385,high,0.0476907519929426
1386,low,0.0078012120581358
1387,low,0.0087438952685267
1388,low,0.0070997392668041
1389,high,0.0347429494140175
1390,medium,0.0118762633971938
1391,medium,0.0244968968071628
1392,low,0.0139370953200884
1393,low,0.0092567619905204
1394,low,0.0065054569276222
1395,high,0.0619230648035735
1396,high,0.0414270891179237
1397,medium,0.0228839022233129
1398,high,0.0604969688762725
1399,high,0.0756695395784428
1400,medium,0.0319028974151514
1401,low,0.0065596623208583
1402,high,0.0412535916277605
1403,medium,0.0103032550738279
1404,medium,0.0294283700554788
1405,medium,0.0415242364770189
1406,medium,0.0241370049220129
1407,high,0.071536314445297
1408,low,0.0085565053090347
1409,low,0.0035004455828868
1410,high,0.0737284952971691
1411,low,0.0061369623446778
1412,high,0.0602601762112592
1413,low,0.0076644154234037
1414,medium,0.0383016347454596
1415,high,0.0382857003156579
1416,medium,0.0432842977286992
1417,low,0.0064484902648323
1418,low,0.015780112077317
1419,medium,0.0145598970528077
1420,high,0.0890850606135173
1421,medium,0.0169795734547627
1422,medium,0.0378223159531064
1423,medium,0.0307725815330894
1424,low,0.0116435195749564
1425,medium,0.0138407121594369
1426,medium,0.0384637772054179
1427,medium,0.0323893826322863
1428,high,0.0566253359208142
1429,medium,0.0317580663320056
1430,medium,0.014039272639541
1431,medium,0.020198446483506
1432,medium,0.0128318936596982
1433,high,0.0233865649032441
1434,high,0.051918814734608
1435,low,0.003531247413107
1436,medium,0.0162686799309087
1437,high,0.0692087957768158
1438,medium,0.0452367840742064
1439,high,0.0357215680197258
1440,high,0.0515748345985808
1441,low,0.0105990004191721
1442,medium,0.0213846296444484
1443,low,0.0116523972976247
1444,high,0.0290486749000394
1445,medium,0.0258781317602924
1446,low,0.0098586369930687
1447,high,0.0482204580729842
1448,high,0.0416148367812785
1449,high,0.0709582265966162
1450,low,0.0079645304991765
1451,medium,0.0323663783950369
1452,medium,0.0134205074163755
1453,low,0.0069753807366404
1454,medium,0.0197262123893784
1455,medium,0.0197347183850523
1456,medium,0.0240922024945343
1457,high,0.047508667478643
1458,medium,0.0167735874018297
1459,medium,0.0278088804154197
1460,high,0.0613203878118131
1461,low,0.0051683296427596
1462,medium,0.0291157054559548
1463,medium,0.0180552743772427
1464,medium,0.0163539442722035
1465,medium,0.0262600489140227
1466,high,0.0411752884690288
1467,high,0.0356243507704663
1468,low,0.0079016603992411
1469,low,0.0059946290154446
1470,high,0.0477529536624495
1471,high,0.0763665138041539
1472,low,0.0036095320790783
1473,medium,0.0387022256661734
1474,medium,0.0106755610920817
1475,low,0.004366881726523
1476,high,0.0525910961461766
1477,medium,0.0105511607763918
1478,high,0.0491514475151678
1479,high,0.0661111208694667
1480,medium,0.0205657605396749
1481,medium,0.0447116391962235
1482,medium,0.0320127795412642
1483,high,0.029282300402275
1484,low,0.0048020269960792
1485,high,0.0351520126519951
1486,medium,0.0091856884242011
1487,low,0.0055074333818876
1488,low,0.0042083935765391
1489,low,0.0071466057375098
1490,high,0.0447615036756015
1491,low,0.0079154888610735
1492,low,0.0149572802399702
1493,low,0.014089685190269
1494,medium,0.0261354846427345
1495,high,0.04427884887049
1496,medium,0.0312652813290163
1497,medium,0.022912798564437
1498,medium,0.0177894644670408
1499,medium,0.032831369198143
1500,low,0.0050425800063876
1501,low,0.0088561710876532
1502,low,0.0108721107170949
1503,high,0.0486064549197273
1504,medium,0.0225439684360059
1505,low,0.0063415593201921
1506,high,0.0248905605231265
1507,medium,0.0322705103244545
1508,low,0.012859502173313
1509,low,0.0070980274141549
1510,high,0.0528762453975264
1511,medium,0.0190291440568176
1512,medium,0.0190954000464727
1513,high,0.0875660298096233
1514,medium,0.0478752091961151
1515,high,0.0565376692673999
1516,medium,0.0245497060184734
1517,low,0.0018145332340351
1518,high,0.0608074270710023
1519,medium,0.017247235058395
1520,medium,0.0208250311418064
1521,medium,0.034945960564894
1522,low,0.0080223854835474
1523,high,0.0268837319428392
1524,low,0.006987247152287
1525,low,0.0136318133041431
1526,low,0.0071643496232142
1527,high,0.0276679449801592
1528,low,0.0127107083759686
1529,high,0.0269179830808169
1530,medium,0.0220102212402284
1531,high,0.081771799621227
1532,high,0.0798588952342202
1533,medium,0.0232766775532082
1534,low,0.0046300239096063
1535,high,0.0503739966453432
1536,medium,0.033298377045871
1537,medium,0.0172323103494733
1538,low,0.0131501662191968
1539,high,0.0673786715884608
1540,high,0.0282531604430441
1541,low,0.006130810452923
1542,high,0.0422810400034304
1543,low,0.0162974346365552
1544,high,0.0474780967390234
1545,low,0.0041847932951776
1546,high,0.0294213267175791
1547,high,0.068001503989743
1548,medium,0.0336702424461156
1549,medium,0.0284926056368088
1550,high,0.0648721310156819
1551,high,0.0404063629662548
1552,high,0.0788133441710595
1553,medium,0.0152347300636256
1554,high,0.0370641973050945
1555,medium,0.0252240113662855
1556,medium,0.041194177027927
1557,high,0.0704713600860089
1558,medium,0.0088810985998701
1559,low,0.0049653210536937
1560,high,0.0426783058773987
1561,low,0.0088754722922851
1562,low,0.0046473056333522
1563,low,0.0156109842854237
1564,medium,0.0132721017301474
1565,low,0.0037393311781017
1566,low,0.0049029648246967
1567,high,0.0260731557170861
1568,medium,0.0347391492692012
1569,medium,0.0173031915332834
1570,medium,0.0146213487977595
1571,high,0.0420865708752796
1572,medium,0.0106558977751708
1573,low,0.0068824642973009
1574,low,0.0052147942316788
1575,low,0.0072009326130473
1576,high,0.0426791396924044
1577,low,0.0063574249608425
1578,high,0.0732619004019586
1579,medium,0.0187642040143048
1580,medium,0.0177372848848721
1581,low,0.0044635147615079
1582,high,0.0767542155687248
1583,high,0.0435795644098169
1584,low,0.012916854532155
1585,low,0.0134098022004863
1586,medium,0.0388625657854925
1587,high,0.0397147782682179
1588,high,0.0416279129984283
1589,medium,0.0151203650921865
1590,high,0.0389486476948805
1591,medium,0.0312572997245571
1592,medium,0.0431008902772262
1593,high,0.03698998412744
1594,medium,0.0153827657658205
1595,medium,0.0262917231206346
1596,low,0.0097921970789482
1597,high,0.0694462710688502
1598,low,0.012566343209623
1599,low,0.0069937136615885
1600,high,0.0565341174781103
1601,medium,0.0174528848330036
1602,medium,0.0193157127854136
1603,low,0.0050333381529134
1604,high,0.0731193091830952
1605,low,0.0073315851168728
1606,medium,0.0405268308768639
1607,high,0.0584732617768544
1608,medium,0.033717201134889
1609,medium,0.0350107005466078
1610,high,0.0444189627788016
1611,high,0.071069677058528
1612,medium,0.0451260168997887
1613,high,0.0374096167231387
1614,medium,0.0478401728283047
1615,medium,0.0207946105329441
1616,medium,0.02465440677502
1617,medium,0.0137013914347544
1618,medium,0.0205614106597255
1619,high,0.0645004589288022
1620,medium,0.0124797776038852
1621,low,0.008184221693695
1622,low,0.0081639679646517
1623,high,0.0589806208354374
1624,high,0.0734129518014423
1625,medium,0.0087939956392452
1626,medium,0.0473581793732567
1627,low,0.008979550881509
1628,medium,0.0216577144025353
1629,high,0.0451074873748391
1630,low,0.0129908994369508
1631,low,0.0132513523726783
1632,high,0.0393283335679628
1633,low,0.0081611112761377
1634,low,0.0084766758011404
1635,medium,0.0273637853652001
1636,medium,0.0202286534890883
1637,low,0.0190320918971597
1638,low,0.0082008742189352
1639,medium,0.023089547602908
1640,high,0.054864156972316
1641,medium,0.0240447726067238
1642,low,0.0071903661487433
1643,high,0.0792035908637804
1644,low,0.0164164048636049
1645,high,0.0625475525455602
1646,medium,0.0345040366570398
1647,medium,0.0185423067866656
1648,medium,0.0130816681739172
1649,high,0.0705877779368941
1650,low,0.0097671290762267
1651,high,0.0537025068704515
1652,medium,0.0232123510146189
1653,medium,0.0083833129969253
1654,high,0.0761696920601932
1655,high,0.0317822711610495
1656,high,0.094069672238345
1657,low,0.0119982658700896
1658,medium,0.022625970798712
1659,high,0.0453502496925547
1660,low,0.0159950511274249
1661,medium,0.0207336852469679
1662,low,0.0070377868452488
1663,low,0.0126431466021597
1664,low,0.0029435793511065
1665,low,0.0068920697265069
1666,medium,0.0236201258808209
1667,low,0.0099512143618298
1668,low,0.005670906807045
1669,low,0.0065994620581434
1670,medium,0.0140609809823101
1671,high,0.0310532138416901
1672,medium,0.0141104640826369
1673,low,0.0093145044499686
1674,low,0.0132180893439427
1675,low,0.010644121770173
1676,low,0.003534723926894
1677,high,0.0427745429604725
1678,low,0.0018944768168622
1679,high,0.0528792651929213
1680,high,0.0395448861754976
1681,medium,0.0395609718317561
1682,low,0.0103733062296788
1683,low,0.0087038073689148
1684,medium,0.0194132151307809
1685,low,0.0160144928615988
1686,high,0.0533887868976516
1687,high,0.0451532602973317
1688,low,0.0117329545515979
1689,high,0.0957244866148336
1690,medium,0.027432647728482
1691,high,0.0434983360380091
1692,medium,0.0431974352249594
1693,high,0.0359653101308043
1694,medium,0.0304162996960043
1695,medium,0.0217569885503169
1696,high,0.0569954789630037
1697,medium,0.0271487675841431
1698,high,0.0793110965914482
1699,medium,0.0148403438236985
1700,medium,0.0287170427852689
1701,high,0.0358679865333865
1702,high,0.0596868935567205
1703,low,0.005696124648948
1704,low,0.0102783787452899
1705,medium,0.0186090825314126
1706,medium,0.0293102086722777
1707,low,0.0102558060338552
1708,high,0.0454350888992991
1709,low,0.0032423961698653
1710,low,0.0046655700875752
1711,low,0.0099821888382821
1712,medium,0.0216393949353561
1713,low,0.0166008884825296
1714,medium,0.0176288294692231
1715,medium,0.032102874971921
1716,low,0.0078692584632441
1717,low,0.0091380192900596
1718,high,0.0424148766121278
1719,medium,0.0141716497754297
1720,low,0.0129291290098042
1721,high,0.0442210984997519
1722,high,0.0922914400447485
1723,low,0.0031028540447258
1724,medium,0.0282750430686756
1725,high,0.0440546379381382
1726,high,0.0343582254477188
1727,low,0.004451082851666
1728,medium,0.0177766635614906
1729,high,0.0556696943527514
1730,medium,0.012562971306399
1731,low,0.0055725553602081
1732,medium,0.0172771178465401
1733,high,0.0681754677085765
1734,high,0.0583502082346799
1735,low,0.0052800903096588
1736,high,0.0489165459820267
1737,medium,0.0243475538941999
1738,low,0.0116837145497191
1739,medium,0.0256000130952109
1740,high,0.0303001592435896
1741,low,0.0073552490929534
1742,medium,0.0155238488942365
1743,high,0.0784156587388885
1744,low,0.0062189155988023
1745,high,0.0899974747152986
1746,medium,0.0300188329365172
1747,low,0.0072285008193212
1748,low,0.0061397826266144
1749,low,0.0074049858562618
1750,medium,0.0158615530054302
1751,medium,0.0383012463343022
1752,low,0.0067993431733888
1753,high,0.0749100576983968
1754,medium,0.0127684642908586
1755,medium,0.0232354745136717
1756,low,0.0071902648660026
1757,medium,0.0266895761393323
1758,medium,0.0330181941893298
1759,low,0.0084084592355048
1760,low,0.0098545349058253
1761,medium,0.017103571076219
1762,high,0.0385333580184152
1763,high,0.042917787017958
1764,medium,0.0195959480788899
1765,high,0.036926526814779
1766,medium,0.0089042020663055
1767,low,0.016145881622896
1768,high,0.0417237692527938
1769,low,0.0060901478322175
1770,medium,0.0372301179768051
1771,high,0.0512907536242809
1772,low,0.0051485484226452
1773,high,0.0578249939996205
1774,medium,0.0120421152650301
1775,medium,0.0165040371422744
1776,medium,0.0372648711070486
1777,medium,0.0151081842664359
1778,low,0.0058104815623313
1779,high,0.0586077622793817
1780,low,0.01279840068829
1781,medium,0.0226768365856991
1782,medium,0.0357103156381749
1783,high,0.0673224388645736
1784,low,0.0048243470372934
1785,high,0.0937956376775069
1786,low,0.0059052343718329
1787,medium,0.039557438523269
1788,low,0.0129038227753969
1789,low,0.0032971326631396
1790,low,0.0066804336570545
1791,medium,0.0201001516031678
1792,low,0.0060287375828156
1793,low,0.0071919593030297
1794,medium,0.0137869859522887
1795,low,0.0124543319243495
1796,low,0.0093871374069828
1797,low,0.0098757210357179
1798,high,0.0667527943349001
1799,high,0.0450210692432859
1800,low,0.005602767404108
1801,low,0.0057114675188779
1802,high,0.1038559419007926
1803,high,0.0893275613786069
1804,medium,0.0242047675634345
1805,medium,0.0219192422616482
1806,low,0.0094393222132724
1807,high,0.0620436380772107
1808,high,0.0427684192226607
1809,low,0.0059349176410818
1810,medium,0.0276449667358103
1811,low,0.0057070304755051
1812,low,0.0030184721300755
1813,low,0.0052553224971128
1814,low,0.0043192277942376
1815,medium,0.0128875012590962
1816,high,0.030136234355651
1817,low,0.0058902825632669
1818,low,0.0041763806578401
1819,medium,0.027570899605276
1820,medium,0.0494156917311629
1821,high,0.0492579911372752
1822,high,0.0383494584838662
1823,low,0.0164157347164214
1824,medium,0.016451896344736
1825,low,0.0053121331151498
1826,medium,0.0160273249876059
1827,medium,0.0204745353280241
1828,low,0.0082460251758305
1829,low,0.0097067711499678
1830,low,0.0090517612678009
1831,high,0.0672082693826427
1832,low,0.0112922645921673
1833,low,0.005218532316007
1834,medium,0.0195748580341695
1835,high,0.0970116375987154
1836,medium,0.0167566650728345
1837,medium,0.0132160414263283
1838,low,0.0168320600682745
1839,high,0.0282435485665211
1840,medium,0.0149880311426565
1841,medium,0.0320740182815598
1842,high,0.056282872656929
1843,high,0.0456104322927627
1844,low,0.0059155072629808
1845,low,0.0064482719060005
1846,medium,0.0299261893216557
1847,low,0.0093159079087775
1848,low,0.0069073750155756
1849,medium,0.0164868824515832
1850,medium,0.0136021641456069
1851,medium,0.0267978493683777
1852,medium,0.0163431699862045
1853,low,0.008992918275287
1854,high,0.0333049095688082
1855,high,0.0521539656853639
1856,low,0.0158586267803364
1857,high,0.065235874067205
1858,medium,0.0167181092528245
1859,low,0.0166594645073309
1860,high,0.0380983576772274
1861,high,0.0394908279530456
1862,medium,0.0137624745193315
1863,low,0.0092255411704919
1864,medium,0.0202661020538754
1865,low,0.0027186768664887
1866,low,0.0099038220603786
1867,high,0.0449755147310487
1868,medium,0.0384984421825845
1869,low,0.0100208708896066
1870,medium,0.0167175437172856
1871,high,0.0489313413151724
1872,low,0.0099840129136894
1873,medium,0.0283029273023849
1874,low,0.0049481964186021
1875,low,0.0082307357902556
1876,medium,0.0121373837957954
1877,low,0.0055668699915618
1878,high,0.0265227579866228
1879,low,0.0148049636980702
1880,low,0.0152179801378173
1881,high,0.0311328413700463
1882,high,0.048727631401299
1883,medium,0.0462695185746194
1884,medium,0.0187453575499303
1885,medium,0.0301672400477767
1886,low,0.0074480372532783
1887,high,0.0405765315101509
1888,medium,0.0191786635509569
1889,low,0.0068725500808723
1890,high,0.0401987986199919
1891,high,0.0771980469525686
1892,high,0.0297431858474259
1893,low,0.0116129749284164
1894,medium,0.0329475251497907
1895,low,0.0085309967588413
1896,high,0.0349008209756432
1897,low,0.0090765479243054
1898,low,0.0072470713298503
1899,high,0.0383184592718525
1900,low,0.0072883518853004
1901,medium,0.0500986626173682
1902,medium,0.0264703249529148
1903,medium,0.0169104858323248
1904,medium,0.0208107134957355
1905,high,0.0214932534947273
1906,high,0.0339060106189091
1907,medium,0.0123040276787726
1908,high,0.0422627461185683
1909,high,0.0628819456206207
1910,low,0.0104656173784028
1911,high,0.0622631449443557
1912,medium,0.019030911502145
1913,low,0.0083228113862972
1914,high,0.0469970637573577
1915,high,0.0470344821512245
1916,medium,0.0198904999349263
1917,medium,0.0126592362241537
1918,low,0.007959109038508
1919,low,0.0117060201508829
1920,medium,0.0289511590603052
1921,high,0.0363742050991412
1922,low,0.0109682003998949
1923,low,0.0106565312010753
1924,high,0.0382834882804114
1925,high,0.0794127713944056
1926,medium,0.0300577519721614
1927,low,0.0089442442169786
1928,medium,0.0165753407545666
1929,high,0.0275225583130214
1930,high,0.0488118162058623
1931,high,0.0358235059502152
1932,medium,0.0262550812012259
1933,medium,0.031620962933563
1934,medium,0.0258775810076234
1935,high,0.0286772659008256
1936,low,0.0086146839978379
1937,low,0.0087640494812627
1938,high,0.0446907203676985
1939,low,0.0079584746341292
1940,high,0.0552160309410551
1941,low,0.0079294707032454
1942,high,0.0454746931109349
1943,medium,0.0092735548084231
1944,high,0.058851828914647
1945,low,0.0019842890132405
1946,high,0.053145248834436
1947,high,0.087220214156678
1948,low,0.0061694382543964
1949,high,0.0801115540807232
1950,high,0.0872783944822643
1951,high,0.0444726678426766
1952,high,0.0567190834707111
1953,low,0.0091628168735569
1954,high,0.068429629809345
1955,medium,0.0194727752855567
1956,medium,0.0218575569780288
1957,high,0.0510692215791166
1958,high,0.0252171698275656
1959,medium,0.0342510912264262
1960,high,0.046366219480155
1961,low,0.0054240643002939
1962,low,0.0096898750193048
1963,low,0.0083281384614059
1964,low,0.0037365400557193
1965,high,0.086033782026579
1966,medium,0.0356134043841676
1967,medium,0.0247780211843256
1968,medium,0.0276536643785978
1969,high,0.0404950585258549
1970,high,0.0619731558421523
1971,high,0.0605477218474162
1972,high,0.0867471773508725
1973,high,0.0947622847489665
1974,low,0.0107778498937381
1975,high,0.0709509681802153
1976,low,0.0064623642225598
1977,low,0.0136692334358345
1978,low,0.0067756283288792
1979,medium,0.0499555502750908
1980,medium,0.028555830158429
1981,high,0.0625300874237481
1982,low,0.0059113221886959
1983,low,0.0172680069764297
1984,medium,0.0248438448849152
1985,low,0.0090670701006373
1986,low,0.0068433388353573
1987,medium,0.025409876940284
1988,high,0.0618645564493692
1989,high,0.0593515467011932
1990,low,0.0094475044583316
1991,high,0.0591441680328323
1992,low,0.0095168316968864
1993,medium,0.023198111618031
1994,medium,0.0165965645080905
1995,high,0.0284031431226806
1996,high,0.0523776301716525
1997,high,0.0509840315685593
1998,high,0.0600118840558451
1999,medium,0.0390357557361338
2000,medium,0.0141477898469585
2001,high,0.0325164033877347
2002,low,0.0092239127633656
2003,high,0.0905899570553694
2004,low,0.0087287787804958
2005,low,0.008772987283951
2006,high,0.0632726799361794
2007,medium,0.0224459099355132
2008,high,0.0428519780170704
2009,high,0.041764316297934
2010,low,0.0064064920804165
2011,high,0.0479744532176273
2012,medium,0.0098841778298056
2013,high,0.0501086053804925
2014,medium,0.0219087268880774
2015,high,0.0721366254470905
2016,medium,0.0135824006109392
2017,low,0.0051735687366393
2018,medium,0.0091162039730144
2019,high,0.0416679884799591
2020,medium,0.0400535477651369
2021,low,0.011776090818652
2022,high,0.0457021113802263
2023,low,0.014793536380779
2024,low,0.008273376393301
2025,high,0.0868025110214763
2026,low,0.00729260705937
2027,medium,0.0446257426771498
2028,low,0.0065968657852127
2029,medium,0.0172385246653807
2030,medium,0.0083010497364946
2031,medium,0.0257136088107015
2032,low,0.0033241957851665
2033,high,0.0500213036335616
2034,high,0.0583974549098525
2035,medium,0.0328895210816751
2036,high,0.0376285633399586
2037,high,0.0428148547063639
2038,high,0.0287948001822493
2039,high,0.0337045730558881
2040,high,0.0889345373654699
2041,high,0.0419208473649215
2042,medium,0.0240049775432601
2043,high,0.0537386425517073
2044,high,0.0298007951278742
2045,low,0.0131368210951641
2046,medium,0.048284445066337
2047,low,0.0065221116117487
