time,S_reference,S_prediction,S_absolute_error,E_reference,E_prediction,E_absolute_error,I_reference,I_prediction,I_absolute_error
0.0,0.8921982645988464,0.8921319246292114,6.633996963500977e-05,0.0246480293571949,0.024691736325621605,4.370696842670441e-05,0.05037585645914078,0.050420086830854416,4.4230371713638306e-05
0.05000000074505806,0.8913618326187134,0.8912734985351562,8.83340835571289e-05,0.025467555969953537,0.02544020675122738,2.7349218726158142e-05,0.04992426186800003,0.04998410865664482,5.984678864479065e-05
0.10000000149011612,0.8905206322669983,0.8904394507408142,8.118152618408203e-05,0.02629140019416809,0.026242250576615334,4.914961755275726e-05,0.049478109925985336,0.04953601583838463,5.790591239929199e-05
0.15000000596046448,0.8896792531013489,0.8896253705024719,5.3882598876953125e-05,0.027114253491163254,0.02706400491297245,5.024857819080353e-05,0.04903798550367355,0.049087587743997574,4.9602240324020386e-05
0.20000000298023224,0.888841986656189,0.8888241648674011,1.7821788787841797e-05,0.02793179824948311,0.02788248099386692,4.931725561618805e-05,0.04860392585396767,0.04864617809653282,4.225224256515503e-05
0.25,0.8880118727684021,0.8880268931388855,1.5020370483398438e-05,0.028741255402565002,0.028685862198472023,5.539320409297943e-05,0.04817553237080574,0.04821501672267914,3.948435187339783e-05
0.30000001192092896,0.8871906399726868,0.8872252106666565,3.457069396972656e-05,0.02954155020415783,0.029471667483448982,6.988272070884705e-05,0.04775211587548256,0.04779371619224548,4.1600316762924194e-05
0.3499999940395355,0.886378824710846,0.8864171504974365,3.832578659057617e-05,0.03033294342458248,0.030243543907999992,8.939951658248901e-05,0.04733288288116455,0.04737965017557144,4.676729440689087e-05
0.4000000059604645,0.8855763077735901,0.8856051564216614,2.8848648071289062e-05,0.031116120517253876,0.031007809564471245,0.00010831095278263092,0.046917110681533813,0.046969618648290634,5.250796675682068e-05
0.44999998807907104,0.8847836256027222,0.884798526763916,1.4901161193847656e-05,0.03189106285572052,0.03176978603005409,0.00012127682566642761,0.046504389494657516,0.04656118527054787,5.679577589035034e-05
0.5,0.8840020298957825,0.8840030431747437,1.0132789611816406e-06,0.03265625983476639,0.03253176808357239,0.00012449175119400024,0.04609481245279312,0.046153366565704346,5.8554112911224365e-05
0.550000011920929,0.8832337856292725,0.8832250237464905,8.761882781982422e-06,0.033408720046281815,0.03329228237271309,0.00011643767356872559,0.04568910598754883,0.045747071504592896,5.796551704406738e-05
0.6000000238418579,0.8824810981750488,0.882465660572052,1.5437602996826172e-05,0.034144964069128036,0.03404686227440834,9.810179471969604e-05,0.0452885776758194,0.045344315469264984,5.573779344558716e-05
0.6499999761581421,0.8817446231842041,0.8817219734191895,2.2649765014648438e-05,0.03486255928874016,0.034790247678756714,7.231160998344421e-05,0.04489483684301376,0.044947873800992966,5.303695797920227e-05
0.699999988079071,0.8810228109359741,0.8809882402420044,3.457069396972656e-05,0.03556148707866669,0.03551828861236572,4.3198466300964355e-05,0.044509388506412506,0.04456014931201935,5.076080560684204e-05
0.75,0.8803116679191589,0.880259096622467,5.257129669189453e-05,0.036244746297597885,0.03622971475124359,1.5031546354293823e-05,0.04413319751620293,0.04418262466788292,4.9427151679992676e-05
0.800000011920929,0.8796052932739258,0.879528820514679,7.647275924682617e-05,0.036917950958013535,0.03692673146724701,8.780509233474731e-06,0.04376640170812607,0.043815549463033676,4.914775490760803e-05
0.8500000238418579,0.8788971900939941,0.8787940740585327,0.00010311603546142578,0.03758823126554489,0.037614140659570694,2.5909394025802612e-05,0.04340824484825134,0.04345763847231865,4.939362406730652e-05
0.8999999761581421,0.878181517124176,0.8780560493469238,0.00012546777725219727,0.03826291859149933,0.03829772397875786,3.480538725852966e-05,0.04305718466639519,0.043106988072395325,4.980340600013733e-05
0.949999988079071,0.8774538636207581,0.877322256565094,0.0001316070556640625,0.038948506116867065,0.038982659578323364,3.415346145629883e-05,0.04271114617586136,0.04276154562830925,5.0399452447891235e-05
1.0,0.8767114877700806,0.8765985369682312,0.00011295080184936523,0.03964993730187416,0.03967084363102913,2.0906329154968262e-05,0.042367786169052124,0.04241976886987686,5.198270082473755e-05
1.0499999523162842,0.8759663105010986,0.8758927583694458,7.355213165283203e-05,0.040353454649448395,0.04036058858036995,7.1339309215545654e-06,0.04202890023589134,0.04208126664161682,5.2366405725479126e-05
1.100000023841858,0.8752310276031494,0.8752026557922363,2.8371810913085938e-05,0.04104306921362877,0.04104705899953842,3.98978590965271e-06,0.04169780761003494,0.041746798902750015,4.899129271507263e-05
1.149999976158142,0.8745054006576538,0.8745207786560059,1.537799835205078e-05,0.04171891137957573,0.04172347113490105,4.559755325317383e-06,0.04137443006038666,0.04141769930720329,4.326924681663513e-05
1.2000000476837158,0.8737893104553223,0.8738357424736023,4.64320182800293e-05,0.042381152510643005,0.042383596301078796,2.4437904357910156e-06,0.041058674454689026,0.041095804423093796,3.71299684047699e-05
1.25,0.87308269739151,0.8731430768966675,6.03795051574707e-05,0.04302997514605522,0.04302385821938515,6.116926670074463e-06,0.0407504178583622,0.04078242555260658,3.2007694244384766e-05
1.2999999523162842,0.8723853230476379,0.8724448084831238,5.9485435485839844e-05,0.043665561825037,0.0436440072953701,2.1554529666900635e-05,0.040449533611536026,0.04047815874218941,2.8625130653381348e-05
1.350000023841858,0.8716970682144165,0.8717479705810547,5.0902366638183594e-05,0.044288091361522675,0.04424693435430527,4.1157007217407227e-05,0.04015590250492096,0.04018274322152138,2.684071660041809e-05
1.399999976158142,0.8710178732872009,0.8710606098175049,4.273653030395508e-05,0.04489772021770477,0.04483727365732193,6.044656038284302e-05,0.03986939415335655,0.03989558666944504,2.6192516088485718e-05
1.4500000476837158,0.8703476190567017,0.8703815340995789,3.3915042877197266e-05,0.04549458250403404,0.04541958495974541,7.499754428863525e-05,0.03958989679813385,0.03961551561951637,2.5618821382522583e-05
1.5,0.8696861863136292,0.8697085380554199,2.2351741790771484e-05,0.04607883095741272,0.04599686712026596,8.196383714675903e-05,0.039317287504673004,0.039341989904642105,2.4702399969100952e-05
1.5499999523162842,0.8690335154533386,0.8690398335456848,6.318092346191406e-06,0.04665062204003334,0.0465703159570694,8.030608296394348e-05,0.03905143216252327,0.039074450731277466,2.3018568754196167e-05
1.600000023841858,0.8683894276618958,0.8683769702911377,1.245737075805664e-05,0.04721016064286232,0.047138992697000504,7.11679458618164e-05,0.038792189210653305,0.03881300613284111,2.0816922187805176e-05
1.649999976158142,0.867753803730011,0.8677270412445068,2.676248550415039e-05,0.04775768145918846,0.047700632363557816,5.704909563064575e-05,0.038539398461580276,0.03855805844068527,1.8659979104995728e-05
1.7000000476837158,0.8671265244483948,0.8670946955680847,3.1828880310058594e-05,0.04829346388578415,0.04825196415185928,4.149973392486572e-05,0.03829289227724075,0.0383097305893898,1.683831214904785e-05
1.75,0.8665072917938232,0.8664810061454773,2.6285648345947266e-05,0.048817794770002365,0.04878988862037659,2.7906149625778198e-05,0.0380525216460228,0.03806798905134201,1.5467405319213867e-05
1.7999999523162842,0.8658959269523621,0.8658802509307861,1.5676021575927734e-05,0.0493309423327446,0.049312032759189606,1.8909573554992676e-05,0.037818145006895065,0.037832487374544144,1.4342367649078369e-05
1.850000023841858,0.8652923107147217,0.8652852177619934,7.092952728271484e-06,0.049833133816719055,0.049817536026239395,1.5597790479660034e-05,0.037589672952890396,0.03760268911719322,1.3016164302825928e-05
1.899999976158142,0.864696204662323,0.864692747592926,3.4570693969726562e-06,0.05032452568411827,0.05030747130513191,1.7054378986358643e-05,0.037367042154073715,0.03737823665142059,1.1194497346878052e-05
1.9500000476837158,0.8641075491905212,0.8641049265861511,2.6226043701171875e-06,0.05080521106719971,0.05078389495611191,2.1316111087799072e-05,0.03715022653341293,0.03715905547142029,8.828938007354736e-06
2.0,0.8635262250900269,0.8635257482528687,4.76837158203125e-07,0.05127520486712456,0.05124928057193756,2.592429518699646e-05,0.03693922609090805,0.036945391446352005,6.165355443954468e-06
2.049999952316284,0.8629521131515503,0.862956166267395,4.0531158447265625e-06,0.05173451825976372,0.051705654710531235,2.886354923248291e-05,0.036734044551849365,0.03673795238137245,3.907829523086548e-06
2.0999999046325684,0.8623852133750916,0.8623934388160706,8.225440979003906e-06,0.05218334123492241,0.05215374007821083,2.960115671157837e-05,0.036534570157527924,0.036537546664476395,2.9765069484710693e-06
2.1500000953674316,0.8618252277374268,0.8618335127830505,8.285045623779297e-06,0.052621908485889435,0.05259345471858978,2.84537672996521e-05,0.03634066879749298,0.03634457662701607,3.907829523086548e-06
2.200000047683716,0.8612719774246216,0.8612727522850037,7.748603820800781e-07,0.05305046588182449,0.053023990243673325,2.6475638151168823e-05,0.03615222126245499,0.036159250885248184,7.029622793197632e-06
2.25,0.860725462436676,0.8607138395309448,1.1622905731201172e-05,0.05346924066543579,0.05344501510262489,2.4225562810897827e-05,0.0359690897166729,0.03598111495375633,1.2025237083435059e-05
2.299999952316284,0.8601853251457214,0.8601627945899963,2.2530555725097656e-05,0.053878460079431534,0.053856294602155685,2.216547727584839e-05,0.03579115867614746,0.03580921143293381,1.8052756786346436e-05
2.3499999046325684,0.8596515655517578,0.8596263527870178,2.5212764739990234e-05,0.05427835136651993,0.054258331656455994,2.0019710063934326e-05,0.03561830148100853,0.035642217844724655,2.3916363716125488e-05
2.4000000953674316,0.859123945236206,0.8591048717498779,1.9073486328125e-05,0.05466913431882858,0.05465180426836014,1.7330050468444824e-05,0.035450395196676254,0.035478994250297546,2.8599053621292114e-05
2.450000047683716,0.8586023449897766,0.8585947751998901,7.569789886474609e-06,0.05505102127790451,0.05503711849451065,1.3902783393859863e-05,0.03528732806444168,0.035318683832883835,3.135576844215393e-05
2.5,0.8580866456031799,0.8580885529518127,1.9073486328125e-06,0.055424224585294724,0.055414825677871704,9.39890742301941e-06,0.03512898087501526,0.03516113758087158,3.215670585632324e-05
2.549999952316284,0.8575766086578369,0.8575833439826965,6.735324859619141e-06,0.055788956582546234,0.05578480660915375,4.149973392486572e-06,0.034975241869688034,0.035007037222385406,3.1795352697372437e-05
2.5999999046325684,0.8570722341537476,0.8570787906646729,6.556510925292969e-06,0.05614541843533516,0.05614668130874634,1.2628734111785889e-06,0.034825995564460754,0.03485725075006485,3.125518560409546e-05
2.6500000953674316,0.8565732836723328,0.8565797209739685,6.4373016357421875e-06,0.056493811309337616,0.05649975314736366,5.941838026046753e-06,0.034681133925914764,0.03471251204609871,3.13781201839447e-05
2.700000047683716,0.856079638004303,0.8560896515846252,1.0013580322265625e-05,0.056834325194358826,0.05684317275881767,8.847564458847046e-06,0.03454055264592171,0.034572865813970566,3.231316804885864e-05
2.75,0.8555911779403687,0.8556082844734192,1.710653305053711e-05,0.05716715380549431,0.057176269590854645,9.115785360336304e-06,0.03440414369106293,0.034437499940395355,3.335624933242798e-05
2.799999952316284,0.8551077842712402,0.8551344871520996,2.6702880859375e-05,0.05749247968196869,0.05749906226992607,6.582587957382202e-06,0.034271806478500366,0.0343051441013813,3.333762288093567e-05
2.8499999046325684,0.8546293377876282,0.8546630144119263,3.36766242980957e-05,0.05781048163771629,0.05781172960996628,1.2479722499847412e-06,0.034143440425395966,0.034174248576164246,3.080815076828003e-05
2.9000000953674316,0.8541557192802429,0.8541959524154663,4.023313522338867e-05,0.05812133848667145,0.05811556056141853,5.777925252914429e-06,0.034018948674201965,0.03404419496655464,2.524629235267639e-05
2.950000047683716,0.8536868095397949,0.8537296652793884,4.285573959350586e-05,0.05842522159218788,0.05841179937124252,1.3422220945358276e-05,0.033898234367370605,0.03391515463590622,1.6920268535614014e-05
3.0,0.8532224893569946,0.8532658815383911,4.3392181396484375e-05,0.05872230976819992,0.05870150029659271,2.0809471607208252e-05,0.03378120809793472,0.03378843143582344,7.223337888717651e-06
3.049999952316284,0.8527626395225525,0.8528031706809998,4.0531158447265625e-05,0.059012770652770996,0.05898542329668999,2.734735608100891e-05,0.03366776928305626,0.0336659699678421,1.7993152141571045e-06
3.0999999046325684,0.852307140827179,0.8523421287536621,3.49879264831543e-05,0.059296779334545135,0.05926436185836792,3.2417476177215576e-05,0.03355783224105835,0.03354957699775696,8.255243301391602e-06
3.1500000953674316,0.8518559336662292,0.8518853187561035,2.9385089874267578e-05,0.05957450345158577,0.05953909084200859,3.5412609577178955e-05,0.033451300114393234,0.03344051539897919,1.0784715414047241e-05
3.200000047683716,0.8514087796211243,0.8514331579208374,2.4378299713134766e-05,0.059846099466085434,0.05981007590889931,3.602355718612671e-05,0.03334809094667435,0.033338628709316254,9.462237358093262e-06
3.25,0.850965678691864,0.8509876728057861,2.199411392211914e-05,0.06011173129081726,0.06007791683077812,3.3814460039138794e-05,0.03324811905622482,0.03324303776025772,5.081295967102051e-06
3.299999952316284,0.8505265116691589,0.8505449891090393,1.8477439880371094e-05,0.060371555387973785,0.060342300683259964,2.925470471382141e-05,0.0331512987613678,0.03315174952149391,4.507601261138916e-07
3.3499999046325684,0.8500911593437195,0.850100576877594,9.417533874511719e-06,0.06062571704387665,0.06060268357396126,2.3033469915390015e-05,0.033057548105716705,0.03306296467781067,5.416572093963623e-06
3.4000000953674316,0.8496595025062561,0.8496572375297546,2.2649765014648438e-06,0.06087436527013779,0.06085814908146858,1.6216188669204712e-05,0.03296678885817528,0.03297556936740875,8.780509233474731e-06
3.450000047683716,0.849231481552124,0.8492167592048645,1.4722347259521484e-05,0.06111764535307884,0.06110803410410881,9.611248970031738e-06,0.03287894278764725,0.03288897126913071,1.0028481483459473e-05
3.5,0.8488069772720337,0.8487875461578369,1.9431114196777344e-05,0.06135569512844086,0.061351899057626724,3.7960708141326904e-06,0.03279393911361694,0.03280354663729668,9.607523679733276e-06
3.549999952316284,0.8483859300613403,0.8483718037605286,1.4126300811767578e-05,0.061588652431964874,0.06158958002924919,9.275972843170166e-07,0.0327116958796978,0.03271997347474098,8.277595043182373e-06
3.5999999046325684,0.8479681611061096,0.8479697108268738,1.5497207641601562e-06,0.06181664764881134,0.061820972710847855,4.325062036514282e-06,0.032632146030664444,0.03263872116804123,6.575137376785278e-06
3.6500000953674316,0.8475537300109863,0.8475730419158936,1.9311904907226562e-05,0.0620398111641407,0.06204606965184212,6.258487701416016e-06,0.032555218786001205,0.03256000205874443,4.783272743225098e-06
3.700000047683716,0.8471424579620361,0.8471719622612,2.950429916381836e-05,0.062258269637823105,0.06226535513997078,7.0855021476745605e-06,0.03248084709048271,0.03248364478349686,2.7976930141448975e-06
3.75,0.8467342853546143,0.8467658162117004,3.153085708618164e-05,0.0624721460044384,0.0624791719019413,7.02589750289917e-06,0.03240896016359329,0.03240954130887985,5.811452865600586e-07
3.799999952316284,0.8463290929794312,0.8463554978370667,2.6404857635498047e-05,0.06268155574798584,0.06268820911645889,6.6533684730529785e-06,0.03233949840068817,0.032337501645088196,1.996755599975586e-06
3.8499999046325684,0.8459268808364868,0.8459493517875671,2.2470951080322266e-05,0.06288662552833557,0.06289295852184296,6.332993507385254e-06,0.03227239474654198,0.03226788714528084,4.507601261138916e-06
3.9000000953674316,0.8455274701118469,0.845552921295166,2.5451183319091797e-05,0.06308745592832565,0.06309359520673752,6.139278411865234e-06,0.032207589596509933,0.03220105171203613,6.537884473800659e-06
3.950000047683716,0.8451308608055115,0.8451650738716125,3.421306610107422e-05,0.06328416615724564,0.06328964978456497,5.4836273193359375e-06,0.032145023345947266,0.03213731572031975,7.7076256275177e-06
4.0,0.8447369933128357,0.8447803854942322,4.3392181396484375e-05,0.06347686052322388,0.06348035484552383,3.4943222999572754e-06,0.0320846326649189,0.03207668289542198,7.949769496917725e-06
4.050000190734863,0.84434574842453,0.8443893194198608,4.357099533081055e-05,0.06366564333438873,0.06366467475891113,9.685754776000977e-07,0.03202636539936066,0.03201868385076523,7.681548595428467e-06
4.099999904632568,0.8439571261405945,0.8439887762069702,3.165006637573242e-05,0.06385061889886856,0.06384243816137314,8.180737495422363e-06,0.03197016194462776,0.031962741166353226,7.420778274536133e-06
4.150000095367432,0.8435709476470947,0.8435856699943542,1.4722347259521484e-05,0.06403188407421112,0.06401444971561432,1.7434358596801758e-05,0.031915970146656036,0.031908150762319565,7.819384336471558e-06
4.199999809265137,0.8431872725486755,0.8431886434555054,1.3709068298339844e-06,0.06420954316854477,0.06418238580226898,2.7157366275787354e-05,0.0318637378513813,0.03185444325208664,9.294599294662476e-06
4.25,0.8428059220314026,0.8428082466125488,2.3245811462402344e-06,0.06438367813825607,0.0643480196595192,3.565847873687744e-05,0.03181341290473938,0.0318014957010746,1.1917203664779663e-05
4.300000190734863,0.8424268960952759,0.8424447774887085,1.7881393432617188e-05,0.06455438584089279,0.0645124688744545,4.191696643829346e-05,0.03176494315266609,0.03174928203225136,1.5661120414733887e-05
4.349999904632568,0.8420501947402954,0.8420892953872681,3.910064697265625e-05,0.06472176313400269,0.06467621773481369,4.554539918899536e-05,0.031718283891677856,0.03169843181967735,1.985207200050354e-05
4.400000095367432,0.8416756391525269,0.8417331576347351,5.751848220825195e-05,0.06488588452339172,0.06483882665634155,4.70578670501709e-05,0.031673382967710495,0.03164994344115257,2.3439526557922363e-05
4.449999809265137,0.8413032293319702,0.8413681387901306,6.490945816040039e-05,0.06504684686660767,0.06499973684549332,4.7110021114349365e-05,0.031630195677280426,0.0316048227250576,2.5372952222824097e-05
4.5,0.8409329056739807,0.8409975171089172,6.461143493652344e-05,0.06520471721887589,0.06515885144472122,4.5865774154663086e-05,0.031588681042194366,0.031564220786094666,2.4460256099700928e-05
4.550000190734863,0.8405646681785583,0.8406307697296143,6.61015510559082e-05,0.06535958498716354,0.06531606614589691,4.351884126663208e-05,0.03154878690838814,0.03152846544981003,2.032145857810974e-05
4.599999904632568,0.8401983976364136,0.8402730226516724,7.462501525878906e-05,0.06551153212785721,0.0654718428850174,3.968924283981323e-05,0.031510479748249054,0.03149716183543205,1.3317912817001343e-05
4.650000095367432,0.8398340344429016,0.8399233818054199,8.934736251831055e-05,0.06566062569618225,0.065625861287117,3.476440906524658e-05,0.031473711133003235,0.03146907687187195,4.634261131286621e-06
4.699999809265137,0.8394715785980225,0.8395736217498779,0.00010204315185546875,0.06580694019794464,0.06577792763710022,2.9012560844421387e-05,0.0314384400844574,0.03144248574972153,4.045665264129639e-06
4.75,0.8391109704971313,0.8392148613929749,0.00010389089584350586,0.06595055013895035,0.06592734903097153,2.32011079788208e-05,0.031404633074998856,0.03141575679183006,1.1123716831207275e-05
4.800000190734863,0.8387521505355835,0.838848888874054,9.673833847045898e-05,0.06609153002500534,0.06607402116060257,1.7508864402770996e-05,0.031372249126434326,0.031387679278850555,1.5430152416229248e-05
4.849999904632568,0.8383951187133789,0.8384760618209839,8.094310760498047e-05,0.0662299320101738,0.06621811538934708,1.1816620826721191e-05,0.031341247260570526,0.03135788068175316,1.6633421182632446e-05
4.900000095367432,0.838039755821228,0.8381041288375854,6.437301635742188e-05,0.06636584550142288,0.06635988503694534,5.9604644775390625e-06,0.03131159394979477,0.031326305121183395,1.4711171388626099e-05
4.949999809265137,0.8376860618591309,0.8377381563186646,5.2094459533691406e-05,0.06649930775165558,0.06649944931268692,1.4156103134155273e-07,0.03128325566649437,0.03129337728023529,1.012161374092102e-05
5.0,0.8373339772224426,0.8373763561248779,4.2378902435302734e-05,0.06663040816783905,0.06663666665554047,6.258487701416016e-06,0.03125619515776634,0.03125948831439018,3.293156623840332e-06
5.050000190734863,0.8369835019111633,0.8370158076286316,3.230571746826172e-05,0.06675918400287628,0.06677111983299255,1.1935830116271973e-05,0.031230377033352852,0.031225206330418587,5.170702934265137e-06
5.099999904632568,0.8366345167160034,0.8366553783416748,2.086162567138672e-05,0.06688570976257324,0.06690262258052826,1.691281795501709e-05,0.03120577149093151,0.031191328540444374,1.444295048713684e-05
5.150000095367432,0.8362870812416077,0.8362967371940613,9.655952453613281e-06,0.06701003760099411,0.06703085452318192,2.0816922187805176e-05,0.031182345002889633,0.03115893341600895,2.34115868806839e-05
5.199999809265137,0.8359411358833313,0.8359425067901611,1.3709068298339844e-06,0.06713222712278366,0.06715574115514755,2.35140323638916e-05,0.03116006776690483,0.031129272654652596,3.079511225223541e-05
5.25,0.8355965614318848,0.8355953693389893,1.1920928955078125e-06,0.06725232303142548,0.06727723032236099,2.4907290935516357e-05,0.031138908118009567,0.031103553250432014,3.5354867577552795e-05
5.300000190734863,0.8352534174919128,0.8352558612823486,2.4437904357910156e-06,0.06737039238214493,0.06739536672830582,2.4974346160888672e-05,0.031118838116526604,0.031082531437277794,3.6306679248809814e-05
5.349999904632568,0.8349116444587708,0.8349188566207886,7.212162017822266e-06,0.0674864798784256,0.06751035153865814,2.3871660232543945e-05,0.031099827960133553,0.031066162511706352,3.366544842720032e-05
5.400000095367432,0.8345711827278137,0.8345816135406494,1.043081283569336e-05,0.06760063022375107,0.06762271374464035,2.2083520889282227e-05,0.031081851571798325,0.03105342574417591,2.8425827622413635e-05
5.449999809265137,0.8342320322990417,0.8342424035072327,1.0371208190917969e-05,0.06771290302276611,0.06773319095373154,2.0287930965423584e-05,0.031064877286553383,0.031042566522955894,2.2310763597488403e-05
5.5,0.8338941335678101,0.8339019417762756,7.808208465576172e-06,0.06782333552837372,0.06784267723560333,1.9341707229614258e-05,0.031048882752656937,0.03103184886276722,1.7033889889717102e-05
5.550000190734863,0.8335574865341187,0.8335607051849365,3.2186508178710938e-06,0.06793197989463806,0.06795116513967514,1.9185245037078857e-05,0.031033840030431747,0.031019726768136024,1.4113262295722961e-05
5.599999904632568,0.833221971988678,0.8332184553146362,3.516674041748047e-06,0.06803888827562332,0.06805850565433502,1.961737871170044e-05,0.031019726768136024,0.0310059804469347,1.3746321201324463e-05
5.650000095367432,0.8328877091407776,0.8328738212585449,1.3887882232666016e-05,0.06814409047365189,0.0681636705994606,1.958012580871582e-05,0.03100651316344738,0.030991194769740105,1.531839370727539e-05
5.699999809265137,0.8325545787811279,0.832528293132782,2.6285648345947266e-05,0.06824763119220734,0.06826570630073547,1.8075108528137207e-05,0.030994180589914322,0.030977049842476845,1.7130747437477112e-05
5.75,0.832222580909729,0.8321866393089294,3.594160079956055e-05,0.06834956258535385,0.06836407631635666,1.4513731002807617e-05,0.03098270297050476,0.03096546046435833,1.724250614643097e-05
5.800000190734863,0.831891655921936,0.8318533301353455,3.832578659057617e-05,0.06844992190599442,0.06845860928297043,8.687376976013184e-06,0.030972059816122055,0.03095749206840992,1.4567747712135315e-05
5.849999904632568,0.831561803817749,0.8315296769142151,3.212690353393555e-05,0.06854873895645142,0.06854979693889618,1.0579824447631836e-06,0.030962226912379265,0.03095324896275997,8.977949619293213e-06
5.900000095367432,0.831233024597168,0.8312135338783264,1.9490718841552734e-05,0.06864605844020844,0.06863826513290405,7.793307304382324e-06,0.0309531819075346,0.030951576307415962,1.605600118637085e-06
5.949999809265137,0.8309051990509033,0.8308993577957153,5.841255187988281e-06,0.06874192506074905,0.06872483342885971,1.7091631889343262e-05,0.030944908037781715,0.030950309708714485,5.401670932769775e-06
6.0,0.8305783867835999,0.8305844068527222,6.020069122314453e-06,0.06883636116981506,0.06881046295166016,2.5898218154907227e-05,0.030937381088733673,0.030947426334023476,1.0045245289802551e-05
6.050000190734863,0.8302525877952576,0.8302680253982544,1.5437602996826172e-05,0.06892941147089005,0.06889582425355911,3.358721733093262e-05,0.03093058243393898,0.030941421166062355,1.0838732123374939e-05
6.099999904632568,0.8299277424812317,0.8299497961997986,2.205371856689453e-05,0.06902110576629639,0.06898140907287598,3.9696693420410156e-05,0.030924493446946144,0.030931929126381874,7.4356794357299805e-06
6.150000095367432,0.8296037912368774,0.829633355140686,2.956390380859375e-05,0.06911148130893707,0.06906749308109283,4.398822784423828e-05,0.030919095501303673,0.030919639393687248,5.438923835754395e-07
6.199999809265137,0.8292807340621948,0.8293172717094421,3.653764724731445e-05,0.06920056790113449,0.06915365159511566,4.6916306018829346e-05,0.030914368107914925,0.030905740335583687,8.627772331237793e-06
6.25,0.8289585709571838,0.8290016651153564,4.309415817260742e-05,0.06928840279579163,0.06923973560333252,4.8667192459106445e-05,0.030910294502973557,0.03089202754199505,1.8266960978507996e-05
6.300000190734863,0.8286373019218445,0.828683614730835,4.6312808990478516e-05,0.06937500834465027,0.06932554394006729,4.9464404582977295e-05,0.030906859785318375,0.03087986446917057,2.699531614780426e-05
6.349999904632568,0.8283168077468872,0.8283647298812866,4.792213439941406e-05,0.0694604143500328,0.06941118836402893,4.922598600387573e-05,0.030904041603207588,0.030870189890265465,3.385171294212341e-05
6.400000095367432,0.8279972076416016,0.828046977519989,4.976987838745117e-05,0.06954465806484222,0.06949695199728012,4.770606756210327e-05,0.030901828780770302,0.030863670632243156,3.8158148527145386e-05
6.449999809265137,0.827678382396698,0.8277303576469421,5.1975250244140625e-05,0.06962776929140091,0.06958310306072235,4.466623067855835e-05,0.030900202691555023,0.03086034022271633,3.986246883869171e-05
6.5,0.8273603916168213,0.8274171352386475,5.6743621826171875e-05,0.06970976293087006,0.06966999173164368,3.9771199226379395e-05,0.03089914843440056,0.030860280618071556,3.886781632900238e-05
6.550000190734863,0.8270431160926819,0.8271055817604065,6.246566772460938e-05,0.06979067623615265,0.06975772231817245,3.295391798019409e-05,0.030898649245500565,0.03086330182850361,3.534741699695587e-05
6.599999904632568,0.8267266154289246,0.8267934322357178,6.681680679321289e-05,0.06987053900957108,0.06984610110521317,2.4437904357910156e-05,0.030898693948984146,0.03086935542523861,2.9338523745536804e-05
6.650000095367432,0.8264108300209045,0.8264816403388977,7.081031799316406e-05,0.06994936615228653,0.06993462145328522,1.4744699001312256e-05,0.03089926205575466,0.030878158286213875,2.1103769540786743e-05
6.699999809265137,0.8260958194732666,0.8261687159538269,7.289648056030273e-05,0.0700271874666214,0.07002249360084534,4.693865776062012e-06,0.030900346115231514,0.03088940866291523,1.093745231628418e-05
6.75,0.8257814645767212,0.8258576989173889,7.623434066772461e-05,0.07010402530431747,0.07010893523693085,4.909932613372803e-06,0.03090192750096321,0.030902454629540443,5.271285772323608e-07
6.800000190734863,0.8254678249359131,0.825546383857727,7.855892181396484e-05,0.07017990201711655,0.07019279152154922,1.2889504432678223e-05,0.030903995037078857,0.030916405841708183,1.2410804629325867e-05
6.849999904632568,0.8251548409461975,0.8252360224723816,8.118152618408203e-05,0.0702548548579216,0.07027336210012436,1.850724220275879e-05,0.03090653382241726,0.030930260196328163,2.372637391090393e-05
6.900000095367432,0.8248425126075745,0.8249250054359436,8.249282836914062e-05,0.07032888382673264,0.0703502744436264,2.139061689376831e-05,0.03090953454375267,0.030942903831601143,3.3369287848472595e-05
6.949999809265137,0.824530839920044,0.8246148824691772,8.404254913330078e-05,0.07040202617645264,0.07042400538921356,2.1979212760925293e-05,0.030912980437278748,0.03095368854701519,4.0708109736442566e-05
7.0,0.824219822883606,0.8243045210838318,8.469820022583008e-05,0.0704742968082428,0.07049547135829926,2.117455005645752e-05,0.030916864052414894,0.030962267890572548,4.540383815765381e-05
7.050000190734863,0.8239094018936157,0.823993980884552,8.45789909362793e-05,0.0705457255244255,0.07056597620248795,2.0250678062438965e-05,0.030921168625354767,0.03096885047852993,4.768185317516327e-05
7.099999904632568,0.823599636554718,0.8236814141273499,8.177757263183594e-05,0.07061631977558136,0.07063684612512589,2.0526349544525146e-05,0.030925888568162918,0.0309737715870142,4.788301885128021e-05
7.150000095367432,0.8232904076576233,0.8233668804168701,7.647275924682617e-05,0.07068610191345215,0.07070934027433395,2.323836088180542e-05,0.030931007117033005,0.030977951362729073,4.694424569606781e-05
7.199999809265137,0.8229817748069763,0.8230469822883606,6.520748138427734e-05,0.07075510174036026,0.0707840621471405,2.896040678024292e-05,0.03093651682138443,0.03098173625767231,4.5219436287879944e-05
7.25,0.8226736783981323,0.8227249383926392,5.125999450683594e-05,0.07082332670688629,0.07086068391799927,3.7357211112976074e-05,0.030942406505346298,0.030985599383711815,4.319287836551666e-05
7.300000190734863,0.8223661780357361,0.8224020004272461,3.5822391510009766e-05,0.07089079171419144,0.07093821465969086,4.7422945499420166e-05,0.030948664993047714,0.030989864841103554,4.119984805583954e-05
7.349999904632568,0.8220592141151428,0.8220810294151306,2.181529998779297e-05,0.07095752656459808,0.07101475447416306,5.7227909564971924e-05,0.030955282971262932,0.030994439497590065,3.915652632713318e-05
7.400000095367432,0.8217527866363525,0.8217652440071106,1.245737075805664e-05,0.07102354615926743,0.0710882693529129,6.47231936454773e-05,0.030962249264121056,0.03099912963807583,3.688037395477295e-05
7.449999809265137,0.8214468955993652,0.8214553594589233,8.463859558105469e-06,0.07108885794878006,0.0711570531129837,6.81951642036438e-05,0.03096955642104149,0.031003816053271294,3.425963222980499e-05
7.5,0.8211415410041809,0.8211480379104614,6.496906280517578e-06,0.07115348428487778,0.0712205246090889,6.70403242111206e-05,0.030977193266153336,0.031008070334792137,3.0877068638801575e-05
7.550000190734863,0.8208366632461548,0.820842444896698,5.781650543212891e-06,0.07121744006872177,0.0712793841958046,6.194412708282471e-05,0.030985152348876,0.031011568382382393,2.6416033506393433e-05
7.599999904632568,0.8205322623252869,0.8205354809761047,3.2186508178710938e-06,0.07128074765205383,0.07133547216653824,5.472451448440552e-05,0.030993424355983734,0.03101431019604206,2.088584005832672e-05
7.650000095367432,0.8202283382415771,0.8202271461486816,1.1920928955078125e-06,0.07134340703487396,0.07139106094837189,4.7653913497924805e-05,0.031001999974250793,0.031016545370221138,1.4545395970344543e-05
7.699999809265137,0.8199248909950256,0.81992107629776,3.814697265625e-06,0.07140544801950455,0.0714479461312294,4.2498111724853516e-05,0.03101087175309658,0.031018799170851707,7.927417755126953e-06
7.75,0.8196219205856323,0.8196188807487488,3.039836883544922e-06,0.07146687060594559,0.07150707393884659,4.0203332901000977e-05,0.03102003037929535,0.03102208487689495,2.0544975996017456e-06
7.800000190734863,0.8193194270133972,0.8193233609199524,3.933906555175781e-06,0.07152770459651947,0.07156771421432495,4.000961780548096e-05,0.031029468402266502,0.031027382239699364,2.086162567138672e-06
7.849999904632568,0.8190174102783203,0.8190303444862366,1.2934207916259766e-05,0.0715879499912262,0.07162871211767197,4.0762126445770264e-05,0.031039178371429443,0.03103543259203434,3.7457793951034546e-06
7.900000095367432,0.8187157511711121,0.8187363743782043,2.0623207092285156e-05,0.07164762914180756,0.07168831676244736,4.0687620639801025e-05,0.031049152836203575,0.031046340242028236,2.812594175338745e-06
7.949999809265137,0.818414568901062,0.8184362053871155,2.1636486053466797e-05,0.07170674949884415,0.07174570113420486,3.8951635360717773e-05,0.03105938248336315,0.0310597512871027,3.688037395477295e-07
8.0,0.8181138038635254,0.8181284666061401,1.4662742614746094e-05,0.07176531851291656,0.07180079817771912,3.547966480255127e-05,0.031069863587617874,0.03107459284365177,4.7292560338974e-06
8.050000190734863,0.8178134560585022,0.8178174495697021,3.993511199951172e-06,0.0718233659863472,0.07185469567775726,3.13296914100647e-05,0.031080586835741997,0.0310897808521986,9.194016456604004e-06
8.100000381469727,0.8175135254859924,0.8175076246261597,5.900859832763672e-06,0.07188088446855545,0.07190880924463272,2.7924776077270508e-05,0.031091544777154922,0.031104205176234245,1.2660399079322815e-05
8.149999618530273,0.8172139525413513,0.8172041177749634,9.834766387939453e-06,0.07193789631128311,0.07196447253227234,2.6576220989227295e-05,0.031102733686566353,0.031117195263504982,1.446157693862915e-05
8.199999809265137,0.8169147968292236,0.8169072270393372,7.569789886474609e-06,0.07199440896511078,0.07202178984880447,2.738088369369507e-05,0.03111414425075054,0.03112857975065708,1.4435499906539917e-05
8.25,0.8166160583496094,0.8166154623031616,5.960464477539062e-07,0.07205042988061905,0.0720805823802948,3.0152499675750732e-05,0.03112577088177204,0.031138623133301735,1.2852251529693604e-05
8.300000190734863,0.8163176774978638,0.8163222074508667,4.5299530029296875e-06,0.07210598140954971,0.0721396952867508,3.371387720108032e-05,0.031137607991695404,0.03114817850291729,1.0570511221885681e-05
8.350000381469727,0.8160196542739868,0.8160254955291748,5.841255187988281e-06,0.07216106355190277,0.07219819724559784,3.713369369506836e-05,0.031149649992585182,0.03115820698440075,8.556991815567017e-06
8.399999618530273,0.8157220482826233,0.8157277703285217,5.7220458984375e-06,0.07221569120883942,0.07225576043128967,4.006922245025635e-05,0.03116188943386078,0.031169740483164787,7.851049304008484e-06
8.449999809265137,0.8154247403144836,0.8154323101043701,7.569789886474609e-06,0.07226987183094025,0.07231232523918152,4.245340824127197e-05,0.031174322590231895,0.031183289363980293,8.966773748397827e-06
8.5,0.8151278495788574,0.8151435256004333,1.5676021575927734e-05,0.07232361286878586,0.07236821949481964,4.460662603378296e-05,0.031186942011117935,0.031199024990200996,1.2082979083061218e-05
8.550000190734863,0.8148312568664551,0.8148593902587891,2.8133392333984375e-05,0.07237692922353745,0.07242362946271896,4.6700239181518555e-05,0.03119974210858345,0.03121631033718586,1.6568228602409363e-05
8.600000381469727,0.8145350217819214,0.8145747184753418,3.9696693420410156e-05,0.07242982089519501,0.07247818261384964,4.836171865463257e-05,0.031212719157338142,0.03123433329164982,2.1614134311676025e-05
8.649999618530273,0.8142391443252563,0.8142834305763245,4.4286251068115234e-05,0.07248231023550034,0.07253152877092361,4.921853542327881e-05,0.031225867569446564,0.031252019107341766,2.6151537895202637e-05
8.699999809265137,0.8139435648918152,0.8139824867248535,3.892183303833008e-05,0.07253439724445343,0.07258342951536179,4.903227090835571e-05,0.031239183619618416,0.031268343329429626,2.9159709811210632e-05
8.75,0.8136483430862427,0.8136735558509827,2.5212764739990234e-05,0.07258608937263489,0.07263381034135818,4.772096872329712e-05,0.0312526598572731,0.031282708048820496,3.00481915473938e-05
8.800000190734863,0.8133534789085388,0.8133665323257446,1.3053417205810547e-05,0.0726374015212059,0.07268306612968445,4.566460847854614e-05,0.031266290694475174,0.03129484876990318,2.8558075428009033e-05
8.850000381469727,0.8130588531494141,0.8130652904510498,6.4373016357421875e-06,0.07268833369016647,0.07273180037736893,4.346668720245361e-05,0.03128007426857948,0.03130472078919411,2.4646520614624023e-05
8.899999618530273,0.812764585018158,0.8127701878547668,5.602836608886719e-06,0.0727388933300972,0.07278046011924744,4.156678915023804e-05,0.03129400685429573,0.031312767416238785,1.87605619430542e-05
8.949999809265137,0.8124706149101257,0.8124793767929077,8.761882781982422e-06,0.07278909534215927,0.07282944768667221,4.035234451293945e-05,0.03130808100104332,0.031319595873355865,1.1514872312545776e-05
9.0,0.8121769428253174,0.8121860027313232,9.059906005859375e-06,0.07283893972635269,0.07287876307964325,3.982335329055786e-05,0.03132229670882225,0.031326305121183395,4.0084123611450195e-06
9.050000190734863,0.8118835687637329,0.811889111995697,5.543231964111328e-06,0.07288844138383865,0.07292848080396652,4.003942012786865e-05,0.03133664280176163,0.03133418411016464,2.4586915969848633e-06
9.100000381469727,0.8115904927253723,0.8115919232368469,1.430511474609375e-06,0.07293760776519775,0.0729786828160286,4.1075050830841064e-05,0.03135112300515175,0.03134452551603317,6.59748911857605e-06
9.149999618530273,0.8112977147102356,0.8112974166870117,2.980232238769531e-07,0.0729864314198494,0.07302870601415634,4.22745943069458e-05,0.03136572614312172,0.0313582606613636,7.465481758117676e-06
9.199999809265137,0.8110052347183228,0.8110116124153137,6.377696990966797e-06,0.07303493469953537,0.07307827472686768,4.334002733230591e-05,0.03138045221567154,0.03137596696615219,4.4852495193481445e-06
9.25,0.8107130527496338,0.8107303380966187,1.728534698486328e-05,0.07308311760425568,0.07312654703855515,4.3429434299468994e-05,0.03139530122280121,0.0313972644507885,1.9632279872894287e-06
9.300000190734863,0.8104211091995239,0.8104504942893982,2.9385089874267578e-05,0.07313098013401031,0.0731729120016098,4.1931867599487305e-05,0.03141026198863983,0.03142103552818298,1.0773539543151855e-05
9.350000381469727,0.8101294636726379,0.8101665377616882,3.707408905029297e-05,0.07317853718996048,0.07321758568286896,3.904849290847778e-05,0.03142533078789711,0.03144605830311775,2.072751522064209e-05
9.399999618530273,0.809838056564331,0.8098741173744202,3.606081008911133e-05,0.07322579622268677,0.07326123118400574,3.5434961318969727e-05,0.03144051134586334,0.03147062659263611,3.0115246772766113e-05
9.449999809265137,0.809546947479248,0.8095774054527283,3.045797348022461e-05,0.07327275723218918,0.07330538332462311,3.262609243392944e-05,0.03145579621195793,0.031493619084358215,3.7822872400283813e-05
9.5,0.8092560768127441,0.809281587600708,2.5510787963867188e-05,0.0733194351196289,0.07335164397954941,3.220885992050171e-05,0.03147118166089058,0.031514253467321396,4.307180643081665e-05
9.550000190734863,0.8089655041694641,0.8089948296546936,2.9325485229492188e-05,0.07336581498384476,0.07340072095394135,3.4905970096588135e-05,0.031486667692661285,0.031532350927591324,4.568323493003845e-05
9.600000381469727,0.8086751699447632,0.8087166547775269,4.1484832763671875e-05,0.07341192662715912,0.07345220446586609,4.0277838706970215e-05,0.031502243131399155,0.03154813498258591,4.589185118675232e-05
9.649999618530273,0.8083850741386414,0.8084430694580078,5.799531936645508e-05,0.0734577551484108,0.07350432872772217,4.657357931137085e-05,0.031517915427684784,0.03156200796365738,4.4092535972595215e-05
9.699999809265137,0.8080952763557434,0.8081637024879456,6.842613220214844e-05,0.07350332289934158,0.0735541507601738,5.0827860832214355e-05,0.03153367340564728,0.031574547290802,4.087388515472412e-05
9.75,0.8078056573867798,0.8078745603561401,6.890296936035156e-05,0.07354862242937088,0.07359911501407623,5.049258470535278e-05,0.031549517065286636,0.03158613294363022,3.661587834358215e-05
9.800000190734863,0.80751633644104,0.807574987411499,5.8650970458984375e-05,0.07359366118907928,0.07363802939653397,4.4368207454681396e-05,0.03156544268131256,0.03159713000059128,3.168731927871704e-05
9.850000381469727,0.8072272539138794,0.8072715997695923,4.4345855712890625e-05,0.0736384391784668,0.07367134094238281,3.2901763916015625e-05,0.03158145025372505,0.03160770237445831,2.625212073326111e-05
9.899999618530273,0.8069384098052979,0.8069723844528198,3.3974647521972656e-05,0.07368297874927521,0.07370110601186752,1.8127262592315674e-05,0.03159753233194351,0.031618013978004456,2.0481646060943604e-05
9.949999809265137,0.8066498041152954,0.806682288646698,3.248453140258789e-05,0.07372726500034332,0.07373014092445374,2.8759241104125977e-06,0.03161369264125824,0.03162812814116478,1.4435499906539917e-05
10.0,0.8063614368438721,0.8064005970954895,3.916025161743164e-05,0.07377131283283234,0.07376119494438171,1.0117888450622559e-05,0.03162992373108864,0.031638193875551224,8.27014446258545e-06
10.050000190734863,0.8060733079910278,0.8061211109161377,4.780292510986328e-05,0.07381512224674225,0.07379643619060516,1.868605613708496e-05,0.03164622187614441,0.03164850175380707,2.2798776626586914e-06
10.100000381469727,0.8057854175567627,0.8058381080627441,5.269050598144531e-05,0.07385869324207306,0.0738368034362793,2.1889805793762207e-05,0.03166258707642555,0.031659334897994995,3.252178430557251e-06
10.149999618530273,0.8054977059364319,0.8055495023727417,5.179643630981445e-05,0.07390204071998596,0.0738820880651474,1.9952654838562012e-05,0.03167901933193207,0.03167112171649933,7.897615432739258e-06
10.199999809265137,0.8052102327346802,0.8052584528923035,4.8220157623291016e-05,0.07394516468048096,0.07393164932727814,1.3515353202819824e-05,0.03169551491737366,0.03168400377035141,1.1511147022247314e-05
10.25,0.8049230575561523,0.8049685955047607,4.553794860839844e-05,0.07398805767297745,0.07398367673158646,4.380941390991211e-06,0.031712066382169724,0.031698137521743774,1.3928860425949097e-05
10.300000190734863,0.8046360015869141,0.8046848177909851,4.881620407104492e-05,0.07403074204921722,0.07403703778982162,6.295740604400635e-06,0.031728677451610565,0.03171362355351448,1.5053898096084595e-05
10.350000381469727,0.8043492436408997,0.8044039607048035,5.4717063903808594e-05,0.07407321035861969,0.07408969849348068,1.648813486099243e-05,0.031745344400405884,0.031730346381664276,1.4998018741607666e-05
10.399999618530273,0.8040626645088196,0.8041253685951233,6.270408630371094e-05,0.07411546260118484,0.0741407573223114,2.5294721126556396e-05,0.03176206722855568,0.03174827992916107,1.3787299394607544e-05
10.449999809265137,0.8037763237953186,0.8038421273231506,6.580352783203125e-05,0.07415751367807388,0.07418951392173767,3.200024366378784e-05,0.031778838485479355,0.03176742419600487,1.1414289474487305e-05
10.5,0.803490161895752,0.8035517930984497,6.16312026977539e-05,0.07419935613870621,0.0742359384894371,3.6582350730895996e-05,0.03179565817117691,0.03178779035806656,7.867813110351562e-06
10.550000190734863,0.8032042384147644,0.8032582998275757,5.40614128112793e-05,0.07424099743366241,0.07428064197301865,3.964453935623169e-05,0.031812526285648346,0.03180931881070137,3.207474946975708e-06
10.600000381469727,0.802918553352356,0.8029658794403076,4.7326087951660156e-05,0.0742824450135231,0.07432417571544647,4.173070192337036e-05,0.03182943910360336,0.03183170408010483,2.2649765014648438e-06
10.649999618530273,0.8026330471038818,0.8026801347732544,4.7087669372558594e-05,0.07432369887828827,0.07436700910329819,4.331022500991821e-05,0.03184639662504196,0.031854402273893356,8.005648851394653e-06
10.699999809265137,0.8023477792739868,0.8024015426635742,5.3763389587402344e-05,0.07436475157737732,0.0744093656539917,4.461407661437988e-05,0.03186339512467384,0.03187672048807144,1.3325363397598267e-05
10.75,0.8020626306533813,0.8021268844604492,6.42538070678711e-05,0.07440562546253204,0.07445086538791656,4.5239925384521484e-05,0.03188043460249901,0.031897831708192825,1.739710569381714e-05
10.800000190734863,0.8017777800559998,0.8018492460250854,7.146596908569336e-05,0.07444630563259125,0.07449101656675339,4.471093416213989e-05,0.03189751133322716,0.031917259097099304,1.9747763872146606e-05
10.850000381469727,0.8014931082725525,0.8015627264976501,6.961822509765625e-05,0.07448680698871613,0.07452932745218277,4.252046346664429e-05,0.03191462531685829,0.03193487599492073,2.0250678062438965e-05
10.899999618530273,0.8012086153030396,0.801267683506012,5.906820297241211e-05,0.07452712953090668,0.07456567883491516,3.854930400848389e-05,0.03193177282810211,0.031951140612363815,1.936778426170349e-05
10.949999809265137,0.8009243011474609,0.8009703159332275,4.601478576660156e-05,0.0745672732591629,0.07460056990385056,3.329664468765259e-05,0.03194895759224892,0.03196701034903526,1.8052756786346436e-05
11.0,0.8006402254104614,0.8006799221038818,3.9696693420410156e-05,0.0746072381734848,0.07463433593511581,2.7097761631011963e-05,0.03196616843342781,0.031983595341444016,1.7426908016204834e-05
11.050000190734863,0.800356388092041,0.8004009127616882,4.45246696472168e-05,0.07464703172445297,0.07466728985309601,2.025812864303589e-05,0.03198341280221939,0.03200172260403633,1.8309801816940308e-05
11.100000381469727,0.8000726699829102,0.8001291751861572,5.650520324707031e-05,0.07468665391206741,0.07469923794269562,1.2584030628204346e-05,0.03200068697333336,0.032021790742874146,2.1103769540786743e-05
11.149999618530273,0.7997891902923584,0.7998577952384949,6.860494613647461e-05,0.07472610473632812,0.07473012804985046,4.023313522338867e-06,0.03201798349618912,0.03204364329576492,2.5659799575805664e-05
11.199999809265137,0.799505889415741,0.7995789647102356,7.30752944946289e-05,0.0747653916478157,0.074760302901268,5.088746547698975e-06,0.032035309821367264,0.032066475600004196,3.116577863693237e-05
11.25,0.7992227673530579,0.7992905974388123,6.783008575439453e-05,0.07480451464653015,0.07479088753461838,1.3627111911773682e-05,0.0320526584982872,0.03208961337804794,3.695487976074219e-05
11.300000190734863,0.7989398837089539,0.798999011516571,5.91278076171875e-05,0.07484348118305206,0.07482349872589111,1.9982457160949707e-05,0.03207002952694893,0.03211225941777229,4.222989082336426e-05
11.350000381469727,0.7986571192741394,0.7987130284309387,5.5909156799316406e-05,0.07488228380680084,0.07485979795455933,2.2485852241516113e-05,0.032087426632642746,0.03213399648666382,4.656985402107239e-05
11.399999618530273,0.798374593257904,0.7984363436698914,6.175041198730469e-05,0.07492092996835709,0.07490089535713196,2.0034611225128174e-05,0.03210483863949776,0.03215475380420685,4.9915164709091187e-05
11.449999809265137,0.798092246055603,0.7981665134429932,7.426738739013672e-05,0.0749594196677208,0.07494645565748215,1.2964010238647461e-05,0.03212227299809456,0.032174769788980484,5.249679088592529e-05
11.5,0.7978100776672363,0.7978938817977905,8.380413055419922e-05,0.07499775290489197,0.07499507069587708,2.682209014892578e-06,0.03213972598314285,0.032194431871175766,5.470588803291321e-05
11.550000190734863,0.7975281476974487,0.7976096272468567,8.147954940795898e-05,0.0750359371304512,0.07504484802484512,8.910894393920898e-06,0.03215719386935234,0.032214220613241196,5.702674388885498e-05
11.600000381469727,0.7972463369369507,0.7973127365112305,6.639957427978516e-05,0.0750739723443985,0.07509393244981766,1.9960105419158936e-05,0.03217467665672302,0.03223443403840065,5.9757381677627563e-05
11.649999618530273,0.7969647645950317,0.7970104813575745,4.571676254272461e-05,0.07511185854673386,0.07514099031686783,2.9131770133972168e-05,0.0321921743452549,0.032255105674266815,6.293132901191711e-05
11.699999809265137,0.7966833114624023,0.796714723110199,3.141164779663086e-05,0.07514959573745728,0.07518544793128967,3.585219383239746e-05,0.03220968320965767,0.03227602690458298,6.634369492530823e-05
11.75,0.796402096748352,0.7964329719543457,3.0875205993652344e-05,0.07518719136714935,0.07522674649953842,3.9555132389068604e-05,0.032227206975221634,0.03229646384716034,6.925687193870544e-05
11.800000190734863,0.7961210608482361,0.7961639761924744,4.291534423828125e-05,0.07522464543581009,0.07526474446058273,4.009902477264404e-05,0.032244741916656494,0.032315708696842194,7.096678018569946e-05
11.850000381469727,0.7958402037620544,0.7959002256393433,6.002187728881836e-05,0.07526195794343948,0.07529924064874649,3.7282705307006836e-05,0.03226228430867195,0.032333191484212875,7.090717554092407e-05
11.899999618530273,0.7955594658851624,0.7956297993659973,7.033348083496094e-05,0.07529912889003754,0.07533075660467148,3.162771463394165e-05,0.032279837876558304,0.03234867751598358,6.883963942527771e-05
11.949999809265137,0.7952789664268494,0.79534512758255,6.61611557006836e-05,0.07533615827560425,0.07536028325557709,2.4124979972839355e-05,0.03229739889502525,0.032362423837184906,6.502494215965271e-05
12.0,0.7949986457824707,0.7950493693351746,5.072355270385742e-05,0.07537305355072021,0.07538954168558121,1.648813486099243e-05,0.0323149673640728,0.03237517923116684,6.021186709403992e-05
12.050000190734863,0.7947185039520264,0.7947525382041931,3.403425216674805e-05,0.07540981471538544,0.07542054355144501,1.0728836059570312e-05,0.03233254328370094,0.03238774091005325,5.519762635231018e-05
12.100000381469727,0.7944385409355164,0.7944657206535339,2.7179718017578125e-05,0.07544644176959991,0.0754542425274849,7.800757884979248e-06,0.032350122928619385,0.03240077942609787,5.065649747848511e-05
12.149999618530273,0.7941587567329407,0.7941900491714478,3.129243850708008e-05,0.07548293471336365,0.07549095153808594,8.016824722290039e-06,0.032367706298828125,0.03241454064846039,4.6834349632263184e-05
12.199999809265137,0.7938791513442993,0.7939218282699585,4.267692565917969e-05,0.07551929354667664,0.07552926242351532,9.968876838684082e-06,0.032385293394327164,0.032428909093141556,4.361569881439209e-05
12.25,0.7935997247695923,0.7936499118804932,5.0187110900878906e-05,0.07555552572011948,0.07556754350662231,1.2017786502838135e-05,0.0324028842151165,0.03244377672672272,4.089251160621643e-05
12.300000190734863,0.7933204770088196,0.7933647632598877,4.4286251068115234e-05,0.07559162378311157,0.07560412585735321,1.2502074241638184e-05,0.03242047503590584,0.03245885297656059,3.837794065475464e-05
12.350000381469727,0.7930414080619812,0.7930684685707092,2.7060508728027344e-05,0.07562760263681412,0.07563868165016174,1.1079013347625732e-05,0.032438069581985474,0.032474443316459656,3.637373447418213e-05
12.399999618530273,0.7927624583244324,0.7927681803703308,5.7220458984375e-06,0.07566344738006592,0.07567194104194641,8.493661880493164e-06,0.03245566040277481,0.03249084949493408,3.518909215927124e-05
12.449999809265137,0.7924837470054626,0.7924767732620239,6.973743438720703e-06,0.07569917291402817,0.07570511102676392,5.938112735748291e-06,0.03247325122356415,0.03250829502940178,3.5043805837631226e-05
12.5,0.7922052145004272,0.792202353477478,2.86102294921875e-06,0.07573477178812027,0.07573899626731873,4.2244791984558105e-06,0.032490842044353485,0.0325266569852829,3.581494092941284e-05
12.550000190734863,0.7919268012046814,0.7919427156448364,1.5914440155029297e-05,0.07577025145292282,0.07577358931303024,3.337860107421875e-06,0.03250843286514282,0.03254527971148491,3.684684634208679e-05
12.600000381469727,0.7916486263275146,0.7916865348815918,3.790855407714844e-05,0.07580560445785522,0.07580781728029251,2.212822437286377e-06,0.03252601623535156,0.03256334364414215,3.732740879058838e-05
12.649999618530273,0.7913705706596375,0.791424036026001,5.346536636352539e-05,0.07584083080291748,0.07584129273891449,4.6193599700927734e-07,0.0325435996055603,0.032580066472291946,3.646686673164368e-05
12.699999809265137,0.7910927534103394,0.791150689125061,5.793571472167969e-05,0.07587594538927078,0.07587391883134842,2.0265579223632812e-06,0.032561175525188446,0.03259531781077385,3.414228558540344e-05
12.75,0.7908150553703308,0.7908702492713928,5.519390106201172e-05,0.07591094076633453,0.07590682059526443,4.120171070098877e-06,0.03257874771952629,0.03260955587029457,3.080815076828003e-05
12.800000190734863,0.7905375361442566,0.7905912399291992,5.370378494262695e-05,0.07594581693410873,0.07594126462936401,4.552304744720459e-06,0.03259631618857384,0.032623592764139175,2.7276575565338135e-05
12.850000381469727,0.7902601957321167,0.79031902551651,5.882978439331055e-05,0.07598057389259338,0.07597823441028595,2.339482307434082e-06,0.03261387720704079,0.03263825923204422,2.4382025003433228e-05
12.899999618530273,0.7899830341339111,0.7900524139404297,6.937980651855469e-05,0.07601521909236908,0.07601752877235413,2.3096799850463867e-06,0.03263143077492714,0.032654087990522385,2.265721559524536e-05
12.949999809265137,0.7897060513496399,0.7897871732711792,8.112192153930664e-05,0.07604974508285522,0.07605793327093124,8.188188076019287e-06,0.032648976892232895,0.03267112746834755,2.215057611465454e-05
13.0,0.789429247379303,0.7895174026489258,8.815526962280273e-05,0.07608415931463242,0.07609742879867554,1.3269484043121338e-05,0.032666511833667755,0.032689083367586136,2.2571533918380737e-05
13.050000190734863,0.7891525626182556,0.7892398238182068,8.726119995117188e-05,0.07611845433712006,0.07613437622785568,1.592189073562622e-05,0.03268404304981232,0.03270749747753143,2.345442771911621e-05
13.100000381469727,0.7888761162757874,0.7889546751976013,7.855892181396484e-05,0.07615264505147934,0.07616803795099258,1.539289951324463e-05,0.03270156309008598,0.03272584453225136,2.4281442165374756e-05
13.149999618530273,0.7885997891426086,0.7886662483215332,6.645917892456055e-05,0.07618671655654907,0.07619886845350266,1.2151896953582764e-05,0.032719071954488754,0.03274384140968323,2.4769455194473267e-05
13.199999809265137,0.7883236408233643,0.788379967212677,5.632638931274414e-05,0.07622067630290985,0.07622840255498886,7.72625207901001e-06,0.03273656964302063,0.03276132047176361,2.4750828742980957e-05
13.25,0.7880476713180542,0.7881016135215759,5.3942203521728516e-05,0.07625453174114227,0.07625874131917953,4.209578037261963e-06,0.03275405988097191,0.03277821093797684,2.415105700492859e-05
13.300000190734863,0.7877718806266785,0.7878307104110718,5.882978439331055e-05,0.07628827542066574,0.07629115134477615,2.8759241104125977e-06,0.03277153894305229,0.03279448300600052,2.294406294822693e-05
13.350000381469727,0.7874962687492371,0.7875643968582153,6.812810897827148e-05,0.07632190734148026,0.07632578164339066,3.874301910400391e-06,0.03278900310397148,0.032809920608997345,2.0917505025863647e-05
13.399999618530273,0.78722083568573,0.78729647397995,7.56382942199707e-05,0.07635542750358582,0.07636117935180664,5.751848220825195e-06,0.032806456089019775,0.032824475318193436,1.801922917366028e-05
13.449999809265137,0.7869455814361572,0.7870216369628906,7.605552673339844e-05,0.07638884335756302,0.07639538496732712,6.541609764099121e-06,0.032823894172906876,0.03283822908997536,1.4334917068481445e-05
13.5,0.786670446395874,0.7867413759231567,7.092952728271484e-05,0.07642215490341187,0.0764266848564148,4.5299530029296875e-06,0.03284132108092308,0.032851554453372955,1.0233372449874878e-05
13.550000190734863,0.7863954901695251,0.7864578366279602,6.23464584350586e-05,0.07645535469055176,0.07645489275455475,4.6193599700927734e-07,0.03285873308777809,0.0328652523458004,6.51925802230835e-06
13.600000381469727,0.7861207723617554,0.7861770987510681,5.632638931274414e-05,0.07648845762014389,0.07648040354251862,8.054077625274658e-06,0.03287613019347191,0.03288005292415619,3.9227306842803955e-06
13.649999618530273,0.7858461737632751,0.7859017848968506,5.561113357543945e-05,0.07652144879102707,0.0765046626329422,1.6786158084869385e-05,0.03289351239800453,0.03289639577269554,2.8833746910095215e-06
13.699999809265137,0.7855716943740845,0.7856301069259644,5.841255187988281e-05,0.0765543282032013,0.07652949541807175,2.483278512954712e-05,0.03291088342666626,0.03291459381580353,3.7103891372680664e-06
13.75,0.7852974534034729,0.7853594422340393,6.198883056640625e-05,0.07658711075782776,0.07655579596757889,3.131479024887085e-05,0.032928235828876495,0.03293434530496597,6.109476089477539e-06
13.800000190734863,0.7850233912467957,0.7850860953330994,6.270408630371094e-05,0.07661978900432587,0.07658468931913376,3.5099685192108154e-05,0.03294556960463524,0.03295513242483139,9.562820196151733e-06
13.850000381469727,0.784749448299408,0.7848084568977356,5.900859832763672e-05,0.07665237039327621,0.07661624252796173,3.612786531448364e-05,0.03296288847923279,0.03297644108533859,1.3552606105804443e-05
13.899999618530273,0.7844757437705994,0.7845283150672913,5.257129669189453e-05,0.07668484002351761,0.07665000110864639,3.483891487121582e-05,0.032980192452669144,0.032997846603393555,1.765415072441101e-05
13.949999809265137,0.7842021584510803,0.7842472791671753,4.51207160949707e-05,0.07671721279621124,0.07668525725603104,3.19555401802063e-05,0.03299747779965401,0.0330188013613224,2.1323561668395996e-05
14.0,0.7839287519454956,0.7839663624763489,3.7610530853271484e-05,0.07674948126077652,0.07672079652547836,2.8684735298156738e-05,0.03301474452018738,0.033039357513189316,2.4612993001937866e-05
14.050000190734863,0.7836555242538452,0.7836897969245911,3.427267074584961e-05,0.07678164541721344,0.07675587385892868,2.577155828475952e-05,0.03303199261426926,0.03305952996015549,2.753734588623047e-05
14.100000381469727,0.7833824753761292,0.7834183573722839,3.5881996154785156e-05,0.0768137127161026,0.07678994536399841,2.3767352104187012e-05,0.03304922580718994,0.03307953476905823,3.0308961868286133e-05
14.149999618530273,0.7831095457077026,0.7831523418426514,4.279613494873047e-05,0.0768456757068634,0.07682254910469055,2.3126602172851562e-05,0.033066436648368835,0.03309931606054306,3.2879412174224854e-05
14.199999809265137,0.7828368544578552,0.7828882932662964,5.143880844116211e-05,0.07687754184007645,0.07685387879610062,2.3663043975830078e-05,0.033083632588386536,0.03311872109770775,3.508850932121277e-05
14.25,0.7825642824172974,0.7826228737831116,5.8591365814208984e-05,0.07690931111574173,0.07688428461551666,2.502650022506714e-05,0.033100806176662445,0.03313727676868439,3.647059202194214e-05
14.300000190734863,0.7822919487953186,0.7823513746261597,5.942583084106445e-05,0.07694097608327866,0.07691425085067749,2.672523260116577e-05,0.033117957413196564,0.03315449878573418,3.6541372537612915e-05
14.350000381469727,0.7820197343826294,0.782077431678772,5.7697296142578125e-05,0.07697254419326782,0.07694443315267563,2.8111040592193604e-05,0.03313509374856949,0.03316999226808548,3.489851951599121e-05
14.399999618530273,0.7817476987838745,0.781806468963623,5.8770179748535156e-05,0.07700401544570923,0.07697553187608719,2.8483569622039795e-05,0.033152204006910324,0.03318391740322113,3.1713396310806274e-05
14.449999809265137,0.781475841999054,0.7815419435501099,6.61015510559082e-05,0.07703538984060287,0.07700781524181366,2.7574598789215088e-05,0.033169299364089966,0.03319688141345978,2.7582049369812012e-05
14.5,0.781204104423523,0.7812820076942444,7.790327072143555e-05,0.07706666737794876,0.07704085856676102,2.580881118774414e-05,0.03318636864423752,0.033209629356861115,2.326071262359619e-05
14.550000190734863,0.780932605266571,0.7810201644897461,8.755922317504883e-05,0.07709784060716629,0.0770738422870636,2.399832010269165e-05,0.03320341929793358,0.03322302922606468,1.9609928131103516e-05
14.600000381469727,0.7806612253189087,0.7807489633560181,8.7738037109375e-05,0.07712892442941666,0.07710599154233932,2.2932887077331543e-05,0.03322044759988785,0.03323788568377495,1.743808388710022e-05
14.649999618530273,0.7803900837898254,0.7804648876190186,7.480382919311523e-05,0.07715990394353867,0.07713674008846283,2.316385507583618e-05,0.03323745355010033,0.03325464576482773,1.7192214727401733e-05
14.699999809265137,0.7801190614700317,0.7801751494407654,5.608797073364258e-05,0.07719079405069351,0.07716666162014008,2.413243055343628e-05,0.033254437148571014,0.03327342867851257,1.8991529941558838e-05
14.75,0.7798482179641724,0.7798880338668823,3.981590270996094e-05,0.0772215873003006,0.07719673961400986,2.4847686290740967e-05,0.03327139839529991,0.03329375013709068,2.2351741790771484e-05
14.800000190734863,0.7795775532722473,0.7796092629432678,3.170967102050781e-05,0.07725228369235992,0.07722797989845276,2.4303793907165527e-05,0.03328833729028702,0.03331487625837326,2.6538968086242676e-05
14.850000381469727,0.7793070673942566,0.7793389558792114,3.1888484954833984e-05,0.07728288322687149,0.07726109772920609,2.1785497665405273e-05,0.03330525383353233,0.03333581984043121,3.0566006898880005e-05
14.899999618530273,0.7790367603302002,0.7790715098381042,3.4749507904052734e-05,0.0773133859038353,0.07729636132717133,1.7024576663970947e-05,0.03332214429974556,0.03335563465952873,3.349035978317261e-05
14.949999809265137,0.7787666320800781,0.7787992358207703,3.260374069213867e-05,0.07734379917383194,0.07733356207609177,1.023709774017334e-05,0.033339016139507294,0.03337397053837776,3.495439887046814e-05
15.0,0.7784966230392456,0.7785206437110901,2.4020671844482422e-05,0.07737411558628082,0.0773720070719719,2.1085143089294434e-06,0.03335585817694664,0.03339109569787979,3.5237520933151245e-05
15.050000190734863,0.7782268524169922,0.7782402038574219,1.33514404296875e-05,0.07740433514118195,0.07741082459688187,6.489455699920654e-06,0.033372681587934494,0.03340788930654526,3.520771861076355e-05
15.100000381469727,0.7779572010040283,0.7779662609100342,9.059906005859375e-06,0.0774344652891159,0.07744885236024857,1.4387071132659912e-05,0.03338947892189026,0.03342527151107788,3.579258918762207e-05
15.149999618530273,0.7776877284049988,0.7777040600776672,1.633167266845703e-05,0.0774644985795021,0.0774850845336914,2.0585954189300537e-05,0.033406250178813934,0.03344393149018288,3.768131136894226e-05
15.199999809265137,0.7774184942245483,0.7774550914764404,3.6597251892089844e-05,0.07749444246292114,0.07751820981502533,2.3767352104187012e-05,0.03342299535870552,0.03346392512321472,4.092976450920105e-05
15.25,0.7771493792533875,0.777210533618927,6.115436553955078e-05,0.07752428948879242,0.07754768431186676,2.339482307434082e-05,0.033439718186855316,0.03348447382450104,4.4755637645721436e-05
15.300000190734863,0.7768804430961609,0.7769626379013062,8.219480514526367e-05,0.07755403965711594,0.07757331430912018,1.9274652004241943e-05,0.03345641493797302,0.03350437805056572,4.7963112592697144e-05
15.350000381469727,0.7766116857528687,0.7767046093940735,9.292364120483398e-05,0.07758370041847229,0.07759594917297363,1.2248754501342773e-05,0.03347308561205864,0.03352256491780281,4.947930574417114e-05
15.399999618530273,0.7763431072235107,0.7764343619346619,9.125471115112305e-05,0.07761327177286148,0.07761715352535248,3.8817524909973145e-06,0.033489733934402466,0.03353828191757202,4.8547983169555664e-05
15.449999809265137,0.7760747075080872,0.7761582136154175,8.350610733032227e-05,0.07764274626970291,0.07763872295618057,4.023313522338867e-06,0.033506352454423904,0.03355170786380768,4.5355409383773804e-05
15.5,0.7758064270019531,0.7758808135986328,7.43865966796875e-05,0.07767212390899658,0.07766194641590118,1.017749309539795e-05,0.03352294862270355,0.03356353938579559,4.0590763092041016e-05
15.550000190734863,0.7755383849143982,0.775607168674469,6.878376007080078e-05,0.07770141959190369,0.07768750190734863,1.3917684555053711e-05,0.03353951498866081,0.03357507660984993,3.556162118911743e-05
15.600000381469727,0.7752705216407776,0.7753376364707947,6.711483001708984e-05,0.07773061841726303,0.07771492749452591,1.5690922737121582e-05,0.03355605527758598,0.03358742222189903,3.1366944313049316e-05
15.649999618530273,0.7750027775764465,0.7750676870346069,6.490945816040039e-05,0.07775972783565521,0.07774385064840317,1.5877187252044678e-05,0.033572569489479065,0.033601488918066025,2.891942858695984e-05
15.699999809265137,0.7747352719306946,0.7747920751571655,5.6803226470947266e-05,0.07778874039649963,0.07777336239814758,1.537799835205078e-05,0.03358905762434006,0.03361758217215538,2.8524547815322876e-05
15.75,0.7744678854942322,0.7745094299316406,4.1544437408447266e-05,0.07781766355037689,0.07780260592699051,1.5057623386383057e-05,0.03360551968216896,0.03363552317023277,3.0003488063812256e-05
15.800000190734863,0.7742006778717041,0.7742239236831665,2.3245811462402344e-05,0.07784649729728699,0.07783136516809464,1.5132129192352295e-05,0.033621951937675476,0.033654630184173584,3.267824649810791e-05
15.850000381469727,0.7739337086677551,0.7739427089691162,9.000301361083984e-06,0.07787523418664932,0.07785926759243011,1.5966594219207764e-05,0.0336383581161499,0.033674206584692,3.5848468542099e-05
15.899999618530273,0.7736668586730957,0.7736704349517822,3.5762786865234375e-06,0.07790388911962509,0.07788613438606262,1.7754733562469482e-05,0.03365473821759224,0.03369348868727684,3.875046968460083e-05
15.949999809265137,0.7734001874923706,0.7734095454216003,9.357929229736328e-06,0.0779324471950531,0.07791150361299515,2.094358205795288e-05,0.03367108851671219,0.03371189534664154,4.080682992935181e-05
16.0,0.7731337547302246,0.7731568813323975,2.3126602172851562e-05,0.07796091586351395,0.0779353454709053,2.5570392608642578e-05,0.03368741273880005,0.03372909501194954,4.1682273149490356e-05
16.049999237060547,0.7728674411773682,0.7729036211967468,3.618001937866211e-05,0.07798929512500763,0.07795731723308563,3.197789192199707e-05,0.03370370715856552,0.03374512866139412,4.142150282859802e-05
16.100000381469727,0.772601306438446,0.7726433277130127,4.202127456665039e-05,0.07801758497953415,0.07797792553901672,3.965944051742554e-05,0.033719971776008606,0.03376045078039169,4.047900438308716e-05
16.149999618530273,0.7723353505134583,0.7723755240440369,4.017353057861328e-05,0.07804577797651291,0.07799796015024185,4.781782627105713e-05,0.0337362103164196,0.03377556800842285,3.935769200325012e-05
16.200000762939453,0.7720695734024048,0.7721039652824402,3.439188003540039e-05,0.0780738890171051,0.07801854610443115,5.5342912673950195e-05,0.03375242277979851,0.03379109501838684,3.867223858833313e-05
16.25,0.7718040347099304,0.7718358039855957,3.17692756652832e-05,0.07810190320014954,0.07804123312234879,6.067007780075073e-05,0.03376860171556473,0.03380756452679634,3.896281123161316e-05
16.299999237060547,0.7715386152267456,0.7715779542922974,3.933906555175781e-05,0.0781298279762268,0.07806701958179474,6.280839443206787e-05,0.03378475457429886,0.03382508084177971,4.032626748085022e-05
16.350000381469727,0.7712733745574951,0.771327018737793,5.364418029785156e-05,0.07815767079591751,0.0780966505408287,6.102025508880615e-05,0.0338008776307106,0.033843521028757095,4.264339804649353e-05
16.399999618530273,0.771008312702179,0.7710763216018677,6.80088996887207e-05,0.07818541675806046,0.07812981307506561,5.560368299484253e-05,0.033816974610090256,0.03386222943663597,4.525482654571533e-05
16.450000762939453,0.7707434296607971,0.7708160281181335,7.259845733642578e-05,0.07821307331323624,0.07816611230373383,4.696100950241089e-05,0.033833038061857224,0.033880241215229034,4.720315337181091e-05
16.5,0.7704787254333496,0.7705423831939697,6.365776062011719e-05,0.07824064046144485,0.07820450514554977,3.6135315895080566e-05,0.0338490754365921,0.03389675170183182,4.7676265239715576e-05
16.549999237060547,0.7702142596244812,0.7702587842941284,4.45246696472168e-05,0.07826811820268631,0.07824442535638809,2.3692846298217773e-05,0.033865079283714294,0.033911123871803284,4.604458808898926e-05
16.600000381469727,0.7699499130249023,0.7699754238128662,2.5510787963867188e-05,0.0782955065369606,0.07828499376773834,1.0512769222259521e-05,0.0338810570538044,0.03392304480075836,4.1987746953964233e-05
16.649999618530273,0.7696857452392578,0.7697020173072815,1.627206802368164e-05,0.07832280546426773,0.07832546532154083,2.6598572731018066e-06,0.033897001296281815,0.03393280878663063,3.580749034881592e-05
16.700000762939453,0.7694217562675476,0.7694417238235474,1.996755599975586e-05,0.0783500149846077,0.0783645287156105,1.4513731002807617e-05,0.03391291946172714,0.033940933644771576,2.8014183044433594e-05
16.75,0.7691580057144165,0.7691917419433594,3.3736228942871094e-05,0.0783771350979805,0.0784013420343399,2.4206936359405518e-05,0.033928804099559784,0.03394843265414238,1.9628554582595825e-05
16.799999237060547,0.768894374370575,0.7689442038536072,4.982948303222656e-05,0.07840417325496674,0.07843505591154099,3.088265657424927e-05,0.033944662660360336,0.033956363797187805,1.1701136827468872e-05
16.850000381469727,0.7686309814453125,0.7686910629272461,6.008148193359375e-05,0.07843111455440521,0.07846583425998688,3.471970558166504e-05,0.0339604876935482,0.03396596387028694,5.476176738739014e-06
16.899999618530273,0.7683677077293396,0.7684330940246582,6.538629531860352e-05,0.07845796644687653,0.07849414646625519,3.618001937866211e-05,0.03397628292441368,0.03397831693291664,2.034008502960205e-06
16.950000762939453,0.7681046724319458,0.768170952796936,6.628036499023438e-05,0.07848473638296127,0.07852098345756531,3.6247074604034424e-05,0.03399204835295677,0.033994272351264954,2.2239983081817627e-06
17.0,0.7678417563438416,0.767909586429596,6.783008575439453e-05,0.07851140946149826,0.07854708284139633,3.567337989807129e-05,0.034007783979177475,0.034014105796813965,6.321817636489868e-06
17.049999237060547,0.7675790786743164,0.7676509618759155,7.18832015991211e-05,0.07853800058364868,0.07857286930084229,3.4868717193603516e-05,0.03402348607778549,0.034037746489048004,1.4260411262512207e-05
17.100000381469727,0.7673165798187256,0.7673941850662231,7.76052474975586e-05,0.07856449484825134,0.07859788089990616,3.3386051654815674e-05,0.03403915837407112,0.03406434506177902,2.5186687707901e-05
17.149999618530273,0.7670542001724243,0.7671367526054382,8.255243301391602e-05,0.07859090715646744,0.07862132787704468,3.042072057723999e-05,0.03405480086803436,0.034092724323272705,3.7923455238342285e-05
17.200000762939453,0.7667920589447021,0.766873836517334,8.177757263183594e-05,0.07861723005771637,0.07864250987768173,2.527981996536255e-05,0.03407040983438492,0.03412144258618355,5.103275179862976e-05
17.25,0.7665300965309143,0.7666047215461731,7.462501525878906e-05,0.07864346355199814,0.078661248087883,1.7784535884857178e-05,0.034085988998413086,0.034148797392845154,6.280839443206787e-05
17.299999237060547,0.7662683129310608,0.7663300037384033,6.16908073425293e-05,0.07866960763931274,0.07867798209190369,8.374452590942383e-06,0.034101538360118866,0.03417348861694336,7.195025682449341e-05
17.350000381469727,0.7660067081451416,0.7660558819770813,4.9173831939697266e-05,0.07869566231966019,0.07869404554367065,1.6167759895324707e-06,0.03411705419421196,0.0341944620013237,7.740780711174011e-05
17.399999618530273,0.7657453417778015,0.7657856941223145,4.035234451293945e-05,0.07872162759304047,0.07871104031801224,1.058727502822876e-05,0.034132540225982666,0.03421131893992424,7.87787139415741e-05
17.450000762939453,0.765484094619751,0.7655233144760132,3.921985626220703e-05,0.07874751091003418,0.07873028516769409,1.722574234008789e-05,0.034147992730140686,0.034224022179841995,7.60294497013092e-05
17.5,0.7652230858802795,0.7652658820152283,4.279613494873047e-05,0.07877329736948013,0.07875269651412964,2.0600855350494385e-05,0.03416341543197632,0.03423326462507248,6.984919309616089e-05
17.549999237060547,0.7649621963500977,0.7650106549263,4.845857620239258e-05,0.07879900187253952,0.07877811044454575,2.0891427993774414e-05,0.034178804606199265,0.034239985048770905,6.118044257164001e-05
17.600000381469727,0.7647015452384949,0.7647518515586853,5.030632019042969e-05,0.07882461696863174,0.07880561053752899,1.9006431102752686e-05,0.03419416397809982,0.03424542397260666,5.125999450683594e-05
17.649999618530273,0.7644410729408264,0.7644882798194885,4.7206878662109375e-05,0.0788501426577568,0.07883428037166595,1.586228609085083e-05,0.0342094860970974,0.034250933676958084,4.1447579860687256e-05
17.700000762939453,0.7641807794570923,0.7642210721969604,4.029273986816406e-05,0.0788755863904953,0.07886256277561188,1.3023614883422852e-05,0.03422478213906288,0.034257687628269196,3.290548920631409e-05
17.75,0.7639206647872925,0.763954758644104,3.409385681152344e-05,0.07890093326568604,0.07888974994421005,1.1183321475982666e-05,0.03424004465341568,0.03426659107208252,2.65464186668396e-05
17.799999237060547,0.763660728931427,0.7636914253234863,3.069639205932617e-05,0.0789261981844902,0.07891535758972168,1.084059476852417e-05,0.03425527364015579,0.03427814692258835,2.2873282432556152e-05
17.850000381469727,0.7634009718894958,0.7634308934211731,2.9921531677246094e-05,0.07895137369632721,0.07893934100866318,1.2032687664031982e-05,0.03427046909928322,0.034292157739400864,2.1688640117645264e-05
17.899999618530273,0.7631414532661438,0.7631716728210449,3.0219554901123047e-05,0.07897645980119705,0.07896255701780319,1.3902783393859863e-05,0.03428563103079796,0.03430824354290962,2.261251211166382e-05
17.950000762939453,0.7628821134567261,0.7629127502441406,3.063678741455078e-05,0.07900145649909973,0.07898593693971634,1.5519559383392334e-05,0.03430076315999031,0.03432558849453926,2.4825334548950195e-05
18.0,0.7626229524612427,0.7626533508300781,3.039836883544922e-05,0.07902636379003525,0.0790102407336235,1.6123056411743164e-05,0.03431586176156998,0.03434348478913307,2.7623027563095093e-05
18.049999237060547,0.7623639702796936,0.7623935341835022,2.956390380859375e-05,0.0790511891245842,0.07903645187616348,1.4737248420715332e-05,0.034330930560827255,0.03436138853430748,3.045797348022461e-05
18.100000381469727,0.7621051669120789,0.7621349692344666,2.9802322387695312e-05,0.07907592505216599,0.07906465977430344,1.1265277862548828e-05,0.03434596210718155,0.0343790277838707,3.306567668914795e-05
18.149999618530273,0.7618465423583984,0.761875569820404,2.9027462005615234e-05,0.07910057157278061,0.07909464836120605,5.923211574554443e-06,0.034360963851213455,0.03439648076891899,3.551691770553589e-05
18.200000762939453,0.7615881562232971,0.7616145014762878,2.6345252990722656e-05,0.07912512868642807,0.07912573218345642,6.034970283508301e-07,0.034375932067632675,0.03441410884261131,3.8176774978637695e-05
18.25,0.7613299489021301,0.7613505125045776,2.0563602447509766e-05,0.07914960384368896,0.07915697991847992,7.37607479095459e-06,0.03439086303114891,0.03443247452378273,4.161149263381958e-05
18.299999237060547,0.7610719203948975,0.7610810399055481,9.119510650634766e-06,0.0791739821434021,0.07918743044137955,1.344829797744751e-05,0.03440576791763306,0.03445199504494667,4.622712731361389e-05
18.350000381469727,0.7608140707015991,0.7608086466789246,5.424022674560547e-06,0.07919827848672867,0.07921658456325531,1.8306076526641846e-05,0.03442063555121422,0.03447290509939194,5.2269548177719116e-05
18.399999618530273,0.7605563998222351,0.7605387568473816,1.7642974853515625e-05,0.07922248542308807,0.07924403995275497,2.1554529666900635e-05,0.034435469657182693,0.034494999796152115,5.953013896942139e-05
18.450000762939453,0.7602989673614502,0.7602739930152893,2.4974346160888672e-05,0.07924661040306091,0.0792698934674263,2.3283064365386963e-05,0.03445027023553848,0.03451789170503616,6.762146949768066e-05
18.5,0.7600417137145996,0.7600173950195312,2.4318695068359375e-05,0.07927063852548599,0.0792941153049469,2.3476779460906982e-05,0.034465037286281586,0.03454066067934036,7.562339305877686e-05
18.549999237060547,0.7597846388816833,0.759765625,1.901388168334961e-05,0.0792945846915245,0.0793168693780899,2.228468656539917e-05,0.034479770809412,0.0345623642206192,8.25934112071991e-05
18.600000381469727,0.7595277428627014,0.7595169544219971,1.0788440704345703e-05,0.07931844145059586,0.07933852821588516,2.008676528930664e-05,0.03449447453022003,0.034582264721393585,8.779019117355347e-05
18.649999618530273,0.7592710852622986,0.7592703700065613,7.152557373046875e-07,0.07934220880270004,0.07935996353626251,1.7754733562469482e-05,0.034509140998125076,0.03459986299276352,9.072199463844299e-05
18.700000762939453,0.7590146064758301,0.7590258717536926,1.1265277862548828e-05,0.07936589419841766,0.07938217371702194,1.6279518604278564e-05,0.034523773938417435,0.034615080803632736,9.130686521530151e-05
18.75,0.7587583065032959,0.7587823271751404,2.4020671844482422e-05,0.07938948273658752,0.07940616458654404,1.668184995651245e-05,0.03453837335109711,0.03462827205657959,8.989870548248291e-05
18.799999237060547,0.758502185344696,0.7585383653640747,3.618001937866211e-05,0.07941298931837082,0.07943248748779297,1.9498169422149658e-05,0.03455293923616409,0.03463996574282646,8.702650666236877e-05
18.850000381469727,0.7582462430000305,0.7582911849021912,4.494190216064453e-05,0.07943640649318695,0.07946113497018814,2.4728477001190186e-05,0.03456747159361839,0.03465094789862633,8.347630500793457e-05
18.899999618530273,0.7579905390739441,0.7580376863479614,4.7147274017333984e-05,0.07945974171161652,0.07949100434780121,3.126263618469238e-05,0.03458196669816971,0.03466185927391052,7.989257574081421e-05
18.950000762939453,0.757735013961792,0.7577770352363586,4.202127456665039e-05,0.07948298007249832,0.07952076941728592,3.7789344787597656e-05,0.034596432000398636,0.03467313572764397,7.670372724533081e-05
19.0,0.7574796676635742,0.7575135231018066,3.3855438232421875e-05,0.07950613647699356,0.07954961806535721,4.348158836364746e-05,0.03461086004972458,0.034685127437114716,7.426738739013672e-05
19.049999237060547,0.7572245597839355,0.7572530508041382,2.849102020263672e-05,0.07952920347452164,0.07957670092582703,4.7497451305389404e-05,0.034625254571437836,0.034697797149419785,7.254257798194885e-05
19.100000381469727,0.7569696307182312,0.7569994330406189,2.9802322387695312e-05,0.07955218851566315,0.07960209995508194,4.9911439418792725e-05,0.034639615565538406,0.03471062332391739,7.100775837898254e-05
19.149999618530273,0.7567148804664612,0.756749153137207,3.427267074584961e-05,0.0795750766992569,0.0796259343624115,5.085766315460205e-05,0.03465394303202629,0.03472302481532097,6.908178329467773e-05
19.200000762939453,0.7564603686332703,0.756497323513031,3.695487976074219e-05,0.07959788292646408,0.07964834570884705,5.046278238296509e-05,0.03466823697090149,0.03473476320505142,6.652623414993286e-05
19.25,0.7562059760093689,0.7562391757965088,3.319978713989258e-05,0.0796205997467041,0.07966956496238708,4.89652156829834e-05,0.0346824936568737,0.034745775163173676,6.328150629997253e-05
19.299999237060547,0.7559518218040466,0.7559744119644165,2.2590160369873047e-05,0.07964323461055756,0.07968946546316147,4.6230852603912354e-05,0.03469671681523323,0.03475701063871384,6.029382348060608e-05
19.350000381469727,0.7556979060173035,0.7557074427604675,9.5367431640625e-06,0.07966577261686325,0.07970850169658661,4.2729079723358154e-05,0.03471090644598007,0.03476942330598831,5.8516860008239746e-05
19.399999618530273,0.7554441690444946,0.7554441094398499,5.960464477539063e-08,0.07968822866678238,0.07972744107246399,3.921240568161011e-05,0.03472505882382393,0.03478425368666649,5.9194862842559814e-05
19.450000762939453,0.7551906108856201,0.7551882863044739,2.3245811462402344e-06,0.07971059530973434,0.07974730432033539,3.67090106010437e-05,0.0347391776740551,0.034801892936229706,6.271526217460632e-05
19.5,0.7549372315406799,0.7549364566802979,7.748603820800781e-07,0.07973287254571915,0.079769067466259,3.619492053985596e-05,0.034753262996673584,0.03482216224074364,6.88992440700531e-05
19.549999237060547,0.7546840906143188,0.7546800374984741,4.0531158447265625e-06,0.07975506782531738,0.0797933042049408,3.8236379623413086e-05,0.03476731479167938,0.03484394773840904,7.663294672966003e-05
19.600000381469727,0.7544311285018921,0.7544151544570923,1.5974044799804688e-05,0.07977717369794846,0.07981988042593002,4.270672798156738e-05,0.034781329333782196,0.034865692257881165,8.43629240989685e-05
19.649999618530273,0.7541783452033997,0.7541401386260986,3.820657730102539e-05,0.07979919016361237,0.07984887063503265,4.9680471420288086e-05,0.034795310348272324,0.034885600209236145,9.028986096382141e-05
19.700000762939453,0.7539258003234863,0.7538613677024841,6.443262100219727e-05,0.07982111722230911,0.07988041639328003,5.929917097091675e-05,0.03480925410985947,0.03490219637751579,9.29422676563263e-05
19.75,0.7536734342575073,0.7535890936851501,8.434057235717773e-05,0.0798429623246193,0.0799153596162796,7.239729166030884e-05,0.03482316434383392,0.03491460904479027,9.14447009563446e-05
19.799999237060547,0.7534212470054626,0.7533276677131653,9.357929229736328e-05,0.07986471056938171,0.07995491474866867,9.020417928695679e-05,0.034837041050195694,0.03492254018783569,8.549913763999939e-05
19.850000381469727,0.7531692981719971,0.7530723810195923,9.691715240478516e-05,0.07988637685775757,0.07999945431947708,0.00011307746171951294,0.03485088050365448,0.03492657095193863,7.569044828414917e-05
19.899999618530273,0.7529175281524658,0.7528098821640015,0.00010764598846435547,0.07990796118974686,0.080048106610775,0.0001401454210281372,0.03486468270421028,0.034928109496831894,6.342679262161255e-05
19.950000762939453,0.7526659965515137,0.7525231242179871,0.00014287233352661133,0.07992944866418839,0.08009807020425797,0.00016862154006958008,0.034878455102443695,0.03492936119437218,5.0906091928482056e-05
20.0,0.7524146437644958,0.7521998286247253,0.0002148151397705078,0.07995085418224335,0.08014464378356934,0.00019378960132598877,0.034892186522483826,0.03493278846144676,4.06019389629364e-05
