method_key,noise_standard_deviation,panel_index,case_count_total,case_count_successful,failure_count,parameter_normalized_rmse_panel_mean,trajectory_relative_l2_panel_mean,warm_online_seconds_panel_mean,warm_online_seconds_panel_median,candidate_objective_evaluations_panel_mean,direct_trajectory_solves_panel_mean,solver_batch_calls_panel_mean,boundary_count,normalized_absolute_error_a_panel_mean,normalized_absolute_error_b_panel_mean
de,0.005,0,50,50,0,0.010506932921011167,0.0005046875200956695,100.32980028206482,100.47108266269788,3000.0,24000.0,100.0,0,0.014581544148680787,0.002527946663928857
de,0.005,1,50,50,0,0.012932291099040084,0.0006222954479094478,100.70638649973087,100.58887849072926,3000.0,24000.0,100.0,1,0.017910973970798723,0.0032740266460072943
de,0.005,2,50,50,0,0.014018400463259483,0.0005640668387642121,98.08974420986138,98.55571022373624,3000.0,24000.0,100.0,0,0.019462380199369633,0.0034775204558205124
de,0.005,3,50,50,0,0.010135110249861775,0.000615001445252897,100.47692300716415,100.34070211532526,3000.0,24000.0,100.0,2,0.01399914534363273,0.002635591188525388
de,0.005,4,50,50,0,0.011394016140165088,0.0005230933490621265,102.08147356971168,101.93151549459435,3000.0,24000.0,100.0,3,0.015813311582378583,0.0028996419450272063
de,0.005,5,50,50,0,0.012417551011526903,0.0005230224426935902,102.75720235780813,102.86760980356485,3000.0,24000.0,100.0,2,0.017192212562897907,0.003131679581185917
de,0.005,6,50,50,0,0.014894340405160165,0.0005476486059462172,102.56548581696116,102.40412727487274,3000.0,24000.0,100.0,1,0.020694530743361618,0.0036341416499467093
de,0.005,7,50,50,0,0.013462203729899957,0.0005527558630584703,100.40719716185704,100.51621389365755,3000.0,24000.0,100.0,0,0.018670258192392708,0.003355851785894176
de,0.005,8,50,50,0,0.012216022427237471,0.0005502770699156597,98.96340811881237,98.92658525984734,3000.0,24000.0,100.0,2,0.01693916323430813,0.0029988277702481915
de,0.005,9,50,50,0,0.013283335993639954,0.0006256408978103515,98.10584168429486,97.88173344894312,3000.0,24000.0,100.0,2,0.01840736339460719,0.0033402429785507615
de,0.005,10,50,50,0,0.01225683531745812,0.0005443302770870925,101.05063060298562,100.97997145890258,3000.0,24000.0,100.0,1,0.016967244415267712,0.003045268733921752
de,0.005,11,50,50,0,0.012004534510302416,0.0005213361125596523,100.13050696310587,99.8739253191743,3000.0,24000.0,100.0,1,0.016650102943825563,0.0030486799512940534
de,0.005,12,50,50,0,0.012857205603548779,0.0005013950494964628,100.27083367484622,99.98600652464665,3000.0,24000.0,100.0,1,0.017849038716171897,0.0031989170571737084
de,0.005,13,50,50,0,0.009695013679272259,0.0005246341499713139,100.09345533161424,100.15510249580257,3000.0,24000.0,100.0,0,0.013484074931886829,0.0022322261342926615
de,0.005,14,50,50,0,0.013772400899940468,0.0006162435833923883,100.7279159784317,100.57612687489018,3000.0,24000.0,100.0,2,0.019079927391052114,0.0035954815385682627
de,0.005,15,50,50,0,0.012151561762622864,0.0005279940772859172,102.29312453922816,102.2484212119598,3000.0,24000.0,100.0,1,0.016816082732191897,0.0033037572107116166
de,0.005,16,50,50,0,0.010211233842630897,0.000528404425329771,98.51781193295494,98.4519937960431,3000.0,24000.0,100.0,0,0.014142056437171919,0.0025834085192418975
de,0.005,17,50,50,0,0.013811316172871853,0.0005982077122127208,98.93429638717323,99.2547550809104,3000.0,24000.0,100.0,1,0.019099306098928945,0.003575214886361297
de,0.005,18,50,50,0,0.012611175722343361,0.0005743851472606518,100.52370178487152,100.662305327598,3000.0,24000.0,100.0,1,0.01751282455164731,0.003034704610320407
de,0.005,19,50,50,0,0.010738748374357832,0.0005792649919703228,100.74529558965936,100.69456609035842,3000.0,24000.0,100.0,0,0.014875758327603586,0.002728659873775227
de,0.01,0,50,50,0,0.02059952152898844,0.0010030621117903525,99.72580994693563,100.54620157950558,3000.0,24000.0,100.0,2,0.028580736883601486,0.004988901618992559
de,0.01,1,50,50,0,0.02539350393746117,0.0012327211114829544,100.81791246824898,100.92075555049814,3000.0,24000.0,100.0,2,0.03517051087335051,0.0064034326238162
de,0.01,2,50,50,0,0.02776529901031256,0.0011238978120411524,98.26574104425498,98.03079304401763,3000.0,24000.0,100.0,3,0.03854558078018875,0.006901737221709696
de,0.01,3,50,50,0,0.01967328207256966,0.0012225988682447488,100.57151957586407,100.72352694603615,3000.0,24000.0,100.0,2,0.027154939469161376,0.005177401098695336
de,0.01,4,50,50,0,0.02167434125526024,0.0010225221249769041,102.26489687746391,101.95084011391737,3000.0,24000.0,100.0,4,0.030068963917292,0.005564647173137646
de,0.01,5,50,50,0,0.024265072955075503,0.0010343240539961978,102.81476473489776,102.79896093369462,3000.0,24000.0,100.0,2,0.033598607569065866,0.0061121016917407445
de,0.01,6,50,50,0,0.029292218461181317,0.0010870366888952531,102.33644917888567,101.99920981004834,3000.0,24000.0,100.0,3,0.040698159492801686,0.007148694684402124
de,0.01,7,50,50,0,0.026934799787587265,0.0011057732362452612,100.31542629124597,100.59601342165843,3000.0,24000.0,100.0,0,0.037355535304711605,0.006706125723156606
de,0.01,8,50,50,0,0.023877337319369342,0.0010977250464960144,98.86776623739861,98.73785507492721,3000.0,24000.0,100.0,2,0.033094506421240386,0.005916250084790759
de,0.01,9,50,50,0,0.025829760337820303,0.001221075064297626,98.23186619352549,98.10026568756439,3000.0,24000.0,100.0,3,0.03580360805853635,0.0064285347471920926
de,0.01,10,50,50,0,0.024007447565420045,0.0010808295612283025,101.47589565729723,101.2376037039794,3000.0,24000.0,100.0,4,0.03322306148486744,0.005977155048704458
de,0.01,11,50,50,0,0.02294695001412872,0.001028757589363158,100.09825572097674,100.22740857396275,3000.0,24000.0,100.0,3,0.031811943638176576,0.005909505647388094
de,0.01,12,50,50,0,0.025138976735944972,0.000987462454893567,100.35280857047998,99.97448923904449,3000.0,24000.0,100.0,2,0.03489693465604109,0.0062382564618948064
de,0.01,13,50,50,0,0.019404748616184193,0.001049274308055886,99.93412437418476,99.52662751940079,3000.0,24000.0,100.0,1,0.02698911094869784,0.004466943711902422
de,0.01,14,50,50,0,0.02637658974010311,0.0012018201220231693,100.7743093183916,100.6630011885427,3000.0,24000.0,100.0,3,0.0365358366029364,0.006886285251981967
de,0.01,15,50,50,0,0.023778800027873886,0.0010493598248130034,101.88453800436109,101.88749960181303,3000.0,24000.0,100.0,3,0.032895185564429046,0.006516555424220258
de,0.01,16,50,50,0,0.020409696511538736,0.0010567890998583272,98.55176664558239,98.65236781700514,3000.0,24000.0,100.0,0,0.028263863609551926,0.005169641438406797
de,0.01,17,50,50,0,0.026623445290572114,0.0011777707870138274,99.05774769055657,99.2985727135092,3000.0,24000.0,100.0,4,0.03680209717497901,0.006937648385629245
de,0.01,18,50,50,0,0.02448387363191719,0.0011342855673552455,100.43837629486806,100.54191165254451,3000.0,24000.0,100.0,3,0.033995904254765744,0.005903268821739358
de,0.01,19,50,50,0,0.021111023516594427,0.0011462033478284728,100.6360435821861,100.57181523460895,3000.0,24000.0,100.0,3,0.02924948415910412,0.0053232951704221656
de,0.02,0,50,50,0,0.03939625358514838,0.001975246716732559,100.13267278418876,100.43452642438933,3000.0,24000.0,100.0,3,0.05462703687677732,0.009697158910540014
de,0.02,1,50,50,0,0.04884769138820728,0.002430287991728358,101.00100220311433,101.00647191843018,3000.0,24000.0,100.0,6,0.0676209437967037,0.012396942746801826
de,0.02,2,50,50,0,0.05219493535789701,0.0022027243921116674,98.32644588712603,98.244044912979,3000.0,24000.0,100.0,5,0.07241373796601386,0.013132111943994947
de,0.02,3,50,50,0,0.03861067907246177,0.0024370761425905256,100.46343962820247,100.59614365524612,3000.0,24000.0,100.0,3,0.05325232282531477,0.010258441634032469
de,0.02,4,50,50,0,0.04220393054649103,0.0020278570890895566,102.14581919837742,102.11996790207922,3000.0,24000.0,100.0,4,0.058529386493652205,0.010889545291611877
de,0.02,5,50,50,0,0.04750487875453274,0.0020530161444477935,102.50777007484808,102.46272655646317,3000.0,24000.0,100.0,3,0.0657417097516283,0.01196175051516216
de,0.02,6,50,50,0,0.056799396663389776,0.002151778752802519,102.00752098957076,102.04274635971524,3000.0,24000.0,100.0,5,0.0788948815513496,0.014009036730446192
de,0.02,7,50,50,0,0.052726816288277946,0.0021833942247410656,100.34581454790197,100.74451719387434,3000.0,24000.0,100.0,4,0.07312950703087279,0.013110917201829267
de,0.02,8,50,50,0,0.04615876063010056,0.0021780068924582186,98.81596509357914,98.70378436008468,3000.0,24000.0,100.0,3,0.06393337105181146,0.011668867986258834
de,0.02,9,50,50,0,0.050713383156877574,0.0024132619760357725,98.08004245655611,97.9516299793031,3000.0,24000.0,100.0,4,0.07028224683329343,0.012544126440015601
de,0.02,10,50,50,0,0.046033154615083685,0.0021343492425058125,101.19075651706197,101.2031478676945,3000.0,24000.0,100.0,4,0.06367436558421444,0.011627108872822929
de,0.02,11,50,50,0,0.04359514684608123,0.002025295859516518,99.9598523464147,100.0433748436626,3000.0,24000.0,100.0,5,0.06040138501186559,0.011339118192147866
de,0.02,12,50,50,0,0.04899409228640951,0.001953501736504291,100.44373047421686,100.37068007257767,3000.0,24000.0,100.0,4,0.06800354199858315,0.01218003566801643
de,0.02,13,50,50,0,0.03846642935474616,0.002089510606921991,100.06315782144665,99.92380867805332,3000.0,24000.0,100.0,1,0.0535018203971837,0.008845321844015186
de,0.02,14,50,50,0,0.049735340052430785,0.0023385963990642774,100.76031063721516,100.68618856393732,3000.0,24000.0,100.0,7,0.06886630585249298,0.013005601868711976
de,0.02,15,50,50,0,0.0458008307683285,0.0020727318210595623,102.11781734831631,102.47761821211316,3000.0,24000.0,100.0,5,0.06332616468291025,0.012630456050871685
de,0.02,16,50,50,0,0.03965069010679564,0.002080905686009653,98.55037877690978,98.45552426599897,3000.0,24000.0,100.0,4,0.054886477944988826,0.01012888496828905
de,0.02,17,50,50,0,0.04993955664290934,0.002296284506594341,99.04964309439063,99.40035523544066,3000.0,24000.0,100.0,8,0.06896510747596643,0.013189280100301671
de,0.02,18,50,50,0,0.04732886930269645,0.0022349980065485835,100.58777987331152,100.58639958174899,3000.0,24000.0,100.0,4,0.06569944039598155,0.011487586779888277
de,0.02,19,50,50,0,0.03952864279224457,0.0022210317647982244,100.66940866984427,100.57479149312712,3000.0,24000.0,100.0,7,0.0547539607906719,0.009934073653197118
de,0.05,0,50,50,0,0.08794474818768004,0.0047491999733977565,100.17339674376882,100.11840400937945,3000.0,24000.0,100.0,8,0.12177493125826758,0.02227680296117383
de,0.05,1,50,50,0,0.10849410089602024,0.005856430028210429,100.87783999366685,100.63872743910179,3000.0,24000.0,100.0,14,0.14988543238866994,0.027967531866379083
de,0.05,2,50,50,0,0.11467352739131483,0.005251035972774904,98.270590818692,98.62652848032303,3000.0,24000.0,100.0,11,0.15885130792056154,0.029887509254582074
de,0.05,3,50,50,0,0.0865238477202091,0.0058293790471881865,100.44179231125861,100.60927689750679,3000.0,24000.0,100.0,11,0.1191478370310013,0.02324146433562914
de,0.05,4,50,50,0,0.09748703568447807,0.004898721256450325,102.01240152622573,102.0550429832656,3000.0,24000.0,100.0,10,0.13504095044920555,0.025611834112355205
de,0.05,5,50,50,0,0.10095626758853701,0.004837292008864006,102.9805039602425,102.99602524703369,3000.0,24000.0,100.0,14,0.13935383496476372,0.02618356277746371
de,0.05,6,50,50,0,0.12793557442142586,0.005174735047364467,102.46107277701608,102.38864148943685,3000.0,24000.0,100.0,12,0.17750536524546823,0.03200739923182353
de,0.05,7,50,50,0,0.11490646043889127,0.0050674816890673765,100.16981989245862,100.72281418810599,3000.0,24000.0,100.0,10,0.15940617338856072,0.02797465922618966
de,0.05,8,50,50,0,0.10749757390780589,0.005359384431215541,98.79364094559104,98.80500653712079,3000.0,24000.0,100.0,6,0.14871178516885056,0.027929551249621563
de,0.05,9,50,50,0,0.1184948335730396,0.0058141100517980614,98.10617523305118,97.96878441935405,3000.0,24000.0,100.0,9,0.1640242631381507,0.029489156861351683
de,0.05,10,50,50,0,0.10365632153977966,0.0051557989206599255,101.24527723092586,101.19142573163845,3000.0,24000.0,100.0,12,0.1431482600330446,0.026953210654891833
de,0.05,11,50,50,0,0.09364773547364502,0.004790452993389602,100.20683635334484,100.20450703985989,3000.0,24000.0,100.0,12,0.12952465455605444,0.02502544422683003
de,0.05,12,50,50,0,0.10397539445913848,0.004530631625953886,100.26285459872335,99.8475966101978,3000.0,24000.0,100.0,11,0.14417691724563528,0.026278238876122028
de,0.05,13,50,50,0,0.0891180477887505,0.005037478995950438,99.99688807231374,99.61316848639399,3000.0,24000.0,100.0,7,0.12394397003391411,0.020515649219041338
de,0.05,14,50,50,0,0.10735853980446207,0.005476274632493862,100.86094409464859,100.89850268070586,3000.0,24000.0,100.0,13,0.14853807944171218,0.028443381572794673
de,0.05,15,50,50,0,0.09910520610635089,0.004866589165090814,102.00365275004879,102.06492395163514,3000.0,24000.0,100.0,11,0.13675503688857565,0.027586058257391535
de,0.05,16,50,50,0,0.0818423018569662,0.004777516657395311,98.30415121193045,98.23583872639574,3000.0,24000.0,100.0,12,0.11297722847282589,0.021534214064311316
de,0.05,17,50,50,0,0.10563366301005558,0.005447930781550567,98.90754070797004,99.19890675251372,3000.0,24000.0,100.0,11,0.14531015982049947,0.02930115157434245
de,0.05,18,50,50,0,0.09971452611510241,0.005314079271456637,100.56016169052572,100.50496778148226,3000.0,24000.0,100.0,10,0.13810999065304952,0.025654967961664835
de,0.05,19,50,50,0,0.08508463301601144,0.005206421297865359,100.65766157191247,100.67971830093302,3000.0,24000.0,100.0,11,0.11772903713321017,0.021559509726398026
frozen,0.005,0,50,50,0,0.011162752819108694,0.0005100645428624615,2.1261650027520953,2.023491407278925,nan,nan,nan,1,0.015457417195138087,0.002805550640134627
frozen,0.005,1,50,50,0,0.01318755927354127,0.0006506218822671925,2.8623177231103183,2.8282167033758014,nan,nan,nan,1,0.018237938456436304,0.0032865655269511546
frozen,0.005,2,50,50,0,0.013537875471463644,0.0005593210370520317,2.6071884421724825,2.466170968255028,nan,nan,nan,1,0.018803085771828203,0.0033172797192978914
frozen,0.005,3,50,50,0,0.010129945797918295,0.0006208756009745733,2.104104979680851,2.03113147825934,nan,nan,nan,2,0.013960523754890632,0.002744621253854271
frozen,0.005,4,50,50,0,0.012608993150303427,0.0005916869853015478,1.9986460827942938,1.9396227956749499,nan,nan,nan,2,0.017444850598039477,0.003378988198237123
frozen,0.005,5,50,50,0,0.012440985714171699,0.0005429642729786988,2.1353882708586753,2.0833263569511473,nan,nan,nan,2,0.017251783106311525,0.003099476974274215
frozen,0.005,6,50,50,0,0.014394907377831683,0.0005860070430295675,2.3180370064079763,2.2719489177688956,nan,nan,nan,0,0.01989251195057208,0.003718328233400306
frozen,0.005,7,50,50,0,0.013841242040051185,0.0005632396594924803,2.2532245043385775,2.3315492873080075,nan,nan,nan,0,0.019196782846188157,0.0034402131209510826
frozen,0.005,8,50,50,0,0.015601422362459285,0.0006177088944566027,2.2598395583964885,2.352888092165813,nan,nan,nan,2,0.021659664380383473,0.0038015474849920432
frozen,0.005,9,50,50,0,0.014011397261529302,0.0006464255117666897,1.9972931961808353,1.9810380535200238,nan,nan,nan,2,0.019462932539455996,0.003499948247802373
frozen,0.005,10,50,50,0,0.012425825535064777,0.000581026306263192,2.2715543600264936,2.1669687000103295,nan,nan,nan,1,0.017167936598347797,0.0031096717363665676
frozen,0.005,11,50,50,0,0.01422850369339039,0.000599636993170189,2.4368399271089585,2.4756567424628884,nan,nan,nan,2,0.019758502560331043,0.00351864232970818
frozen,0.005,12,50,50,0,0.013136332173262317,0.0005192284335756892,2.423780155219138,2.4629096505232155,nan,nan,nan,1,0.018221444327858407,0.0033198249372672376
frozen,0.005,13,50,50,0,0.010599591652099102,0.0005585100257409804,2.3583711400348695,2.428275362821296,nan,nan,nan,0,0.014713868865650155,0.002464773570584869
frozen,0.005,14,50,50,0,0.01376739984887938,0.000619952289258385,2.4704583778977396,2.3685742197558284,nan,nan,nan,2,0.019063337847500535,0.00363631686822731
frozen,0.005,15,50,50,0,0.012430937204756704,0.0005357044227318775,2.2751142848283052,2.21485562575981,nan,nan,nan,1,0.01718364123368345,0.003436659179884402
frozen,0.005,16,50,50,0,0.011369998667033436,0.0006447258397738117,2.3180536861903964,2.19727338058874,nan,nan,nan,0,0.01574483657454766,0.0025970801178627186
frozen,0.005,17,50,50,0,0.014814773086679407,0.0006226640185347767,2.3630302279349418,2.2951467901002616,nan,nan,nan,1,0.020520613882863605,0.0038171216565971973
frozen,0.005,18,50,50,0,0.012901869703211917,0.0006628390858647637,2.1521979096252473,2.0628157700411975,nan,nan,nan,1,0.01785800497279733,0.0031986621230762264
frozen,0.005,19,50,50,0,0.010597658888685189,0.0005961150301110294,2.260001965118572,2.1246623538900167,nan,nan,nan,0,0.014623237477628469,0.0027193863096365706
frozen,0.01,0,50,50,0,0.021084052619298386,0.0009894686643924294,1.8602721519768237,1.802486820379272,nan,nan,nan,2,0.029209640193330656,0.0051987790351302335
frozen,0.01,1,50,50,0,0.025618095899948314,0.0012563164058410187,2.6986241471022367,2.629864732036367,nan,nan,nan,4,0.035449073210197385,0.006424103363979659
frozen,0.01,2,50,50,0,0.027185905493232097,0.00111362259150313,2.335981908235699,2.4398983565624803,nan,nan,nan,2,0.037718946080137164,0.006713474046965516
frozen,0.01,3,50,50,0,0.019420069810050324,0.0012213125614100762,1.7222511361725628,1.6787533764727414,nan,nan,nan,2,0.026741312496873237,0.00522888365467237
frozen,0.01,4,50,50,0,0.022756900581915082,0.001076924127908419,1.7321887587942184,1.6467424903530627,nan,nan,nan,4,0.031494192624768894,0.005969784549669924
frozen,0.01,5,50,50,0,0.02427041519686701,0.001043946046854753,1.8920215440820902,1.8509240970015526,nan,nan,nan,2,0.033639595402861,0.006073899250294263
frozen,0.01,6,50,50,0,0.028515626746830253,0.0010983921689552449,2.0921365343872456,1.9409622834064066,nan,nan,nan,2,0.039604078021972924,0.0069754869454937115
frozen,0.01,7,50,50,0,0.027294181047437284,0.001110086964915104,1.9837685672752559,1.8981915793847293,nan,nan,nan,0,0.03786179933839601,0.006781890452731307
frozen,0.01,8,50,50,0,0.026068419923598166,0.0011387667313487817,2.0136543876770885,1.9000027631409466,nan,nan,nan,2,0.03613498202161762,0.006417232348472349
frozen,0.01,9,50,50,0,0.025882926161953694,0.0012315545895085816,1.8348386205732823,1.7180584101006389,nan,nan,nan,3,0.03588989373902405,0.0065612681354404664
frozen,0.01,10,50,50,0,0.02418215348400256,0.0010998746219692815,1.968417339399457,1.8612919577863067,nan,nan,nan,3,0.0334561225127053,0.006013326430133735
frozen,0.01,11,50,50,0,0.023626283315339506,0.0010684325745492292,2.142653011670336,2.0934137154836208,nan,nan,nan,3,0.03280479979923654,0.005824682473259672
frozen,0.01,12,50,50,0,0.025438204280630674,0.001006029261008177,2.2341075134277344,2.151133293285966,nan,nan,nan,2,0.03532548665558269,0.006340679618717109
frozen,0.01,13,50,50,0,0.01991170951155275,0.0010711825827215233,2.1356014298740775,2.009960509138182,nan,nan,nan,1,0.027653349493790735,0.004572790519381489
frozen,0.01,14,50,50,0,0.02633187016414458,0.0012043764595993294,2.2557529976032673,2.0310684258583933,nan,nan,nan,3,0.03645867617469662,0.0069059844418041935
frozen,0.01,15,50,50,0,0.023991596690637326,0.0010530228129235382,2.0384096897765995,2.084223839920014,nan,nan,nan,3,0.033183152885435954,0.006616644780358835
frozen,0.01,16,50,50,0,0.02099401786717773,0.0011344090325594765,1.9914262825157494,1.7868475103750825,nan,nan,nan,2,0.029024270039223646,0.005134086182182698
frozen,0.01,17,50,50,0,0.027320403448111163,0.0011874321074333693,2.1099407217558475,1.9777259638067335,nan,nan,nan,4,0.03782441167615207,0.007135551942720062
frozen,0.01,18,50,50,0,0.02469917085957712,0.0011846913768388066,2.0084934898465874,1.955633346689865,nan,nan,nan,3,0.03425085158676783,0.005971294540728038
frozen,0.01,19,50,50,0,0.02101728698083756,0.0011623657697779019,2.020437503643334,1.8611918995156884,nan,nan,nan,3,0.029086057371783335,0.005309528044933197
frozen,0.02,0,50,50,0,0.03983026078326334,0.0019545604074182655,1.578520512478426,1.528112776344642,nan,nan,nan,3,0.0551740191023121,0.00989999438677838
frozen,0.02,1,50,50,0,0.04895913698337698,0.0024512803911574395,2.3365886359475554,2.328860087553039,nan,nan,nan,6,0.06772526333216596,0.01242194293402513
frozen,0.02,2,50,50,0,0.051852137430522756,0.002191473402826573,2.1361708293575794,2.0462253286968917,nan,nan,nan,5,0.07191506824807475,0.012975213181754028
frozen,0.02,3,50,50,0,0.038300901731817175,0.0024316161135069735,1.5488275233842432,1.5104210597928613,nan,nan,nan,3,0.052788940793612175,0.010282217708123256
frozen,0.02,4,50,50,0,0.04320192618795151,0.002068748483803155,1.5518249097652734,1.4667136406060308,nan,nan,nan,4,0.05989396994763668,0.011186201358159223
frozen,0.02,5,50,50,0,0.047535963454878684,0.0020577824514406333,1.7875384032167494,1.7167828080710024,nan,nan,nan,3,0.06583365906634367,0.011921064238812024
frozen,0.02,6,50,50,0,0.05585038710174404,0.0021424578031363876,1.7999131792224943,1.724683432141319,nan,nan,nan,5,0.07759190837828224,0.01375097846844508
frozen,0.02,7,50,50,0,0.052853882437448284,0.0021813495427706045,1.8334566911123693,1.6833540643565357,nan,nan,nan,4,0.07331584606462281,0.013140360475409682
frozen,0.02,8,50,50,0,0.04809959142378587,0.002210305670493871,1.8104212448839099,1.7079484919086099,nan,nan,nan,3,0.0666843371204032,0.012175984530700599
frozen,0.02,9,50,50,0,0.05067625555019937,0.002418835712439532,1.5496386433392764,1.531863591633737,nan,nan,nan,3,0.07024936865301754,0.012655243870151158
frozen,0.02,10,50,50,0,0.04625092828830857,0.002142166840088335,1.736978781586513,1.5904758360702544,nan,nan,nan,4,0.06397687398899314,0.01160922592358716
frozen,0.02,11,50,50,0,0.043456487654982376,0.0020505645941354773,1.9524711337685585,1.886081861332059,nan,nan,nan,5,0.06023580989448189,0.011198465256253618
frozen,0.02,12,50,50,0,0.04927580538863516,0.0019711409019402995,1.9934308135788887,1.82632339396514,nan,nan,nan,4,0.06840477704559733,0.012267575835059975
frozen,0.02,13,50,50,0,0.03863587422493584,0.0021064683049542596,1.8445054987259208,1.712055092677474,nan,nan,nan,1,0.053672058271509476,0.008921379570089443
frozen,0.02,14,50,50,0,0.04962061244977581,0.0023390604778505165,1.9419714829418808,1.840503737796098,nan,nan,nan,7,0.06869591982704037,0.013006275455521847
frozen,0.02,15,50,50,0,0.04594937331516789,0.0020724188032364586,1.7356310036126523,1.6597762554883957,nan,nan,nan,6,0.06352963865915828,0.012686491231641337
frozen,0.02,16,50,50,0,0.03971080797937275,0.0021316477260774945,1.792252447390929,1.66379339620471,nan,nan,nan,4,0.05494617800273937,0.010082330212417431
frozen,0.02,17,50,50,0,0.0502734954492613,0.002301234228408394,1.7712992095481603,1.720109209883958,nan,nan,nan,8,0.0694360569485521,0.013383412631814503
frozen,0.02,18,50,50,0,0.047338824464804106,0.002258215510349279,1.7747556224185974,1.6612493658903986,nan,nan,nan,4,0.06569504538521014,0.011513919607263823
frozen,0.02,19,50,50,0,0.03951586210980522,0.0022397097678613347,1.7567250012699516,1.5990044954232872,nan,nan,nan,7,0.05470882656861154,0.009943305082421803
frozen,0.05,0,50,50,0,0.08801379028326302,0.004716415062652315,1.5121336237434297,1.4889297792688012,nan,nan,nan,8,0.12181981031347275,0.022458469688244748
frozen,0.05,1,50,50,0,0.10861187249708505,0.005877700544522998,2.0320684981439263,1.955186539562419,nan,nan,nan,14,0.14996540564726352,0.027991050634304113
frozen,0.05,2,50,50,0,0.11423518398511444,0.005232144198611771,1.8229392858315259,1.798224924132228,nan,nan,nan,11,0.15822638868010191,0.02968219709374515
frozen,0.05,3,50,50,0,0.08626539171756971,0.005821752375748084,1.4088861502893268,1.4253161300439388,nan,nan,nan,11,0.1187714216692632,0.023219773915303277
frozen,0.05,4,50,50,0,0.09863111004794088,0.0049340769702541,1.4327343064825981,1.4183398899622262,nan,nan,nan,10,0.13662753050977047,0.025896792174155685
frozen,0.05,5,50,50,0,0.10097245390652368,0.004837601956622615,1.502265915768221,1.4579571757931262,nan,nan,nan,14,0.13939661762686745,0.0261147644927755
frozen,0.05,6,50,50,0,0.12728645645010492,0.005163723037305761,1.7106090978253632,1.559004042763263,nan,nan,nan,11,0.17663262725162407,0.03183559955597064
frozen,0.05,7,50,50,0,0.11494408436732134,0.0050648471632361025,1.7094408024009318,1.521960573270917,nan,nan,nan,10,0.1594709054022388,0.028013328672278584
frozen,0.05,8,50,50,0,0.10929677897339818,0.005383369652491362,1.624901020359248,1.5556993421632797,nan,nan,nan,6,0.15120616451006108,0.028462041761438225
frozen,0.05,9,50,50,0,0.11841094636934525,0.005812157223844791,1.5153049789741635,1.463138364488259,nan,nan,nan,9,0.16398535281948073,0.029522787253109386
frozen,0.05,10,50,50,0,0.10378421204544805,0.005154131788307242,1.5193302848469465,1.4566393019631505,nan,nan,nan,12,0.14332372352071127,0.02690221550206316
frozen,0.05,11,50,50,0,0.09389102333223553,0.0048179789271368505,1.7751126984041183,1.6773034592624754,nan,nan,nan,12,0.12985581884547812,0.02496873948442043
frozen,0.05,12,50,50,0,0.10409516239274354,0.004541626088569025,1.774470975380391,1.673969387076795,nan,nan,nan,11,0.1443607971141737,0.026297023116276387
frozen,0.05,13,50,50,0,0.08867975551552815,0.005033693445304738,1.6135169181693345,1.5477911795023829,nan,nan,nan,7,0.12332600690967645,0.020423870507799247
frozen,0.05,14,50,50,0,0.10737820260969716,0.0054783268373402435,1.7492067782487721,1.6113588323350996,nan,nan,nan,13,0.1485631731305682,0.028439409594105985
frozen,0.05,15,50,50,0,0.09928916092699222,0.004866272845503753,1.6020885810256005,1.4984555148985237,nan,nan,nan,11,0.13700624169031672,0.027630795590600526
frozen,0.05,16,50,50,0,0.08124775509597279,0.004807017363595261,1.6273675938695669,1.5636598553974181,nan,nan,nan,14,0.11213266563979504,0.021455708087983822
frozen,0.05,17,50,50,0,0.10601549056947372,0.005452363971430773,1.6683501398563385,1.6352033540606499,nan,nan,nan,11,0.1458154527236306,0.02953220483905556
frozen,0.05,18,50,50,0,0.09993068575084503,0.005326599177566659,1.5846024563070387,1.5785503960214555,nan,nan,nan,9,0.13840604344352922,0.025649040651698173
frozen,0.05,19,50,50,0,0.08517668474800225,0.005227490046747044,1.601047118138522,1.568162443349138,nan,nan,nan,11,0.11782944205094184,0.021590074591570217
lm,0.005,0,50,50,0,0.01050474394050737,0.0005045369874363257,21.557185310116036,20.87415989791043,262.4,2099.2,26.74,0,0.014578275635507988,0.0025261012270077405
lm,0.005,1,50,50,0,0.012923797975778237,0.0006223959150545271,24.84424025326967,20.382578547578305,308.0,2464.0,31.3,1,0.017898219962975664,0.003272444331207555
lm,0.005,2,50,50,0,0.014017442375796815,0.0005639880627283743,22.028484658226372,20.561062981607392,264.2,2113.6,26.92,0,0.01946174881618363,0.0034789606103896114
lm,0.005,3,50,50,0,0.010136766692595143,0.0006149267877994458,24.072021798780188,21.47239197953604,287.0,2296.0,29.2,2,0.0139998329974591,0.002639130888933419
lm,0.005,4,50,50,0,0.01139704132004845,0.0005235966163275856,26.271362723726778,21.02198015083559,312.8,2502.4,31.78,3,0.01581725954516471,0.0029018253775087433
lm,0.005,5,50,50,0,0.012429958397731223,0.0005238742018769415,24.6869004910253,20.179363863309845,306.2,2449.6,31.12,2,0.017210455381561678,0.0031367503856092604
lm,0.005,6,50,50,0,0.014895133792861628,0.0005477224622667744,23.3511737753544,21.24205576116219,279.2,2233.6,28.42,1,0.020695944150976742,0.003634400552133421
lm,0.005,7,50,50,0,0.01345637271476019,0.0005528061137115174,21.07698255557567,19.11278069531545,258.8,2070.4,26.38,0,0.01866165976800337,0.0033532818585965325
lm,0.005,8,50,50,0,0.01222894059032764,0.0005504816555629713,24.47013421894051,18.307080366881564,331.4,2651.2,33.64,2,0.016955414795525984,0.003003017464853941
lm,0.005,9,50,50,0,0.013299165010384743,0.0006261116474862294,22.54448111243546,19.44485370768234,302.0,2416.0,30.7,2,0.018427615307217426,0.0033449334514190298
lm,0.005,10,50,50,0,0.01224905026912997,0.0005438335833696287,23.781539603248238,19.279557299800217,323.0,2584.0,32.8,1,0.016957149574901128,0.0030415221908392438
lm,0.005,11,50,50,0,0.012015113804635673,0.0005212787463593998,21.380294330492617,17.787082922877744,291.8,2334.4,29.68,1,0.016664067077046724,0.003050131530173303
lm,0.005,12,50,50,0,0.012853866219338327,0.0005008858672240249,19.461071143560112,18.085982450982556,262.4,2099.2,26.74,1,0.017843388939141943,0.0031991696281171793
lm,0.005,13,50,50,0,0.009702717894750792,0.0005245211143383311,19.668007958969103,17.95171424956061,269.0,2152.0,27.4,0,0.01349523678616238,0.0022328633336143903
lm,0.005,14,50,50,0,0.01376509696014072,0.0006159354007564949,21.138823170261457,17.85888851992786,291.2,2329.6,29.62,2,0.019069873087059624,0.0035935996219190166
lm,0.005,15,50,50,0,0.012145596879292682,0.0005280217893798084,19.20886673624627,17.882114806445315,260.6,2084.8,26.56,1,0.01680775169588225,0.0033012370690011865
lm,0.005,16,50,50,0,0.01021021880782071,0.0005283637441453025,19.97820769640617,18.469344132114202,268.4,2147.2,27.34,0,0.014139905151719454,0.0025861927551892733
lm,0.005,17,50,50,0,0.013796522656845979,0.0005977151657309501,20.01635519631207,17.83848964003846,278.6,2228.8,28.36,1,0.019080238558997837,0.0035718334992889287
lm,0.005,18,50,50,0,0.012607403311907779,0.0005743057693079469,20.053295136466623,17.999133842997253,274.4,2195.2,27.94,1,0.01750828851721291,0.0030351821520564785
lm,0.005,19,50,50,0,0.010733888815323167,0.000579156113319034,19.410043759308756,18.192076709819958,263.0,2104.0,26.8,0,0.014869155966897796,0.0027250504682634485
lm,0.01,0,50,50,0,0.020618313576576463,0.0010032972177832402,24.403430809183046,20.777713164919987,296.6,2372.8,30.16,2,0.02860634447558447,0.004994627917649328
lm,0.01,1,50,50,0,0.02539148302819376,0.0012335581008724146,26.496862280396744,20.671797517919913,334.4,2675.2,33.94,2,0.03516544989803343,0.006405114601764831
lm,0.01,2,50,50,0,0.02777546917264654,0.0011238091981567988,25.58844322820194,19.562809945084155,310.4,2483.2,31.54,3,0.03856022363636832,0.006904672736646554
lm,0.01,3,50,50,0,0.01967771299660622,0.0012225595028917237,26.402487735487522,19.369236771482974,326.6,2612.8,33.16,2,0.02716211271457776,0.005177599538424093
lm,0.01,4,50,50,0,0.021690240961031816,0.0010251411851580426,32.570478401361036,21.26598621951416,402.2,3217.6,40.72,4,0.03008989181356676,0.005572134817308287
lm,0.01,5,50,50,0,0.02425899471667619,0.0010346146847170382,25.57741540398449,21.38440283294767,321.2,2569.6,32.62,2,0.03358424863669411,0.006112147381488575
lm,0.01,6,50,50,0,0.029292018870259465,0.0010868149993696775,24.31678356906399,20.58565762802027,291.8,2334.4,29.68,3,0.0406985436264396,0.0071477837854380345
lm,0.01,7,50,50,0,0.02694615582215311,0.0011056185657300718,20.7529247886315,19.971795935882255,257.6,2060.8,26.26,0,0.03737238632578818,0.006706045863508906
lm,0.01,8,50,50,0,0.023857984431913035,0.0010973326737214245,22.61526838440448,18.09074070653878,305.6,2444.8,31.06,2,0.03306583612887379,0.005915387429373669
lm,0.01,9,50,50,0,0.025829051262026555,0.001220631017859068,28.37159433892928,18.37020500493236,381.2,3049.6,38.62,3,0.03580188217148216,0.006433850839070118
lm,0.01,10,50,50,0,0.024015397483112585,0.0010798087829055007,25.70839290156029,18.704532658681273,348.8,2790.4,35.38,4,0.03323910041504017,0.005986372321709732
lm,0.01,11,50,50,0,0.02292909000834006,0.00102856257309955,25.549275555051864,17.80646736291237,348.2,2785.6,35.32,3,0.03178325800745339,0.005910365591519969
lm,0.01,12,50,50,0,0.02513532636398769,0.0009876083287853122,24.979217889383435,20.08417196548544,338.0,2704.0,34.3,2,0.03489374478569124,0.006239531848484676
lm,0.01,13,50,50,0,0.01938742939161727,0.0010488746733248585,18.700146114807577,17.90665315440856,255.2,2041.6,26.02,1,0.02696493479792853,0.0044625677506996
lm,0.01,14,50,50,0,0.02639063853550251,0.0012019669528959692,24.823133557979016,17.85721875098534,342.8,2742.4,34.78,3,0.03655611468586976,0.006885230008550356
lm,0.01,15,50,50,0,0.023785707021771314,0.0010502050252420786,21.79124077751301,18.087816087063402,296.0,2368.0,30.1,3,0.03290421669788376,0.006520999285050886
lm,0.01,16,50,50,0,0.020407285305340243,0.0010567405489390026,18.514310292061417,18.19908386399038,248.0,1984.0,25.3,0,0.02826143815365574,0.0051698942949614055
lm,0.01,17,50,50,0,0.026626879946267036,0.0011788024549926326,25.43223031932488,17.347100955434144,354.2,2833.6,35.92,4,0.0368060354282331,0.006942187849216991
lm,0.01,18,50,50,0,0.02449394205247398,0.0011339582096468015,23.03150117725134,17.950879838550463,315.8,2526.4,32.08,3,0.034010497099811875,0.005907186435234666
lm,0.01,19,50,50,0,0.021101070383948834,0.0011457608767547485,20.89708932623267,18.246317072072998,284.0,2272.0,28.9,3,0.029235255444524412,0.005323877904748333
lm,0.02,0,50,50,0,0.039408059583245614,0.0019762328917512124,25.772616480691358,20.231440059142187,314.0,2512.0,31.9,3,0.05463904693393114,0.00970039624377181
lm,0.02,1,50,50,0,0.048883282355774334,0.0024338165078959004,30.705682484023274,19.870730696013197,378.2,3025.6,38.32,6,0.06766707553785699,0.012416520183462638
lm,0.02,2,50,50,0,0.052213769156651636,0.002204005176734358,29.753342376919463,21.203447617357597,364.4,2915.2,36.94,5,0.07244110943331664,0.013138855407538022
lm,0.02,3,50,50,0,0.03864282050624665,0.002438701923679411,29.923558389684185,19.934583491180092,363.8,2910.4,36.88,3,0.05329613179889261,0.01027034380255954
lm,0.02,4,50,50,0,0.04221207326278776,0.002032363530133513,30.504637249596417,20.71881505753845,372.8,2982.4,37.78,4,0.05853780882409519,0.010899074316494126
lm,0.02,5,50,50,0,0.04753393920565905,0.00205766857084865,29.071681554960087,18.982382942689583,361.4,2891.2,36.64,3,0.06578397643547503,0.01197632787001066
lm,0.02,6,50,50,0,0.05679225594374333,0.0021516888418328054,27.095896540340036,19.071484779007733,332.6,2660.8,33.76,5,0.07888405279787002,0.014007319056757324
lm,0.02,7,50,50,0,0.052761716336965886,0.0021836009847935804,23.520314432280138,18.44327720068395,292.4,2339.2,29.74,4,0.07317621281263481,0.01311746894747607
lm,0.02,8,50,50,0,0.046163980034043595,0.002177566072181341,24.731106225345282,18.07274330384098,335.0,2680.0,34.0,3,0.06394401910861978,0.011672646644632514
lm,0.02,9,50,50,0,0.050736349458575455,0.002412637239841314,24.739006511056797,18.301916596712545,330.2,2641.6,33.52,4,0.07031374807283189,0.012558163412127754
lm,0.02,10,50,50,0,0.046033850430252335,0.0021306529659890776,28.57636258242652,16.41208126884885,387.8,3102.4,39.28,4,0.06367316948262318,0.011633465163316403
lm,0.02,11,50,50,0,0.04359634120596368,0.002025369099370973,26.57496968040243,16.30772618879564,363.2,2905.6,36.82,5,0.06040250960022073,0.011341092373776682
lm,0.02,12,50,50,0,0.048970213749205856,0.001953367631748554,23.86685733956285,18.17867727763951,323.0,2584.0,32.8,4,0.0679685010545244,0.012182808863691831
lm,0.02,13,50,50,0,0.03847848932303484,0.002089412519481637,20.075171558288858,16.074308464536443,274.4,2195.2,27.94,1,0.05351849656453355,0.00885116165439928
lm,0.02,14,50,50,0,0.04974576751897643,0.002336943476024263,28.0930708803609,18.026561847887933,388.4,3107.2,39.34,7,0.06888072544403322,0.013012789441477556
lm,0.02,15,50,50,0,0.045824630640702094,0.0020731720896310663,24.144868003837765,17.940208457643166,329.0,2632.0,33.4,5,0.06335771879939017,0.01264380446526564
lm,0.02,16,50,50,0,0.03966092846356281,0.002079594842796277,24.839930375693367,17.09359688614495,335.0,2680.0,34.0,4,0.054903728310654445,0.010129975559463775
lm,0.02,17,50,50,0,0.049920412072881136,0.0022986377847266475,25.22504984338768,17.746597775956616,351.8,2814.4,35.68,8,0.06893443037958093,0.013195275652317222
lm,0.02,18,50,50,0,0.047297017041853,0.0022328132150535827,26.08238642929122,19.857836521230638,358.4,2867.2,36.34,4,0.06565455920151049,0.011483276341098523
lm,0.02,19,50,50,0,0.039540980412713644,0.0022213844492321565,30.174633054472505,19.272507791174576,411.8,3294.4,41.68,7,0.05476864334071005,0.009951682932773981
lm,0.05,0,50,50,0,0.08797190179578225,0.004748348580908785,39.64529249958694,18.698259798577055,474.8,3798.4,47.98,8,0.12181174813594792,0.022294461712811634
lm,0.05,1,50,50,0,0.10856704318772416,0.005865699596706461,50.077405232042075,20.743272441904992,619.4,4955.2,62.44,14,0.1499825577258626,0.02801571671206176
lm,0.05,2,50,50,0,0.11470937953724852,0.005254717301875,45.68360321661457,18.805300943553448,572.6,4580.8,57.76,11,0.15889479670697104,0.029908277171023987
lm,0.05,3,50,50,0,0.08653656631986795,0.005819863017191833,42.88330745364539,20.234483333537355,536.6,4292.8,54.16,11,0.11913898804274091,0.023249376707282256
lm,0.05,4,50,50,0,0.09752272628754152,0.004908912658521558,44.69966464083642,18.503368452889845,539.0,4312.0,54.4,10,0.13507874289770208,0.025646570624293936
lm,0.05,5,50,50,0,0.10097096644300406,0.004847741266748804,43.38705894500017,20.33540317020379,549.8,4398.4,55.48,14,0.13936743587450987,0.026209469045362973
lm,0.05,6,50,50,0,0.128027748628251,0.005177329049448505,42.243466482441875,19.810629290528595,513.2,4105.6,51.82,12,0.17762861115647244,0.032052398194416055
lm,0.05,7,50,50,0,0.11487420897592164,0.005062652618169956,42.33136131051928,18.284892287338153,536.6,4292.8,54.16,10,0.15936001362010102,0.027986303780615163
lm,0.05,8,50,50,0,0.10750106581413071,0.0053576760714858776,27.25164523601532,16.0580963853281,369.8,2958.4,37.48,6,0.1487078252682782,0.02793925773291771
lm,0.05,9,50,50,0,0.1184559609847176,0.005813166937166961,40.17278335786425,16.203915185295045,542.0,4336.0,54.7,9,0.16396297891004694,0.0295129539499582
lm,0.05,10,50,50,0,0.10366372322062864,0.005144410428684925,37.11924082781188,16.136813786113635,509.6,4076.8,51.46,12,0.14315563905632722,0.02694765478132425
lm,0.05,11,50,50,0,0.09365315083800706,0.004799634750730482,41.070620123110714,16.046517975628376,563.6,4508.8,56.86,12,0.12951955600341253,0.02505452724291844
lm,0.05,12,50,50,0,0.10400136733112547,0.004525079769951004,36.59410377882421,16.157865334535018,497.6,3980.8,50.26,11,0.14420731292277192,0.026311656407841687
lm,0.05,13,50,50,0,0.0891385059457364,0.0050363954462434345,30.08871914062649,15.851175464689732,413.6,3308.8,41.86,7,0.12397305929937474,0.020515408690581695
lm,0.05,14,50,50,0,0.10743432408541147,0.005469843664992331,40.26371021065861,15.866586142452434,559.4,4475.2,56.44,13,0.14863608174368503,0.028457771231458494
lm,0.05,15,50,50,0,0.09910768392578648,0.004860649314513218,38.88329587351531,16.06927843950689,530.0,4240.0,53.5,11,0.13676927068417274,0.02760419578623406
lm,0.05,16,50,50,0,0.08187102226038495,0.00477526999627298,38.330224571591245,16.23204671847634,519.2,4153.6,52.42,13,0.11301167625078945,0.021569915451109645
lm,0.05,17,50,50,0,0.10564431480214694,0.005452802182742661,40.81159407350235,15.728451740927994,570.8,4566.4,57.58,11,0.145323516679922,0.029332142126440724
lm,0.05,18,50,50,0,0.0997352830827905,0.005308589922882288,40.37881325413473,15.949900032719597,557.6,4460.8,56.26,10,0.13813299901060871,0.025662935845115174
lm,0.05,19,50,50,0,0.08509664838491204,0.00520782441880684,40.856482333969325,16.109964053612202,559.4,4475.2,56.44,11,0.11773836284975951,0.021575477805920867
