method_key,case_index,panel_count,true_b,estimated_b_mean,estimated_b_sd,true_a,estimated_a_mean,estimated_a_sd
de,0,20,0.4765854924609941,0.47614168751821745,0.0013990708369308938,1.4866577875067333,1.4946320717354036,0.029885687407039882
de,1,20,0.5714770301680392,0.571807868437879,0.0017309573001067727,1.3789187486730614,1.3725780075613994,0.027922178508243464
de,2,20,0.4311862999976249,0.4312114826874847,0.0014890966710005152,1.479890921466964,1.4783503629469148,0.034217310827303636
de,3,20,0.3333686785786413,0.3333011575838282,0.0012248267834969258,0.700269565522208,0.6975960938596388,0.034014671415947106
de,4,20,0.5370759643429458,0.5368514169124456,0.0014918315257592097,1.2781358276883248,1.2822049173655632,0.027596248659377792
de,5,20,0.6759089124510972,0.6756484818534632,0.001914011961549379,1.6750253244541444,1.67892258777659,0.028346149026075594
de,6,20,0.6612440600380781,0.6608382678460482,0.0019364566507635026,1.3427352487244688,1.3472651698463878,0.027368755159920106
de,7,20,0.3457849957196349,0.34558049059310336,0.0014642841393545042,1.886270812754569,1.8883545738880247,0.043569974638197506
de,8,20,0.4023736077732843,0.4019618917491899,0.0015852458612420656,0.5853185985289786,0.5949559154264369,0.03363562689951549
de,9,20,0.4120656037843354,0.4122303149800713,0.0017256536065346439,1.0583833575832613,1.055562825402833,0.03875047954103174
de,10,20,0.4880679730879087,0.48767802642062685,0.001784376645382292,1.5741354720931906,1.5810592046462677,0.030844752389071892
de,11,20,0.3996409535803589,0.39973247392316186,0.001692738209449631,1.6536570503305974,1.6530951965669967,0.04059336655787617
de,12,20,0.5873285414552982,0.5871876438170681,0.0015411532082525519,1.1103728530611732,1.110865366632701,0.02581432313820962
de,13,20,0.5059640288086711,0.5063490585742911,0.0019571603615844853,1.612345038314853,1.6056039193558174,0.03818594383263694
de,14,20,0.5911551857651629,0.5906568898616843,0.0019971320816210077,0.9943993083872784,1.0031373075461758,0.03099959350263529
de,15,20,0.419511820319121,0.41946632215412905,0.002250988727131538,1.7572110732471016,1.755650300395316,0.0514404906984863
de,16,20,0.6109952387854987,0.6108638680446854,0.0017582042810528103,1.0379196646837592,1.0403579902927251,0.025675536573691028
de,17,20,0.5523508717752452,0.5520227878606865,0.0017449686197829218,1.9198290526474835,1.9252957231717995,0.031224814565115125
de,18,20,0.3285536135084349,0.32856726766297256,0.0012137188245338582,1.8117758194441276,1.8124901386503502,0.03934371848505896
de,19,20,0.6260538595675892,0.6266163827979403,0.0014145104968992823,0.6473091879503592,0.6387776221661696,0.022887845084728384
de,20,20,0.513555669478995,0.5134404211217879,0.0016505074451677601,1.5242216821317136,1.5257922929211811,0.032462801358787846
de,21,20,0.3675661911273249,0.36746500477510213,0.0009524537836053411,0.6185438479078347,0.6227152157014089,0.024614077276933405
de,22,20,0.3846464092664426,0.3848034938437625,0.0016562370578864806,0.9459431860802802,0.9422071000958658,0.04162181508297629
de,23,20,0.4642234139892636,0.4640855586258765,0.0011307513641978578,0.8077144039337147,0.8126293807299128,0.02369486393323117
de,24,20,0.575058712253389,0.5750004794983105,0.0014909318655169314,0.868745495213177,0.8694444949552256,0.023999757214916838
de,25,20,0.6075428460457497,0.6070489697478831,0.001636501966534648,1.7496926099812915,1.7565073441086192,0.027085846203021263
de,26,20,0.6693500739648894,0.6693581618902444,0.0019200073814293558,1.1661928638629533,1.1677138738679145,0.02573175143768022
de,27,20,0.4541261013602271,0.45420428746767777,0.001800285089486491,1.4235084852270536,1.4217190338096215,0.03840094059254099
de,28,20,0.4959644497298203,0.495980669573849,0.0015535231447913363,0.7321941043228616,0.7321032313551826,0.025890280847980143
de,29,20,0.3648920820733108,0.36502716041398436,0.001627802899399837,0.8227914188908892,0.8199130505563088,0.04478398432201401
de,30,20,0.6196591548698952,0.620149362839418,0.0017374907628559843,1.2335866238628308,1.2255120252369556,0.025928440317097675
de,31,20,0.4585535112196001,0.45878674184171614,0.0015171476367501608,1.308405903137395,1.3051100401529616,0.034029717764043205
de,32,20,0.5247136671863714,0.5247504503686213,0.001840624944053705,1.4097814459556612,1.411555004869847,0.03279701276042825
de,33,20,0.3821007515180867,0.3821310654339651,0.001266408092059131,1.7082092422803177,1.7093438740600706,0.03364623883971757
de,34,20,0.6441062033803391,0.6443371788358496,0.001758359165792519,0.9097664771390032,0.9061065257004334,0.02488060215709631
de,35,20,0.3471747684557762,0.34752949049867776,0.0010169081304306907,1.2124042628295884,1.2064161095439783,0.028252629169784542
de,36,20,0.6354713913457412,0.6357139035993318,0.0015130176719627083,1.8328312146868388,1.829232792243197,0.02577377665399501
de,37,20,0.5608190230764909,0.5609529555267271,0.0019132918006858858,0.9660356537879012,0.9659411182933197,0.03368582975418201
de,38,20,0.4423229819307206,0.4425719454668825,0.0012594511087444902,1.124251444271259,1.1215613045427963,0.02814386519173066
de,39,20,0.5290223992596627,0.5288639173823593,0.0015594078694710612,0.775244380127691,0.7769265502222173,0.02888228916793211
de,40,20,0.308,0.3079072389234693,0.0011013326095184238,0.53,0.5344373689404437,0.03205078175593012
de,41,20,0.692,0.6917887973618038,0.0012746482529939016,1.97,1.9718609150462534,0.019492581382006432
de,42,20,0.308,0.3080566487075026,0.0012740939092938783,1.97,1.969124047245606,0.0392063791065551
de,43,20,0.692,0.691966434806009,0.0017726031306303344,0.53,0.5310977432563219,0.020869049872759123
de,44,20,0.308,0.30773507696645314,0.0017925165627339999,1.25,1.2557647985183835,0.05653950971665546
de,45,20,0.5,0.5000879605247135,0.0009635782241139148,0.53,0.526221126066371,0.016669680641357165
de,46,20,0.5,0.5002427484606764,0.001171433798005296,1.97,1.9650124337400805,0.023213504948944
de,47,20,0.692,0.6917368279493216,0.001739739304956888,1.25,1.2524062536063023,0.022992255797393085
de,48,20,0.308,0.30772596624836357,0.0014338239575269695,0.89,0.8971264379338028,0.044581123460968194
de,49,20,0.308,0.3086374831976431,0.0014673367409903926,1.61,1.5874017509728267,0.050787036413838214
frozen_lm,0,20,0.4765854924609941,0.4763174295425415,0.0014677826093552285,1.4866577875067333,1.4906371593475343,0.03036189062039769
frozen_lm,1,20,0.5714770301680392,0.5719797521829605,0.0020234846236339976,1.3789187486730614,1.3691166460514068,0.03217475157447007
frozen_lm,2,20,0.4311862999976249,0.4313518315553665,0.0016666181551349686,1.479890921466964,1.4748024225234986,0.038778959100470696
frozen_lm,3,20,0.3333686785786413,0.3333523482084274,0.001354787020077645,0.700269565522208,0.6959618866443634,0.038309866409248654
frozen_lm,4,20,0.5370759643429458,0.5370206505060195,0.0017720561285041675,1.2781358276883248,1.2787707686424254,0.03206088294538393
frozen_lm,5,20,0.6759089124510972,0.6758537262678146,0.0019114311658541073,1.6750253244541444,1.6748646736145019,0.028534748322701402
frozen_lm,6,20,0.6612440600380781,0.661023485660553,0.0018422957626857647,1.3427352487244688,1.3437153935432433,0.026798213343069772
frozen_lm,7,20,0.3457849957196349,0.3456326276063919,0.0014838437891376624,1.886270812754569,1.8863317310810088,0.04334834407222165
frozen_lm,8,20,0.4023736077732843,0.40206910818815234,0.0017314079907418168,0.5853185985289786,0.5923359513282775,0.037471160594514184
frozen_lm,9,20,0.4120656037843354,0.4123526677489281,0.0018993002647276736,1.0583833575832613,1.052454200387001,0.042459481680215884
frozen_lm,10,20,0.4880679730879087,0.48786088079214096,0.0017438360397944767,1.5741354720931906,1.5769494831562043,0.03101451624561144
frozen_lm,11,20,0.3996409535803589,0.3998372912406921,0.0016785769699340252,1.6536570503305974,1.6500777363777162,0.04126740210139371
frozen_lm,12,20,0.5873285414552982,0.58733529150486,0.0018466591600812352,1.1103728530611732,1.1079047262668609,0.030161992439304054
frozen_lm,13,20,0.5059640288086711,0.5065378069877624,0.0020207731867429397,1.612345038314853,1.601505994796753,0.040253119115055004
frozen_lm,14,20,0.5911551857651629,0.5908097147941589,0.0021696164338294204,0.9943993083872784,1.0001311540603637,0.0341130330948766
frozen_lm,15,20,0.419511820319121,0.41960132867097855,0.0022308579059272856,1.7572110732471016,1.7519529283046722,0.05075193597721123
frozen_lm,16,20,0.6109952387854987,0.6110184043645859,0.001956929317092847,1.0379196646837592,1.0373118430376054,0.028477822835535835
frozen_lm,17,20,0.5523508717752452,0.5522338718175888,0.0020552483109946835,1.9198290526474835,1.92087761759758,0.03611161257087068
frozen_lm,18,20,0.3285536135084349,0.3286098435521126,0.0012865738391566771,1.8117758194441276,1.810679030418396,0.04358726246299792
frozen_lm,19,20,0.6260538595675892,0.6267585396766663,0.0014104039594139083,0.6473091879503592,0.6360820829868317,0.021398921556948176
frozen_lm,20,20,0.513555669478995,0.5136310756206512,0.0016229764676877893,1.5242216821317136,1.5217172503471375,0.03200521001836155
frozen_lm,21,20,0.3675661911273249,0.36755017489194863,0.0011104029821604373,0.6185438479078347,0.6203212767839432,0.02878094184241408
frozen_lm,22,20,0.3846464092664426,0.3849068254232406,0.0017685249547838892,0.9459431860802802,0.9393569767475128,0.04419159340693437
frozen_lm,23,20,0.4642234139892636,0.4642344042658806,0.001206605329794337,0.8077144039337147,0.8094485491514206,0.02563853245307839
frozen_lm,24,20,0.575058712253389,0.5751416206359863,0.0016083833974611503,0.868745495213177,0.8666536003351212,0.025286912738154282
frozen_lm,25,20,0.6075428460457497,0.6072434186935425,0.0015870365142042688,1.7496926099812915,1.752518928050995,0.026638658238338723
frozen_lm,26,20,0.6693500739648894,0.6695382952690124,0.001945623911480798,1.1661928638629533,1.1644152224063873,0.026050651985064444
frozen_lm,27,20,0.4541261013602271,0.45436300039291383,0.0018089841982696668,1.4235084852270536,1.417922270298004,0.03826833588762318
frozen_lm,28,20,0.4959644497298203,0.4961221396923065,0.0015751116043083734,0.7321941043228616,0.7292757928371429,0.02670787688225324
frozen_lm,29,20,0.3648920820733108,0.3651146098971366,0.0016333889048696308,0.8227914188908892,0.8173149704933167,0.0436575948910985
frozen_lm,30,20,0.6196591548698952,0.6203136205673218,0.001654417302834771,1.2335866238628308,1.2222249865531922,0.023913123261205836
frozen_lm,31,20,0.4585535112196001,0.45894171446561816,0.0016149855969002493,1.308405903137395,1.3015238463878631,0.03648592546072419
frozen_lm,32,20,0.5247136671863714,0.5249230980873107,0.0019300007887739182,1.4097814459556612,1.4079390466213226,0.03214587405022588
frozen_lm,33,20,0.3821007515180867,0.3822154253721237,0.0012561842696153936,1.7082092422803177,1.7067121028900147,0.033627776484662426
frozen_lm,34,20,0.6441062033803391,0.6444912433624268,0.0018427712151643458,0.9097664771390032,0.9032048135995865,0.024657242802474267
frozen_lm,35,20,0.3471747684557762,0.3475907877087593,0.0011833547376226417,1.2124042628295884,1.204399573802948,0.03226822464444382
frozen_lm,36,20,0.6354713913457412,0.6359124153852462,0.0016088730330651557,1.8328312146868388,1.825200879573822,0.027361378422944303
frozen_lm,37,20,0.5608190230764909,0.5611006826162338,0.0020598418445405215,0.9660356537879012,0.9630097985267639,0.03593161447368955
frozen_lm,38,20,0.4423229819307206,0.44271697103977203,0.001267279310853069,1.124251444271259,1.1181253492832184,0.02769747453134457
frozen_lm,39,20,0.5290223992596627,0.529008561372757,0.0015199814550503096,0.775244380127691,0.7740886449813843,0.028692206736781904
frozen_lm,40,20,0.308,0.307848085463047,0.0011365324610314522,0.53,0.5367361307144165,0.03367954165861948
frozen_lm,41,20,0.692,0.6919709116220474,0.001316005590133658,1.97,1.9678856134414673,0.020407965327884088
frozen_lm,42,20,0.308,0.30808404237031933,0.0011480797132251892,1.97,1.9674425959587096,0.03569417099162818
frozen_lm,43,20,0.692,0.6921538054943085,0.001685737873038995,0.53,0.5284434258937836,0.01945420171203278
frozen_lm,44,20,0.308,0.30780829191207887,0.001906772183184885,1.25,1.2534013211727142,0.05977629290830244
frozen_lm,45,20,0.5,0.5001805871725082,0.000992557625031872,0.53,0.5244737595319748,0.017160656670835946
frozen_lm,46,20,0.5,0.5004280403256416,0.0012494023066732095,1.97,1.9608004212379455,0.025665298466573075
frozen_lm,47,20,0.692,0.6919023156166076,0.0019096927007196335,1.25,1.249389660358429,0.02396457898917936
frozen_lm,48,20,0.308,0.3077808693051338,0.0012119398766316832,0.89,0.8954701125621796,0.03905415075710624
frozen_lm,49,20,0.308,0.3087051913142204,0.0016171034577191726,1.61,1.5849527418613434,0.057035951589912884
lm,0,20,0.4765854924609941,0.4761415727264211,0.001398241754992514,1.4866577875067333,1.4946340069970376,0.029866676815958126
lm,1,20,0.5714770301680392,0.5718068626305223,0.0017309162154678416,1.3789187486730614,1.3725952927335394,0.027915124395190397
lm,2,20,0.4311862999976249,0.43121408696211844,0.0014874751160599176,1.479890921466964,1.4782883464193066,0.034165640504784996
lm,3,20,0.3333686785786413,0.33330351039167344,0.0012255124434985521,0.700269565522208,0.6975344592148223,0.03403308300912695
lm,4,20,0.5370759643429458,0.5368515637732725,0.0014932263587390151,1.2781358276883248,1.2822066982339486,0.027618918226256853
lm,5,20,0.6759089124510972,0.6756495835033867,0.0019142399455550454,1.6750253244541444,1.6789025329235208,0.028366543708983703
lm,6,20,0.6612440600380781,0.6608399698257826,0.001938855370821289,1.3427352487244688,1.3472415266796258,0.027405790004560567
lm,7,20,0.3457849957196349,0.3455824925655587,0.0014632405832535908,1.886270812754569,1.8883020155597996,0.0435322640307165
lm,8,20,0.4023736077732843,0.40196105984303887,0.0015861894996258195,0.5853185985289786,0.5949646662376783,0.03364759366081909
lm,9,20,0.4120656037843354,0.41222768271909105,0.0017251122219805177,1.0583833575832613,1.0556236922947722,0.0387311965445768
lm,10,20,0.4880679730879087,0.48767928392802223,0.0017839016826649945,1.5741354720931906,1.5810333483369412,0.0308201117156835
lm,11,20,0.3996409535803589,0.39973243425735094,0.0016938483379293303,1.6536570503305974,1.6530974690282627,0.040620724698637804
lm,12,20,0.5873285414552982,0.5871881254750956,0.001542201208783745,1.1103728530611732,1.1108548492668473,0.025828569166034744
lm,13,20,0.5059640288086711,0.5063481102222995,0.0019582142395821417,1.612345038314853,1.605621903670206,0.03821456191283362
lm,14,20,0.5911551857651629,0.5906576621779063,0.0019985571333116436,0.9943993083872784,1.003131880428418,0.0310230600446364
lm,15,20,0.419511820319121,0.41946510276345494,0.0022488020339807686,1.7572110732471016,1.7556684724870943,0.0513886216286531
lm,16,20,0.6109952387854987,0.6108635949028045,0.0017582317249863052,1.0379196646837592,1.0403567723849374,0.025670308355734427
lm,17,20,0.5523508717752452,0.5520229891393015,0.0017474631296685817,1.9198290526474835,1.9252827012345173,0.03123138146044496
lm,18,20,0.3285536135084349,0.32856792234422877,0.0012149351894350045,1.8117758194441276,1.8124493612961854,0.03939871079470946
lm,19,20,0.6260538595675892,0.626616922350262,0.001413398528916514,0.6473091879503592,0.6387714733325429,0.02288446475923908
lm,20,20,0.513555669478995,0.5134411161089196,0.0016519021483809464,1.5242216821317136,1.5257735003150652,0.03249967573667784
lm,21,20,0.3675661911273249,0.3674659985869093,0.0009511025325325437,0.6185438479078347,0.6226867168979084,0.024593396182707578
lm,22,20,0.3846464092664426,0.38480174204814666,0.0016544917809146176,0.9459431860802802,0.9422453863237502,0.041584599440089375
lm,23,20,0.4642234139892636,0.4640862147107484,0.0011293316267209767,0.8077144039337147,0.812622182773112,0.02367527415273027
lm,24,20,0.575058712253389,0.5749993483612166,0.0014905040622764326,0.868745495213177,0.8694641050605612,0.023989778322066634
lm,25,20,0.6075428460457497,0.607051137439046,0.0016384935382575336,1.7496926099812915,1.7564674909587796,0.027121063231117428
lm,26,20,0.6693500739648894,0.6693585246494949,0.0019195996802571621,1.1661928638629533,1.1677045399951833,0.025742520999304037
lm,27,20,0.4541261013602271,0.45420416359035815,0.0018007316636597646,1.4235084852270536,1.4217075476948762,0.038419609896156795
lm,28,20,0.4959644497298203,0.4959791186447958,0.001552404393475065,0.7321941043228616,0.732139643572779,0.025884703258474674
lm,29,20,0.3648920820733108,0.3650271991494732,0.0016282760404075546,0.8227914188908892,0.8199004111473789,0.04479933623567744
lm,30,20,0.6196591548698952,0.6201501119015282,0.0017342455826282206,1.2335866238628308,1.225493141308824,0.02588470253954386
lm,31,20,0.4585535112196001,0.4587852456892466,0.0015175685437391682,1.308405903137395,1.305148940951327,0.03405088312714849
lm,32,20,0.5247136671863714,0.5247491595850937,0.0018383911261346537,1.4097814459556612,1.4115839495277753,0.032765197275201316
lm,33,20,0.3821007515180867,0.382130123175561,0.001267316099073425,1.7082092422803177,1.7093764734083123,0.03366412032872007
lm,34,20,0.6441062033803391,0.6443332515479347,0.0017574909428870287,0.9097664771390032,0.9061670143255286,0.02486585409550443
lm,35,20,0.3471747684557762,0.3475282486548927,0.00101613352234185,1.2124042628295884,1.2064462054223497,0.028235567857095665
lm,36,20,0.6354713913457412,0.635714158935474,0.0015126825894687334,1.8328312146868388,1.8292292348307668,0.025757180582704486
lm,37,20,0.5608190230764909,0.5609512568650369,0.0019147202053761136,0.9660356537879012,0.9659633745385493,0.03371057886269012
lm,38,20,0.4423229819307206,0.4425742560494741,0.0012589325167437165,1.124251444271259,1.1215085563511846,0.028156569793116825
lm,39,20,0.5290223992596627,0.5288633378078391,0.001558379391132965,0.775244380127691,0.7769360485892829,0.028869278424478166
lm,40,20,0.308,0.3079093758612458,0.00110613761298609,0.53,0.5344803743598773,0.03206969837566127
lm,41,20,0.692,0.6917873960371794,0.0012799664000104633,1.97,1.9718491614380285,0.019488116267990116
lm,42,20,0.308,0.30805260556458997,0.0012779901629208965,1.97,1.969133641065095,0.03929616162925038
lm,43,20,0.692,0.6919670172443616,0.0017729526608664503,0.53,0.5310909371472545,0.02086440529051289
lm,44,20,0.308,0.30773524881770153,0.0017930073982609985,1.25,1.255750272383744,0.05653604902537352
lm,45,20,0.5,0.5000887717628232,0.00096275182987192,0.53,0.526207590308681,0.016648315271837213
lm,46,20,0.5,0.5002426069371224,0.001171670181879244,1.97,1.964996299155977,0.023196307572895473
lm,47,20,0.692,0.6917353308264332,0.0017389533760958694,1.25,1.252417243501401,0.02296760492321191
lm,48,20,0.308,0.30772742189282426,0.0014334862891351315,0.89,0.897085842804444,0.04457419453654216
lm,49,20,0.308,0.30863899598105754,0.001465290043156041,1.61,1.5873569298285508,0.050740001818593956
