system,noise,nrmse_without_sensitivity,nrmse_with_sensitivity,case_count,training_checkpoint_pair_count
Competition,0.005,0.011786804583460719,0.011676177417360448,10,1
Competition,0.010,0.023516090073493210,0.023367071236681800,10,1
Competition,0.020,0.047189082193210240,0.046947043563386505,10,1
Competition,0.050,0.105058226385246380,0.104916983370132710,10,1
Delayed SEI,0.005,0.015062904483456166,0.012792328641675874,10,1
Delayed SEI,0.010,0.028874265584824164,0.026777113035490130,10,1
Delayed SEI,0.020,0.053515862206416645,0.052249457940955445,10,1
Delayed SEI,0.050,0.102101624054616690,0.098976795023435570,10,1
Four-patch Nicholson,0.005,0.022354075866231293,0.016538722345627834,10,1
Four-patch Nicholson,0.010,0.038064326952990720,0.026238878827108743,10,1
Four-patch Nicholson,0.020,0.068038329331743390,0.042897378436801460,10,1
Four-patch Nicholson,0.050,0.127468966693747940,0.103811392493264430,10,1
