iteration,train_total_loss,train_data_loss,train_initial_loss,train_K_sensitivity_loss,train_gamma_sensitivity_loss,train_alpha_sensitivity_loss,train_physics_loss,physics_weight,learning_rate,gradient_norm,validation_mse,validation_normalized_mse,validation_relative_l2,validation_relative_angle_difference_l2,validation_frequency_relative_l2
500,1.1192832274734974,0.5497189157009125,0.03725593176018447,27.031606335639953,0.0931968537196517,0.026882677655667066,0.0,0.0,0.00010333333333333333,0.9690266251564026,0.011669218014710526,0.1862414533618721,0.444333852415291,0.34830302324839885,0.5414412027107515
1000,0.15437358821183442,0.05951132849417627,0.0028099452615715564,7.166579699277878,0.05807596109807491,0.01361425457894802,0.0,0.0,0.00020166666666666667,1.0147088766098022,0.0008977018987915541,0.018610641060161345,0.1361008567340924,0.10437595674636738,0.15890102010127402
1500,0.04688100625947118,0.016939612882211803,0.002138064366299659,1.246761151790619,0.02815936738997698,0.00876735559757799,0.0,0.0,0.0003,0.8775693774223328,0.0006503407579315177,0.01244899444398935,0.11474231932737908,0.08650705232199399,0.13710919878976102
2000,0.024286437356844544,0.010263274876400828,0.0008351485625607893,0.7141493545770645,0.014701256345957517,0.005346797031816095,0.0,0.0,0.00029994610938679735,0.5786137580871582,0.0005481927115917002,0.011746169356293417,0.10405565628861987,0.08205835317799799,0.11855729182277705
2500,0.02064352840464562,0.00801870917622,0.0009365339100186247,0.4996358405649662,0.00972832944476977,0.0038906297236680986,0.0,0.0,0.00029978447639933913,0.5840768218040466,0.000777782404290511,0.013820040303297093,0.11621166665675516,0.08894008007529661,0.13972703272043907
3000,0.013019901537336408,0.005236683162860572,0.0005426842656597728,0.3342016222476959,0.006606482041068375,0.003366325537674129,0.0,0.0,0.0002995152175660644,0.37664732336997986,0.0001810312290213561,0.00439366712521648,0.06282987711931354,0.047352121345379805,0.0680323147753486
3500,0.01514170556049794,0.006088689581025391,0.0006584522311459296,0.3692076800316572,0.006879445414058864,0.00245270037651062,0.0,0.0,0.0002991385270076904,0.5661919713020325,0.00022179677345970084,0.005266083035320664,0.06868439516245212,0.051561699345679446,0.07634541004763867
4000,0.015211116994731128,0.00595489732036367,0.0007052059925335925,0.353229160130024,0.0056466053333133455,0.0025814136067638174,0.0,0.0,0.0002986546762972633,0.281693696975708,0.0002052230796060275,0.004568423860354692,0.06738214631741035,0.04809208498244877,0.07617323750254537
4500,0.00813587210746482,0.0037583770863711835,0.0002506548009259859,0.23122785994410514,0.004202558858785778,0.0017952520762337372,0.0,0.0,0.0002980640142643679,0.2577444612979889,0.00022319147132554099,0.004333693872636096,0.06929234167201298,0.05389597196883938,0.08268028903860827
5000,0.013913305483292789,0.0053177399004343895,0.0006849854415049777,0.3051830690652132,0.004406519842334092,0.0019786141959484667,0.0,0.0,0.0002973669667436418,0.3525947034358978,0.0001150679499655299,0.002691863342451023,0.05116611862868399,0.03333257781510808,0.058042322139380674
5500,0.0098100807024166,0.004141955587314442,0.0003749041246046545,0.2605255851298571,0.004199336269171908,0.002164293606649153,0.0,0.0,0.00029656403626777164,0.30285948514938354,0.0001764232557547229,0.0037175309380865417,0.05885863094806354,0.05224583491463458,0.06792608666540376
6000,0.00969120684126392,0.003975775160593912,0.00044053069756773763,0.21383939130604268,0.003751521875848994,0.0015277031923178583,0.0,0.0,0.00029565580170519477,0.5743616223335266,0.00018761942556518203,0.004304848588016372,0.06304729889087857,0.04680276825736443,0.07216186779896354
6500,0.013015917048789561,0.005342917541507631,0.0005251421771827154,0.3403549515902996,0.004655492570251226,0.0021757725675124674,0.0,0.0,0.00029464291784276757,0.5726931691169739,0.0002887451687127861,0.005398537684650032,0.07537336290944059,0.06086302053172312,0.09019153956001655
7000,0.005768298570066691,0.002498159260721877,0.0002422589639609214,0.12909309028834104,0.0029499194710515438,0.0011637515284819528,0.0,0.0,0.00029352611491370004,0.14942412078380585,0.00013644625518064073,0.002531279417604723,0.05056721294204444,0.037149211448018846,0.06053830722235691
7500,0.007581837683450431,0.002969556615455076,0.00037958789843833075,0.15339578045904637,0.0029350242544896902,0.0012269890704774298,0.0,0.0,0.0002923061980710982,0.2018456906080246,0.00010370937915168418,0.0025271721517703943,0.04722139471469047,0.037504741165906796,0.05293740105823992
8000,0.00920101314969361,0.0038111298342701047,0.00040429998842591886,0.21068876215815543,0.0034702797615900637,0.0013893021182739176,0.0,0.0,0.0002909840468074933,0.7971322536468506,0.0009059552150309919,0.014030380591962873,0.10337771610596379,0.0785838275497602,0.12450616965028352
8500,0.006749767048982903,0.0029188096509315076,0.0002492175937150023,0.17919266363978387,0.0030186962343286723,0.0015103090980555863,0.0,0.0,0.00028956061432077607,0.2353641241788864,6.15550226023148e-05,0.001399461303117557,0.03634446770293249,0.027662464271183677,0.042203190760875475
9000,0.008341442065080628,0.003174765278585255,0.0004510175451432588,0.15187544770538808,0.0028275737168733032,0.0011506252323742955,0.0,0.0,0.0002880369268269942,0.25385811924934387,0.00011445716832084261,0.0028725786818206947,0.04944800056638936,0.039145986685596164,0.05427080250209457
9500,0.0068036613324657085,0.002988204519380815,0.00023232639063644456,0.19096985018253326,0.0032025677049532532,0.0015121560255647636,0.0,0.0,0.0002864140828205072,0.2945278584957123,7.57573325994701e-05,0.0015809164921503404,0.03939038487891885,0.03188948241485057,0.04540590415286584
10000,0.008816170091973618,0.003938177293748595,0.0002901755346392747,0.25040707978606225,0.0036974336900748314,0.001554342957038898,0.0,0.0,0.0002846932522820326,0.41221001744270325,8.039218170726218e-05,0.0020314294163306275,0.04278006166554003,0.029961727617794864,0.04680906446219797
10500,0.0052615458418149505,0.002091091127949767,0.0002256370138056809,0.1325050424747169,0.0023766077982727437,0.001259050066000782,0.004166688706842251,0.001875,0.00028287567583515485,0.1310516744852066,0.0001097445749995882,0.0020811850844419436,0.0456858377560395,0.03645172846919572,0.05445351952335795
11000,0.0051701699947007,0.001975965338759124,0.00025882191998607593,0.1082493048235774,0.00218574752099812,0.0008198978498694487,0.0038020743399392815,0.00375,0.0002809626638519043,0.31949201226234436,0.00022283759623803703,0.004540406938413277,0.06429442962144788,0.04621912406172114,0.07371414738860196
11500,0.004908273851731792,0.002166944520315155,0.000159789112614817,0.14113276232033967,0.0022613768223673104,0.0009432886349386535,0.0043201353452168405,0.005625,0.0002789555955080514,0.2446490228176117,7.100179127616211e-05,0.0014306841085450737,0.03756105484043534,0.030999499378770536,0.043994995539258716
12000,0.008797776337014512,0.0036082199439406394,0.0003880354535140214,0.20048305352777243,0.0029377495842054487,0.001201231521263253,0.006069699262967333,0.0075,0.0002768559177887973,0.15929153561592102,6.046716200350673e-05,0.0012704472434220892,0.03550319488196365,0.029855741436777578,0.041095884163853104
12500,0.0035805375289637595,0.0014905208664713428,0.00013703726328822085,0.09424208420142531,0.0018428653293522076,0.0007334432556526736,0.002988257269258611,0.009375,0.00027466514444557773,0.25311529636383057,4.947191825597297e-05,0.0010807779606638074,0.03284252606106211,0.025580515918564264,0.03850018470392874
13000,0.004653958625160158,0.0020277980037499217,0.00014278403215212164,0.14155917470529675,0.0022897610956570135,0.0008580359657644294,0.003607845834339969,0.01125,0.00027238485490473183,0.21702085435390472,4.104909898614695e-05,0.0009080360104750156,0.029867815984909587,0.02348959253055509,0.03453187849896581
13500,0.006589407808613032,0.0025793278091587124,0.0002796871074970113,0.1687573773302138,0.002339488653582521,0.0011342064369237051,0.004161425626603887,0.013125,0.0002700166931288234,0.30592775344848633,0.00014586700515021222,0.002720531620361449,0.05025285197917108,0.037655355445018794,0.05902275685111581
14000,0.004903209698619321,0.0019284099113428966,0.00020556666806078284,0.1250703366547823,0.002125162741402164,0.0008804838375071995,0.003528277969220653,0.015,0.0002675623664314345,0.2093181014060974,4.534484889285038e-05,0.0010625592398681224,0.03058849948034666,0.023926103778229985,0.034967790611176226
14500,0.0025828653677599503,0.0011344974096282386,8.640502046182518e-05,0.06984651255607605,0.0015811304525705054,0.0005899228240014054,0.0023132605225546286,0.016875,0.00026502364424628715,0.3430430591106415,7.327496067721439e-05,0.0016964639771852238,0.03875181104647499,0.03519914609540252,0.043109005626880914
15000,0.00469627911131829,0.0018523702699458227,0.0002149093714360788,0.10392534358799457,0.0017394610535120592,0.0008943318522360641,0.0033359242505393923,0.01875,0.0002624023568515796,0.20638084411621094,5.2658845271303055e-05,0.0010393548609015813,0.0314129694806238,0.024322436372969145,0.03629534178720789
15500,0.0035319995891768484,0.0015255368171492591,0.00011644860780143063,0.09932913557067513,0.0018076011132216081,0.0007178342639817856,0.0028532139803282915,0.020624999999999998,0.0002597003940504566,0.35163843631744385,0.0002513813452940554,0.005132961692637323,0.06981939463646113,0.05773658834877446,0.08187800854668237
16000,0.005556367713026702,0.002121643928461708,0.0002578214866371127,0.1263754059560597,0.0019485945024061949,0.0008315132789430209,0.0037585906940512358,0.0225,0.0002569197038085664,0.14977876842021942,4.774102916669314e-05,0.000984768850999402,0.031561538063859876,0.02581843391524554,0.03724234589867282
16500,0.002358169712824747,0.0010722043888526968,5.919545406504767e-05,0.07392680079862475,0.0015938485939987004,0.0005755120927933604,0.002179721242748201,0.024375,0.0002540622908496851,0.3082813620567322,0.00018631270086683625,0.0034135335731819713,0.058360205827531736,0.04736034566491963,0.07020426511039973
17000,0.0040629810087848455,0.001575896585942246,0.0001753283512298367,0.09827858428284526,0.0016415446470491588,0.000712379444797989,0.003095486377249472,0.02625,0.0002511302152104217,0.21723608672618866,8.074988823899986e-05,0.0015656689054936355,0.037567407232497886,0.02970498520168966,0.043525232461828
17500,0.0037538844130467625,0.0015235069340560586,0.00014945183007512242,0.0935669542774558,0.0015971162186469883,0.0006805142704979516,0.0028022606489248574,0.028124999999999997,0.00024812559075504593,0.19635140895843506,9.84730833183357e-05,0.002069288224920306,0.043787031055944545,0.037755188217508666,0.05133801911274165
18000,0.0028250620597973465,0.001262228324136231,8.360298238767428e-05,0.07988811269029975,0.0016600514546735211,0.0005839880537241698,0.002501712873694487,0.03,0.00024505058365150887,0.24335482716560364,7.84544787161083e-05,0.0015888334281736688,0.03895976136376573,0.03013601555550191,0.045506621879402784
18500,0.0045502633596770465,0.0016274076299159787,0.00024552389289601704,0.08538450712710619,0.0015929732910590247,0.0005462267173570581,0.002780917582800612,0.03,0.0002419074108097558,0.17096684873104095,8.573767602177785e-05,0.0018360556588205251,0.04125163686577111,0.037366613020571385,0.0474173738691885
19000,0.0022781601783353833,0.0010367315945914014,5.447642277249542e-05,0.07220906330645084,0.0013945771674625576,0.0005856151761254296,0.0021241555005544798,0.03,0.00023869833828345685,0.14394113421440125,0.00011402530098551354,0.002141177022606507,0.046467922384654435,0.037366439789235276,0.056188362171278386
19500,0.00382093280821573,0.00135596269503003,0.00019888819370680722,0.07741286078095436,0.0015032465648837387,0.0006467735278711189,0.002607859401614405,0.03,0.00023542567963630773,0.114691823720932,3.0290321734585442e-05,0.0006650979022328232,0.02514286080528753,0.02208063583256125,0.029052233713030423
20000,0.001557352382224053,0.0006989205774152651,3.5132173372403485e-05,0.05073476547375321,0.0011522700506029651,0.0004625875028432347,0.0017959399628452958,0.03,0.0002320917942740784,0.14365527033805847,3.50210707445569e-05,0.0007575750815498507,0.026302964642385504,0.021372972855107697,0.030002112265455266
20500,0.0030635467593092473,0.0012844220678089188,0.00011123446887722821,0.07994007838889956,0.0014843440752010792,0.0005855182245722972,0.0023049850708339362,0.03,0.0002286990857436118,0.4274543225765228,0.0001057673724681861,0.0022216351080131167,0.047030964653280743,0.038858397123569866,0.05514774845461988
21000,0.002734704599133693,0.001124831525492482,9.56414874199254e-05,0.07599257577583193,0.0014256595290498809,0.0005348816038458608,0.0021736673259874807,0.03,0.00022524999999999995,0.20427145063877106,4.568766671426374e-05,0.000950330096076951,0.029092861065410036,0.02277973650099556,0.03349635473105725
21500,0.0018482617591507732,0.0007523473026813008,7.163562776077015e-05,0.04617657798714936,0.001112985895946622,0.0004118541587085929,0.0015271752612898127,0.03,0.00022174702364318548,0.07122454792261124,3.151132010477543e-05,0.0005954576748612774,0.02389806980183351,0.01845410572355828,0.02840517778263552
22000,0.003163201316376217,0.0012857740931212901,0.00011298664248533896,0.08850958700478077,0.0014135618903674185,0.0006513184975192416,0.0022596476962207816,0.03,0.00021819268212526076,0.12416137009859085,4.774866726016848e-05,0.001029212063456061,0.0311196946014679,0.025635080682989315,0.03604956854531122
22500,0.002339753879699856,0.0009267678188043647,9.15862792498956e-05,0.06103894173540175,0.00115076802886324,0.00045196145068621265,0.0017959712382289582,0.03,0.00021458953792975654,0.1298997849225998,2.4134739295745644e-05,0.0005180823642803494,0.022465305146536163,0.01768036309988557,0.02617610989021321
23000,0.0015788447347003967,0.0006883032246259972,4.523353744934866e-05,0.04663246928155422,0.0010068174246698617,0.0004478314007865265,0.0015934012600337154,0.03,0.00021094018872423354,0.14509716629981995,3.0058357666128234e-05,0.0007086100485637533,0.025234661920455398,0.026125494590489556,0.028517114627528595
23500,0.0027910764873959122,0.0010257892545196229,0.0001322179377566499,0.06341075165942311,0.0013433436996419914,0.0005359412829275242,0.001821445340232458,0.03,0.0002072472654875075,0.05964898690581322,2.301033346332138e-05,0.0004504343608540835,0.02149089544886161,0.017812835322538752,0.025554662514279347
24000,0.002329764555441216,0.0009493282700132113,8.8149118477304e-05,0.060826399713754656,0.0011001926858443768,0.00047660764810279944,0.0017070449560414999,0.03,0.00020351343061285904,0.25005754828453064,4.232456855173155e-05,0.0009473411072145689,0.02912403669534873,0.023360195799573324,0.03347744327402388
24500,0.0014298178541939707,0.0006114876793581061,4.140494927287364e-05,0.04351622830890119,0.0009738662333693356,0.00039724588565877636,0.0012739062698674387,0.03,0.00019974137598859589,0.08210010081529617,2.3947146055504262e-05,0.00047356662129164056,0.021926158956553372,0.0184147339230483,0.025941814598714787
25000,0.0019415843050228432,0.000776960375951603,7.170140906237066e-05,0.053390409590676424,0.0009902308458113111,0.00044395332390558906,0.001425557749986183,0.03,0.00019593382105734987,0.23315837979316711,3.2052718145177817e-05,0.0007602043317487152,0.025965340276915376,0.02195740192738618,0.029051118572124245
25500,0.0014376014966983347,0.0005797624153492507,5.45183129634097e-05,0.037332452954724434,0.0008418929048348218,0.0003391818880045321,0.0012185770238284021,0.03,0.00019209351085550965,0.22176939249038696,3.0177982492861427e-05,0.000612700589972342,0.024119631484176042,0.01890615293440169,0.028131283176354133
26000,0.0018223841331200675,0.0007340564884361811,6.894159769944963e-05,0.048390276690945026,0.000981527180352714,0.0004168639341078233,0.0012969399687135592,0.03,0.00018822321403420112,0.14701567590236664,3.0474208006416013e-05,0.0007260605674843138,0.025573767312873523,0.01977293054022619,0.028642824793371928
26500,0.0018614023060072214,0.0007109846276289318,7.736527327415388e-05,0.04827623839303851,0.0009284212554921396,0.00041263203645939937,0.0011774198173952755,0.03,0.00018432572086324347,0.06290409713983536,1.6003755816562354e-05,0.00034606839063704235,0.018254739116407563,0.014551533975824475,0.021193728916753293
27000,0.0010306975206476636,0.00045811580389272424,2.3876612287494936e-05,0.03392662292346358,0.000792293021979276,0.00033616150263696907,0.0010339350851718337,0.03,0.00018040384121951862,0.07202441245317459,2.1040555536474223e-05,0.0004269121008911019,0.020290733390697903,0.016005515144084416,0.023887869982598453
27500,0.0017402430021902545,0.0006879866316448897,6.692692574870307e-05,0.04679667939990759,0.0008346959570772014,0.00034004316976643165,0.0012375597200589255,0.03,0.00017646040256120608,0.10019437223672867,3.7377279151590445e-05,0.0007074876092412076,0.02672402561283752,0.02035411747732423,0.031741580542845524
28000,0.0020459409644827246,0.0007725047504645772,8.687659747556609e-05,0.05250507248193025,0.0009081767301540822,0.0004302283003053162,0.0013329554917290807,0.03,0.00017249824788934153,0.09363488852977753,2.531974274752874e-05,0.0005007411823056012,0.022522089320194796,0.017887316433934573,0.02696704619220911
28500,0.0007328561326139607,0.0003276906997780316,1.5896156533017347e-05,0.02472676395624876,0.0006688332135672681,0.0002769883143919287,0.0007090110114659182,0.03,0.00016852023369817075,0.16387036442756653,1.56645613054508e-05,0.00032691026319419216,0.01800224056467028,0.014370448804302632,0.021069126429552065
29000,0.001262619205226656,0.0005162602428463288,4.057080279562797e-05,0.03799229454621673,0.0007683591456734575,0.000302529991735355,0.0010386903986218385,0.03,0.00016452922791577527,0.1210208535194397,2.7787788945647686e-05,0.0005763064712884488,0.02344352350868202,0.01972382633326805,0.0271268825437965
29500,0.001069641019916162,0.0004632721617235802,2.989998007797112e-05,0.032903619238175454,0.0007223650140222162,0.0003116113033465808,0.000926435683562886,0.03,0.00016052810783645483,0.07372352480888367,1.885304516521423e-05,0.0004008429343894895,0.019703896092211008,0.01858113354429929,0.02295766997318907
30000,0.0015753410732722841,0.000569839103758568,7.827060007093678e-05,0.03383617539331317,0.000735482728749048,0.00032571121108776425,0.0010121160933631473,0.03,0.00015651975804635755,0.14438922703266144,2.094516511472455e-05,0.00040526761572763116,0.019890268960322307,0.01627056279893601,0.023733669464635905
30500,0.0008925914383726194,0.00040755228206398896,1.4580387684873131e-05,0.0331684260526672,0.0006977687361650168,0.0003247716690530069,0.0008828799204493407,0.03,0.0001525070683438529,0.07150380313396454,1.5652686271717912e-05,0.0003613246425729756,0.017875139589978578,0.014373703477317385,0.020097118153266383
31000,0.0011702125464216806,0.000466607716109138,4.18564470965066e-05,0.03322483594715595,0.0006359187870402821,0.0002955207939667162,0.0009063500590273179,0.03,0.00014849293165614707,0.11500819772481918,6.576500417127578e-05,0.0012623273130437733,0.035281205886847015,0.028392915839902805,0.04146620385368626
31500,0.0009605229433509522,0.00041528515791287645,2.449377863194968e-05,0.03151443267427385,0.0006497344863018952,0.00031492228743445593,0.000816555854777107,0.03,0.00014448024195364245,0.05218210816383362,1.0129342550333989e-05,0.000211302439541115,0.014303807294112725,0.011712909297572495,0.016939890748269487
32000,0.0012211919293622486,0.00044502363086212427,5.842414863036538e-05,0.027533484131097793,0.000631266746961046,0.00027951949104317465,0.0008110805250471458,0.03,0.0001404718921635451,0.10757479816675186,3.5131416713034243e-05,0.0007173943404018113,0.02598086769601509,0.019977443483761237,0.03076936734202772
32500,0.0007366019696928561,0.00032348696561530234,1.603103130901218e-05,0.02548100790102035,0.0005749030372826382,0.00023631999506324065,0.0007314817460428457,0.03,0.00013647077208422468,0.13741470873355865,1.4535998202381407e-05,0.000332464198705341,0.0178463047782477,0.013967760143184337,0.020269264184735826
33000,0.0008511570964474231,0.00036621468362864107,2.1953684833533772e-05,0.027794944065622985,0.000601718682271894,0.00024881676855147817,0.000761938245035708,0.03,0.0001324797663018292,0.056904613971710205,1.1774254462356696e-05,0.00024797111216764067,0.015390691886023121,0.013234628037563388,0.01802746881619382
33500,0.0008395789929199963,0.0003166562053083908,3.480193613631854e-05,0.021816986514255406,0.0005314306743093766,0.00023360073602816557,0.0006229040940816049,0.03,0.00012850175211065842,0.17502935230731964,1.6697664312073713e-05,0.00036141598101104477,0.018636924747089584,0.013874966740681643,0.021495293800867926
34000,0.0008823533525282982,0.00038109064193849916,1.979213704225913e-05,0.03129990844149143,0.0005829822326777503,0.00029614998506440315,0.0007045071715838276,0.03,0.0001245395974387939,0.06696943193674088,1.6327488089114913e-05,0.00034107216661140386,0.01820440903846589,0.014937052349788545,0.02139424340595764
34500,0.000543887329113204,0.00023032541805878282,1.3587438123067841e-05,0.01819539819005877,0.0004927772036753595,0.00021477957225579303,0.0005277620415145065,0.03,0.00012059615878048135,0.20691516995429993,1.3554525495482389e-05,0.0002728455841236367,0.01648384759478327,0.012639756775184863,0.01976708838591093
35000,0.0008058899892494083,0.00032345134671777487,2.6300903272385768e-05,0.02446801363956183,0.0005339224491617642,0.00025431769943679684,0.0006489628797862679,0.03,0.00011667427913675654,0.07219719886779785,1.565279367625523e-05,0.00034665653510268556,0.017466918058721338,0.013427613124178258,0.020048368286091297
35500,0.0009621679881238378,0.0003505806283646962,4.276401227161841e-05,0.024359857465140522,0.000514157852390781,0.00022668256181350443,0.0006156096694758162,0.03,0.00011277678596579882,0.08639725297689438,1.2722354404020378e-05,0.00024522612998985745,0.015512028540393335,0.012630891093514916,0.01838420830065977
36000,0.0005616190860164351,0.00025394237390719357,8.10583959082578e-06,0.022091767471283674,0.0005176830564159899,0.00022489497005881277,0.00048288495535962284,0.03,0.00010890648914449031,0.048318248242139816,9.958723126271467e-06,0.00020262018933885257,0.013975042145789686,0.01152026806743941,0.016493640790092336
36500,0.0004762956355698407,0.00019348342610464898,1.4059609866308164e-05,0.015093509864993393,0.0004334231944521889,0.00018778107715479564,0.0004396063541935291,0.03,0.00010506617894265007,0.0848478227853775,1.1478712339421293e-05,0.0002380646247977748,0.015468386260221664,0.012003820050828375,0.018337533590272716
37000,0.0005924977612739895,0.00024495545026729815,1.833595723928738e-05,0.017905136296525598,0.000471528819645755,0.0002036028166912729,0.000501732568925945,0.03,0.00010125862401140408,0.07265302538871765,1.603831034369223e-05,0.000290020149286216,0.017473914225034068,0.013713059969797176,0.02118737557314327
37500,0.0004925487360160333,0.00020948662926093675,1.1636331127192535e-05,0.01698196480423212,0.0004203617903694976,0.0001987427894055145,0.00046535881535965016,0.03,9.748656938714089e-05,0.06011544540524483,8.765820674610126e-06,0.00019736420193281786,0.013594034302574855,0.011229157693562222,0.015606783705897801
38000,0.0005448970262659714,0.000219969104451593,1.706948331911917e-05,0.016813271484337748,0.00041760758811142297,0.00018575968190270942,0.0004735224083997309,0.03,9.375273451249249e-05,0.08013956993818283,1.1230443992866899e-05,0.00025005751650292375,0.015291204206154764,0.011462427780625763,0.017824824642654027
38500,0.0005189975382236298,0.00020463875232962892,1.4788245860472672e-05,0.017692902485374362,0.0004175927039759699,0.00018632482296379748,0.0004361540987738408,0.03,9.005981127576641e-05,0.028147269040346146,7.320709050556989e-06,0.00014589631184895157,0.012065897875057036,0.009820917294449782,0.014449734386975175
39000,0.0004633609242446255,0.0001935644135955954,1.0686201785347294e-05,0.01650521656405181,0.0004072535699524451,0.0001977448889738298,0.00044015832456352656,0.03,8.641046207024336e-05,0.14867068827152252,1.1713059086640797e-05,0.00027160028214147727,0.015758598055098477,0.011652791776156402,0.017706676994364318
39500,0.00041709107876522467,0.0001771812554943608,1.0011681826199492e-05,0.014200403061695397,0.0003752017186197918,0.00016689993704494555,0.0004130441567685921,0.03,8.280731787473923e-05,0.06933464109897614,9.396608995058637e-06,0.00018405098036998666,0.013615748207619363,0.011473331479203912,0.01616745753718417
40000,0.0003566572798008565,0.0001520924754877342,7.104062402959244e-06,0.013145832936279475,0.00036608382270787845,0.00015795815676392523,0.00036778532748576255,0.03,7.925297635681445e-05,0.06611772626638412,7.017610832950019e-06,0.00013861762854315936,0.011515576485163038,0.009405407558938029,0.013794711549454344
40500,0.0004915047586255241,0.00021307723893551156,9.968599658350285e-06,0.018131910196505487,0.0004043365471588913,0.00017433204645931255,0.0003857646435499191,0.03,7.575000000000001e-05,0.062343575060367584,7.302853987138364e-06,0.0001575079923425727,0.01219826759693761,0.010110255944003147,0.014267426086949694
41000,0.0003904526982223615,0.00015731320768827572,9.851974462662839e-06,0.013821376984473319,0.0003623017284553498,0.0001713325941018411,0.0003591195389890345,0.03,7.230091425638815e-05,0.028925905004143715,8.062426396113803e-06,0.0001542204766908634,0.01258792157734433,0.009787342344522837,0.015082026565403878
41500,0.00029967252424103205,0.00012191734957741574,6.590474145241387e-06,0.01107544763898477,0.0003232076029817108,0.00015270054689608514,0.0003172608577879146,0.03,6.890820572592154e-05,0.04800327867269516,5.692252765466484e-06,0.00011329526785274303,0.01041184153081999,0.0087576145944177,0.012480908761944721
42000,0.000497300282586366,0.0002138392128108535,8.713164138953288e-06,0.01960855372622609,0.00039834700277424417,0.00017373909368325257,0.0003983120725606568,0.03,6.55743203636922e-05,0.05175622180104256,6.069726618987151e-06,0.0001206578932669506,0.010965499570408302,0.009344923023868483,0.01323421271182466
42500,0.00026092041078663896,0.00010570352775539504,5.545823886450307e-06,0.009785877684131264,0.00030783363009686583,0.0001469397941546049,0.0002814594048541039,0.03,6.230166171654316e-05,0.07883798331022263,5.915996524229049e-06,0.00012297069989672757,0.010855440653001812,0.009195948715287769,0.012890512556006605
43000,0.0003042883500311291,0.00012151544064545306,7.454108445017482e-06,0.010984159145969898,0.0003089784631738439,0.00014448418856045464,0.00029212751438899433,0.03,5.9092589190244156e-05,0.04510617256164551,8.101483355818206e-06,0.0001776301289207162,0.01291750810899002,0.010364004575879734,0.014714917636124973
43500,0.00026148089618072845,0.00011141934699116974,3.5350944278889073e-06,0.010870601415168494,0.0003071771801332943,0.00014674901765829418,0.00028451735625276343,0.03,5.59494163484911e-05,0.034712664783000946,6.588288840195202e-06,0.0001270799176956601,0.01149460646026855,0.00902332034751226,0.013888524965307413
44000,0.00025085848951130174,0.00010542444037128008,3.6021995754254022e-06,0.01039057571394369,0.00029947598165017554,0.00014191074069822208,0.0002765610161877703,0.03,5.287440924495405e-05,0.08392957597970963,6.729387281987307e-06,0.00013199799360111985,0.011381426798328906,0.008946335442424643,0.013599280505868293
44500,0.00027633742116449866,0.00011158916731801583,5.870745012316547e-06,0.010522892613895237,0.0002981036554265302,0.00014032909464731347,0.000272301448872895,0.03,4.986978478957822e-05,0.03715682402253151,5.1865377295592994e-06,0.00010418847415730345,0.010109112846324235,0.008178740538956905,0.012050102080179597
45000,0.00022276581384357997,9.483024349901826e-05,2.5726063976208023e-06,0.009581966073252261,0.00028778367201448416,0.0001312803818436805,0.00024481401301454755,0.03,4.693770915031488e-05,0.021438324823975563,5.3825873879868205e-06,0.00010284309609800665,0.010183700815990251,0.008510280219415581,0.012359263084490625
45500,0.00022949682793114333,9.628582532604923e-05,2.5877339563749046e-06,0.010013345242012292,0.00028853688947856425,0.00013963436061021638,0.00026979893539100887,0.03,4.40802961914336e-05,0.025787213817238808,5.198126690938954e-06,0.00010180182848847335,0.010185497055739344,0.008630998200235485,0.01225636096767186
46000,0.00025099477352341637,0.00010144892848620657,4.276508577277127e-06,0.01032786840107292,0.0002913694414892234,0.00014855316653847694,0.0002551956329261884,0.03,4.129960594954338e-05,0.10405170917510986,8.75682305476344e-06,0.0001555547464693079,0.012218008167422013,0.009675114271908269,0.014709860454155324
46500,0.00021260038315085695,8.753565046936273e-05,2.4911763136969966e-06,0.009406392770353704,0.0002744297802855726,0.0001345098573656287,0.00023273334762779997,0.03,3.859764314842036e-05,0.059334225952625275,6.09359078248689e-06,0.00011963833031062917,0.010830872941818302,0.008620222721751739,0.012892544837307245
47000,0.0001960210398247,8.145876774506177e-05,2.2165344456652747e-06,0.008622398174833507,0.000259642461722251,0.0001255165609472897,0.00022514754916483072,0.03,3.597635575371279e-05,0.04468086361885071,4.669577158947336e-06,8.967478420306492e-05,0.00951942374237947,0.00793381344705832,0.011517750917486903
47500,0.00018340223719133064,7.447403523110551e-05,1.6766336362934453e-06,0.00851597834005952,0.00026076287592877634,0.00012878375346190297,0.00021532951279368718,0.03,3.3437633568565475e-05,0.024839842692017555,4.607799999209647e-06,9.010389209176289e-05,0.009527939737033558,0.007824348711049926,0.011548458696121262
48000,0.0001767654801806202,7.280063114740187e-05,1.6456474257893205e-06,0.008091591889970004,0.00025568887864938004,0.00012416211829258827,0.0002028414442174835,0.03,3.09833068711766e-05,0.06155223771929741,4.869073988895777e-06,9.263882004526085e-05,0.00968942794443292,0.007809799554433545,0.01175846575491444
48500,0.000171329213611898,7.101750435685972e-05,1.4568435105957179e-06,0.007878143123816699,0.00025096756278071553,0.00012308596041839338,0.00020449989530607127,0.03,2.8615145095268126e-05,0.03477358818054199,4.904422202960124e-06,9.459910361124653e-05,0.009780277925531256,0.008223549578855047,0.011827736172647835
49000,0.00016671148395107593,6.806649307691259e-05,1.3109620613249718e-06,0.007849694863427431,0.00024524783293600194,0.00012073998568666866,0.0002000156571230036,0.03,2.6334855554422256e-05,0.020652277395129204,4.520245088791744e-06,8.645384318903474e-05,0.009127077985084437,0.007714066490389469,0.011071494634391384
49500,0.0001623218175227521,6.586983326269546e-05,1.215753307178602e-06,0.007721214286051691,0.0002458721148723271,0.00012286565890099154,0.00019421462232276099,0.03,2.4144082211202704e-05,0.02486305497586727,4.483975708798759e-06,8.398411004004531e-05,0.009311945482510046,0.007583831290623857,0.011364641030843644
50000,0.00015173182972648647,6.157212644029641e-05,1.0594571816113784e-06,0.007276033896487206,0.00023838291470019613,0.00011667177937488304,0.0001791053626948269,0.03,2.2044404491948583e-05,0.018541960045695305,3.7936211357104206e-06,7.349029764710846e-05,0.00845223509291255,0.00704359173232923,0.010263864067603688
50500,0.00014992842255742288,6.0158250962558666e-05,1.0085535397479361e-06,0.007267834298312664,0.00023830000178713816,0.00011869588054105407,0.00018178142487886362,0.03,2.0037336148095658e-05,0.04464029520750046,3.688584738353379e-06,7.14906069537831e-05,0.00845502208899531,0.007152352168872099,0.010292604949853339
51000,0.00014570916573575232,5.830716108903289e-05,7.805054713685422e-07,0.007240161857567728,0.00023581601186015177,0.00011814493120618863,0.00017389118388382485,0.03,1.812432416484513e-05,0.01012949738651514,3.6748870586925926e-06,7.091531167962735e-05,0.00828846778513882,0.006941915133041083,0.010080670897751425
51500,0.00013748954983020667,5.5066285116481596e-05,6.19961676420644e-07,0.006891532806213945,0.00022946608997881411,0.00011575447237555636,0.00016986798368452582,0.03,1.6306747717967433e-05,0.03163516893982887,3.764545309026447e-06,7.113351561807517e-05,0.008465988931008089,0.007137372363534364,0.010339021846526256
52000,0.00013730832606961485,5.5018799532263076e-05,5.882203611236037e-07,0.006917807637248188,0.00022834337575477549,0.000113400465947052,0.00016627502266783266,0.03,1.458591717949279e-05,0.020727943629026413,3.584606758358735e-06,6.814170975583911e-05,0.008294505627034408,0.006830166077382788,0.010138480166662807
52500,0.00013282701388379791,5.195989292406011e-05,4.928002476844995e-07,0.006866623109905049,0.00022724572330480442,0.00011288138621603138,0.00016190728010406018,0.03,1.2963073173005777e-05,0.01579921692609787,3.3640086174260996e-06,6.484228803774894e-05,0.00795882484411093,0.006760022399717614,0.00972524161046859
53000,0.00013082028870121576,5.216339043545304e-05,4.691323307213224e-07,0.006676542696543038,0.00022605724207824096,0.00011501062523166184,0.00015759119121503318,0.03,1.1439385679223936e-05,0.011682226322591305,3.3379898034244715e-06,6.399444361339013e-05,0.007952210647792859,0.006684606965249568,0.009716614506514534
53500,0.00013151595907402226,5.155658062722068e-05,4.2639793898047176e-07,0.006805316215846687,0.0002273836121603381,0.00011789726633287501,0.0001680741951786331,0.03,1.0015953192506706e-05,0.014832505024969578,3.442248608755463e-06,6.577411139888702e-05,0.007871893358296373,0.0066135795651930136,0.009621639456793146
54000,0.0001232448816590477,4.8815825713973026e-05,3.764537409836066e-07,0.006354343647137284,0.00021749255561735482,0.00010966964608815033,0.00015341230381454808,0.03,8.69380192890175e-06,0.013877520337700844,3.1567238201957648e-06,6.0653358604372126e-05,0.007743764127379202,0.006524361641401092,0.009477318560041846
54500,0.00011943420624447753,4.6787905048404355e-05,3.210007236020829e-07,0.006261003824183717,0.0002153396877256455,0.00010635000958427554,0.00014171204997546737,0.03,7.473885086299943e-06,0.008786771446466446,3.1968559399694883e-06,6.166604729796705e-05,0.007725164717241485,0.0064260688131410094,0.009454936543733212
55000,0.0001211568812141195,4.635238326591207e-05,2.7118581411400554e-07,0.006497919653076678,0.000221314667884144,0.00011138227026094683,0.00014429490954353242,0.03,6.357082157232434e-06,0.016604021191596985,3.156253189223583e-06,6.0440214287163464e-05,0.007776888907942164,0.006515921442855134,0.009530419546453615
55500,0.00011762478091259254,4.518070104313665e-05,2.47264399106939e-07,0.006296025389805436,0.00021703988837543876,0.00011191982606396778,0.00014053717703791334,0.03,5.344198294805223e-06,0.010798431932926178,3.2075851710780084e-06,6.056455373961788e-05,0.007778653109165876,0.006468117447549814,0.00955573632554457
56000,0.00011770426073053387,4.495035118088708e-05,2.281626577911311e-07,0.006353580084629357,0.00021535802600556052,0.00011058365312055685,0.00013777973963442492,0.03,4.435963732228357e-06,0.01544333528727293,2.9832000426285997e-06,5.695292226866192e-05,0.007528876674640115,0.00632669508373643,0.009246676000065731
56500,0.00011396094771043864,4.347665598470485e-05,2.0725231416918176e-07,0.006127883299719542,0.00021375502640148624,0.00010923847366211703,0.00014391689279727872,0.03,3.633033256358117e-06,0.023242155089974403,2.9931391357844452e-06,5.6926201639046216e-05,0.00749838691461136,0.006308314038632676,0.009205077038877713
57000,0.00011126919405069203,4.2357979917142074e-05,1.7459157541566127e-07,0.0060042289714328945,0.00020965443673776461,0.00010634017047414091,0.00014374157440761337,0.03,2.9359857356320297e-06,0.021283142268657684,3.032064961997597e-06,5.743920050723666e-05,0.007535082426729688,0.0062746612946388,0.00924450380762206
57500,0.0001106919109224691,4.2524907210463424e-05,1.648922553556531e-07,0.005934345927089453,0.00021146713063353672,0.00010634719154040795,0.0001442088201511069,0.03,2.345323702736683e-06,0.008995533920824528,2.9319095268947115e-06,5.58798734363902e-05,0.00735040800372177,0.0061623094134346836,0.009014172429095933
58000,0.00010871878131729318,4.133937777078245e-05,1.4748700066036235e-07,0.005897040402749553,0.00021214308466005604,0.00010805933633673703,0.00013423602533293888,0.03,1.861472992309531e-06,0.010594875551760197,2.947739923841174e-06,5.597328122639055e-05,0.007360324842479638,0.006166956140229576,0.009035385647786956
58500,0.0001084946820337791,4.1568652060959724e-05,1.4263740692399552e-07,0.005867795423837379,0.0002101416251680348,0.00010578093375079334,0.00013159174697648267,0.03,1.4847824339356155e-06,0.017367830500006676,2.9045533167395976e-06,5.528603892574796e-05,0.007351676713485515,0.006161083869301512,0.009036008445779169
59000,0.00011055017053877236,4.1695637886732584e-05,1.372809244344353e-07,0.006059003988048062,0.00021137994169839657,0.00010773011741548544,0.00013250488923222293,0.03,1.2155236006608065e-06,0.011260155588388443,2.917507551628266e-06,5.527414385996995e-05,0.007383061592336898,0.006182795773710696,0.00907898920137265
59500,0.0001099758982018102,4.0961197300930506e-05,1.3083768874366796e-07,0.006072376116644591,0.0002137070286553353,0.00010664826675929362,0.00013468955505959457,0.03,1.0538906132026365e-06,0.006939222104847431,2.8898228483218206e-06,5.50306038352088e-05,0.007297136000753153,0.0061073053843233825,0.008963103513312243
60000,0.0001054805535604828,4.0132984846422914e-05,1.2705741127660986e-07,0.005726754436036572,0.00020466822003072592,0.00010351901991089107,0.00013272314406640362,0.03,1e-06,0.009920615702867508,2.877832458843086e-06,5.4779435945056684e-05,0.007271494691346149,0.0060886387544818905,0.00893645964205226
60500,0.00010875604140164797,4.11757794317964e-05,1.3097634099779042e-07,0.0059338645436801014,0.000214750447703409,0.00010897298520285403,0.00013188576111133443,0.03,1e-06,0.005628321319818497,2.8556322916750698e-06,5.439476445913046e-05,0.0073001617445318575,0.006116270167384001,0.008972256497144504
61000,0.00010957470587163698,4.050370591357932e-05,1.2558822186292673e-07,0.006087959066499025,0.00021044066733156796,0.00010724030155688524,0.00013366318635962672,0.03,1e-06,0.012669975869357586,2.8600408532851947e-06,5.44640358734243e-05,0.007282522923742433,0.006110573076214449,0.008951783843173796
61500,0.00010600106958736433,4.029984478256665e-05,1.2801261220829474e-07,0.005774629999883473,0.00020742622338002547,0.00010402897680614842,0.00012720910165080567,0.03,1e-06,0.008817319758236408,2.873328592393443e-06,5.458578281423725e-05,0.007303068544195526,0.006122433123784439,0.008975567045577396
62000,0.0001077450873926864,4.034225743816933e-05,1.2738910123744062e-07,0.005935902174562216,0.0002116588158387458,0.0001097537167443079,0.00012701904219284188,0.03,1e-06,0.006495421286672354,2.8676420567891175e-06,5.4513115641384494e-05,0.007301153129194043,0.006123554018568272,0.008972060343575375
62500,0.00010672102505486691,4.0574225211457815e-05,1.280854310579116e-07,0.005794204656966031,0.00021019697321753483,0.00010591968951484886,0.00013396347781963414,0.03,1e-06,0.007685964461416006,2.8752012091174746e-06,5.468109914240475e-05,0.007269682934091028,0.006082468971168086,0.008933795449999955
63000,0.00010516567667218623,3.978973677294562e-05,1.259223879799265e-07,0.005733947896398604,0.00020568390397238546,0.00010522091376333264,0.0001306678349210415,0.03,1e-06,0.008661271072924137,2.845156066058041e-06,5.414794612565816e-05,0.0072750090811763805,0.006090495470568584,0.008943933875477147
63500,0.00010625067373621277,4.000697742958437e-05,1.2759542451590278e-07,0.005814980595139786,0.00021090739210194442,0.00010445581191015662,0.00013064987997495335,0.03,1e-06,0.011894751340150833,2.8588695709924556e-06,5.4480038604410596e-05,0.007280622162886092,0.006110833110596705,0.00894265565731497
64000,0.00010648761138145346,4.006143430524389e-05,1.2532381461483054e-07,0.0058335933270864185,0.00021118982558255084,0.00010731660631427076,0.00013008634545258246,0.03,1e-06,0.011340520344674587,2.876916477564028e-06,5.464436043131266e-05,0.007306322434122792,0.006126718916582124,0.008975368675983983
64500,0.00010893732453405392,4.121783629670972e-05,1.260016573496614e-07,0.005949079233920201,0.00020995951991062612,0.00010883710342750419,0.00013442392614524578,0.03,1e-06,0.007582078222185373,2.8339287374049695e-06,5.40538559147631e-05,0.0072549082733979215,0.006097926183888858,0.008909887753017914
65000,0.00010749480185040739,4.027271122686216e-05,1.2364677608900366e-07,0.005920905199600384,0.00020869168215722312,0.00010764553390617948,0.00012868312149657868,0.03,1e-06,0.010013940744102001,2.8688345520538907e-06,5.447115575871641e-05,0.007307932667721989,0.006139539503596178,0.008979420425956234
65500,0.00010894951853697421,4.056817211312591e-05,1.263691656276933e-07,0.006022789885057137,0.00021104242383444217,0.00010650330778298667,0.00013223461102461443,0.03,1e-06,0.008900415152311325,2.8386172080504836e-06,5.398336356426498e-05,0.007253124663566283,0.00607334820645162,0.00891587355312666
66000,0.00010614651204377878,3.975729439844144e-05,1.245809517484986e-07,0.005840172769501805,0.00020595979806967078,0.00010424006971879862,0.00012962815893115476,0.03,1e-06,0.013587159104645252,2.847293293642407e-06,5.407766026131171e-05,0.007262610158152879,0.00609072680922514,0.008928578703836114
66500,0.00010473512027965626,3.961364651695476e-05,1.2538539846218556e-07,0.005697548106312752,0.00020638305608008522,0.0001028385769604938,0.0001350231605611043,0.03,1e-06,0.010740564204752445,2.8752683703005447e-06,5.4454250416887094e-05,0.007331924385760195,0.006125965238255624,0.00902001435265324
67000,0.00010648160384880612,4.0055276891507676e-05,1.2440232232791005e-07,0.005830978995887562,0.00020784075889969245,0.00010690817610156955,0.00013246100889955414,0.03,1e-06,0.004059444647282362,2.830838062956119e-06,5.382182775275135e-05,0.007237077671988197,0.006078202529999379,0.008891916192543266
67500,0.00010723222106753383,4.0156851511710555e-05,1.2591942767414822e-07,0.00588905011001043,0.00021035395145008805,0.00010598621440294665,0.00013380376496934331,0.03,1e-06,0.00697237579151988,2.8253237364869105e-06,5.381423637602854e-05,0.007239752973392485,0.006079585730100188,0.008898018684321697
68000,0.00010658482355211163,4.008407240326051e-05,1.2441402178353657e-07,0.00583844711841084,0.00020871538411302025,0.00010744361649994972,0.00013197930348542286,0.03,1e-06,0.004790015984326601,2.8422216987589748e-06,5.4137405361350565e-05,0.007228164287681905,0.006062529839178649,0.008881550467418505
68500,0.00010599626378098037,4.0192081440181934e-05,1.2438194882236076e-07,0.005766154489247128,0.0002084173613402527,0.00010514403348497581,0.0001337323186598951,0.03,1e-06,0.0100673483684659,2.8420346258750322e-06,5.397819422961754e-05,0.007282794962990289,0.006104940644201423,0.008951583672215605
69000,0.00010710706070676679,4.002006191149121e-05,1.235750201828978e-07,0.005899522945750505,0.00020676720650226343,0.00010609682706854074,0.00013248433360422496,0.03,1e-06,0.01033877581357956,2.850067316650215e-06,5.409964609891742e-05,0.0072838703672786186,0.006115749040926663,0.00895897551077968
69500,0.00010438593419530661,3.88814634316077e-05,1.2418584203999216e-07,0.005732156646437943,0.00020255619060480966,0.00010074268348398618,0.00013854766678559827,0.03,1e-06,0.007339796517044306,2.817157962504084e-06,5.3564960214852126e-05,0.007224358075036411,0.006055692618940089,0.008882820982596861
70000,0.00010556169255141868,3.9929959824803516e-05,1.2456460960663662e-07,0.0057636385676451025,0.00020530796158709563,0.00010461490696616238,0.0001299867650377564,0.03,1e-06,0.022556431591510773,2.8505784818987744e-06,5.4124924494082815e-05,0.007239340903245386,0.006076249248974932,0.008898920740866649
70500,0.00010390140733215957,3.9305420257733206e-05,1.2056591285158903e-07,0.005662212686613202,0.00020345889587770216,0.00010153562794585014,0.00013197963899438036,0.03,1e-06,0.009876259602606297,2.8361102684064558e-06,5.378519349002305e-05,0.007222414596652956,0.006058073419805171,0.008878618629266175
71000,0.00010484319295937894,3.935289088258287e-05,1.2335583433298325e-07,0.0057489429540000855,0.0002062487858784152,0.00010470603690191637,0.00013014930612553145,0.03,1e-06,0.006287558004260063,2.853829793738933e-06,5.401076066752691e-05,0.0072725969640005965,0.006095795963763242,0.008941441240220836
71500,0.00010663659630517942,3.973628118183115e-05,1.2466499877916703e-07,0.005880071794614196,0.0002086564122728305,0.00010610696857474977,0.00013182148661871907,0.03,1e-06,0.006320623215287924,2.876115295093733e-06,5.429972697205228e-05,0.0073153400852998575,0.006105715930927793,0.009000857960068024
72000,0.0001075955835840432,4.0517625257052715e-05,1.228139500284442e-07,0.005905311949085444,0.00020631210859573912,0.00010580205320729874,0.00013070623105886626,0.03,1e-06,0.011708496138453484,2.80596117286736e-06,5.341031328954984e-05,0.00719615914223053,0.006054160691361688,0.008843939164330213
72500,0.00010716027928719996,4.008362726017367e-05,1.2111967559746973e-07,0.0058701600197236985,0.0002101156022545183,0.00010795351330307313,0.0001408468294685008,0.03,1e-06,0.025800682604312897,2.823182317269499e-06,5.364360626908286e-05,0.0071994378879202455,0.0060376320207061185,0.008848209684943143
73000,0.00010818646720872494,3.996916611140477e-05,1.2492636390959433e-07,0.006011220948770642,0.0002074735710339155,0.00010870817773684394,0.00013146215229062363,0.03,1e-06,0.01396412868052721,2.818283846795678e-06,5.354722842509938e-05,0.007218451123605765,0.006059464709788073,0.008878123828665947
73500,0.00010596801911015064,3.988576306437608e-05,1.2107539956218716e-07,0.005785907331155613,0.00020935547539556866,0.00010672042212536325,0.00013646073074778542,0.03,1e-06,0.007599972654134035,2.8288246961958337e-06,5.366903216950935e-05,0.007221803628691654,0.006062519166196347,0.008875248986667583
74000,0.00010544816625042586,3.947323602551478e-05,1.2090273084197633e-07,0.0057928573759272696,0.00020552222068363334,0.00010313859230518573,0.00013308427983429284,0.03,1e-06,0.006342976354062557,2.818956484255698e-06,5.347307461257856e-05,0.007210878528788637,0.006041712622473841,0.008864664770597238
74500,0.00010797105624806136,4.011430409445893e-05,1.2508893736651317e-07,0.0059630947420373556,0.00020943871697818396,0.00011047610754758353,0.00013419822570722318,0.03,1e-06,0.02113441377878189,2.8012253687263605e-06,5.325493934561575e-05,0.007204376083695827,0.006040661749511407,0.008856287494100907
75000,0.00010398133950366174,3.885729992543929e-05,1.1992492926538034e-07,0.005701687199529261,0.0002026650838961359,0.00010103478760720463,0.00013702569931047038,0.03,1e-06,0.012566645629703999,2.8182741447108593e-06,5.352477271325177e-05,0.007213879330941911,0.006075283948081966,0.008866988206018068
75500,0.0001056534485614975,3.962193324332475e-05,1.2261564563686989e-07,0.005794448499567807,0.00020603295315231663,0.00010854638210730627,0.00013201044779270887,0.03,1e-06,0.006288985721766949,2.848859595207281e-06,5.392483779500058e-05,0.007281371935546847,0.006103938035665318,0.008960250636151995
76000,0.00010546239060204244,3.9550669498567004e-05,1.2183109402030822e-07,0.005821250753942877,0.00020486151611839886,0.00010456276369950501,0.00012101077838451602,0.03,1e-06,0.014278239570558071,2.806060585474759e-06,5.330371540676206e-05,0.007205140932229062,0.006044352169865604,0.008861483232376764
76500,0.00010215966114628827,3.855107848721673e-05,1.1847156284261473e-07,0.0055826580459252,0.00020009662371012383,0.0001009829143731622,0.00012744786435359856,0.03,1e-06,0.007333329413086176,2.8326496742669435e-06,5.3582886952576925e-05,0.007218253489726819,0.006042013520668108,0.008882270425681696
77000,0.00010475277170189656,3.954241913379519e-05,1.2026832843048396e-07,0.005734881752636284,0.0002044944525550818,0.00010436295364343096,0.0001270271976245567,0.03,1e-06,0.007342864293605089,2.8121580350910114e-06,5.329822013865867e-05,0.007206523934827264,0.006052723094120473,0.008859812007103143
77500,0.0001068330034322571,3.9753169563482515e-05,1.2352150596939283e-07,0.005900489327730611,0.00020518994863959962,0.00010625788129254943,0.00013240973125357413,0.03,1e-06,0.007709566503763199,2.805527740640925e-06,5.320728236417762e-05,0.007226882871825544,0.006072955954496525,0.008887965974303594
78000,0.00010235078511323081,3.87543708566227e-05,1.1941438836515772e-07,0.005584855819353834,0.00020236560395278503,0.00010157320419239113,0.00012510512773951631,0.03,1e-06,0.0051347981207072735,2.7949407433017345e-06,5.3135386098593186e-05,0.007174443089175241,0.00602443792045926,0.008823959375762566
78500,0.00010668778081890196,4.012648456409806e-05,1.2048488967764116e-07,0.005850992728956044,0.00020641570050793234,0.00010624330513383029,0.00013203004788374528,0.03,1e-06,0.01163880992680788,2.8099455589710935e-06,5.331082458972446e-05,0.0072009918153077,0.006033538777149341,0.008857526217573583
79000,0.00010485857061576099,3.951126662650495e-05,1.1980649270526556e-07,0.0057425554622896014,0.00020188786862127017,0.00010284487091848859,0.0001305323915730696,0.03,1e-06,0.0136655168607831,2.8201650467439628e-06,5.341799347088368e-05,0.007221776191528786,0.006041025510003519,0.008880832469280007
79500,0.00010777236238936893,4.015266769420123e-05,1.1864846959497299e-07,0.005948528197593987,0.00020652653527213262,0.00011026637955365004,0.00013390993030770916,0.03,1e-06,0.009458499029278755,2.789520526665828e-06,5.291650728248473e-05,0.007216306486144788,0.006044986087039291,0.008882473237283868
80000,0.0001038847238814924,3.8972481026576134e-05,1.177862006329633e-07,0.0057002457932103425,0.0002011124073615065,0.00010495130670460639,0.00013022866065148263,0.03,1e-06,0.010183999314904213,2.7938899742852433e-06,5.293908564712058e-05,0.007188625583306164,0.006022049078173454,0.008842905181906165
