iteration,validation_mse_mean,validation_mse_sample_sd,validation_mse_min,validation_mse_max,frozen_seed,frozen_iteration,frozen_validation_mse
500,0.0005026605521272334,4.792918252615605e-05,0.0004509274704783,0.0005455556787695,20260903,59500,6.423076596437152e-08
1000,0.00013842668459005381,5.326588980842398e-05,9.238659764936144e-05,0.0001967665215614,20260903,59500,6.423076596437152e-08
1500,9.037229384911423e-05,6.901295673893928e-05,3.894369875215149e-05,0.0001688038836518,20260903,59500,6.423076596437152e-08
2000,2.2701039208659514e-05,7.3487157197067435e-06,1.5909345576573955e-05,3.0502370780660637e-05,20260903,59500,6.423076596437152e-08
2500,3.8556185644333356e-05,1.1979933375308051e-05,2.4922500961504535e-05,4.740053511365604e-05,20260903,59500,6.423076596437152e-08
3000,2.9947279369915862e-05,3.314999306772947e-05,1.037283981243605e-05,6.822226893497704e-05,20260903,59500,6.423076596437152e-08
3500,5.615898018041362e-05,5.0840672244065496e-05,1.7556331828647546e-05,0.0001137637064167,20260903,59500,6.423076596437152e-08
4000,3.220546940210013e-05,3.556701919360749e-05,1.0923309566291243e-05,7.326554188814786e-05,20260903,59500,6.423076596437152e-08
4500,1.1671859203791735e-05,2.0879226497078555e-06,9.279806522632288e-06,1.312862290088468e-05,20260903,59500,6.423076596437152e-08
5000,1.7844009052072904e-05,8.96374736370601e-06,1.2203018542916265e-05,2.8180033985725744e-05,20260903,59500,6.423076596437152e-08
5500,1.935950573441617e-05,2.0573740282315714e-05,7.227259896776333e-06,4.3114191268821434e-05,20260903,59500,6.423076596437152e-08
6000,3.9264986664140976e-05,3.0404863774243797e-05,1.9323902680997493e-05,7.425992911432983e-05,20260903,59500,6.423076596437152e-08
6500,1.2806112147285327e-05,2.9846358816570073e-06,9.379660602687782e-06,1.4839687268683383e-05,20260903,59500,6.423076596437152e-08
7000,1.0443546900291655e-05,6.126610342467388e-06,6.3056675067896694e-06,1.748177426048618e-05,20260903,59500,6.423076596437152e-08
7500,1.1060584008361811e-05,8.134310602530568e-06,5.8402026738103135e-06,2.043300234260064e-05,20260903,59500,6.423076596437152e-08
8000,2.279492305908876e-05,1.825377848782544e-05,3.71245018752e-06,4.008824636951409e-05,20260903,59500,6.423076596437152e-08
8500,1.1120105546264024e-05,5.931074664840627e-06,6.109526172294982e-06,1.7668688128004174e-05,20260903,59500,6.423076596437152e-08
9000,7.49645659020048e-06,3.853562202562299e-06,4.653780586487976e-06,1.1882476109935952e-05,20260903,59500,6.423076596437152e-08
9500,2.146036714330683e-05,1.4242610851095357e-05,5.264416440685102e-06,3.203227650433265e-05,20260903,59500,6.423076596437152e-08
10000,1.0052296545075594e-05,2.4054285556368695e-06,7.541918182416429e-06,1.2336848098698235e-05,20260903,59500,6.423076596437152e-08
10500,5.184060717942234e-06,2.226712996197811e-06,3.8789766442915615e-06,7.755148411759803e-06,20260903,59500,6.423076596437152e-08
11000,2.1906805705360787e-05,3.054195589534277e-05,2.1299741928424746e-06,5.70829412363873e-05,20260903,59500,6.423076596437152e-08
11500,5.955795028941135e-06,1.7854646952684676e-06,3.942096577073633e-06,7.345590839609548e-06,20260903,59500,6.423076596437152e-08
12000,9.28088721329956e-06,4.141478816994801e-06,4.576499038824367e-06,1.2376987020040726e-05,20260903,59500,6.423076596437152e-08
12500,2.231732853971483e-05,2.174273819392375e-05,2.4208150045012813e-06,4.5526174510928234e-05,20260903,59500,6.423076596437152e-08
13000,2.0037902333031917e-05,3.071333365865533e-05,1.6021835737244176e-06,5.54931790741311e-05,20260903,59500,6.423076596437152e-08
13500,1.7740703113211441e-06,1.715564732954514e-07,1.624446434246022e-06,1.961315096866728e-06,20260903,59500,6.423076596437152e-08
14000,4.235089117725825e-06,2.2389919509238795e-06,2.665047578643408e-06,6.79896123869264e-06,20260903,59500,6.423076596437152e-08
14500,1.0725740536878666e-05,1.1698043013713727e-05,3.5694560685885136e-06,2.4225319401239065e-05,20260903,59500,6.423076596437152e-08
15000,4.646773237615074e-06,3.241396316062127e-06,2.6137437469720526e-06,8.384821263169065e-06,20260903,59500,6.423076596437152e-08
15500,1.5565248308394683e-05,1.9600979072202864e-05,3.5040939735096073e-06,3.818180743867249e-05,20260903,59500,6.423076596437152e-08
16000,1.9260258381498277e-05,1.9774976509784923e-05,1.6874048102172055e-06,4.0673870482334e-05,20260903,59500,6.423076596437152e-08
16500,3.909134539035708e-06,2.1548978724807414e-06,1.454306799589429e-06,5.488614337323131e-06,20260903,59500,6.423076596437152e-08
17000,7.371613564089657e-06,6.745125000967175e-07,6.6726222241432235e-06,8.0186414891154e-06,20260903,59500,6.423076596437152e-08
17500,4.8940663317282165e-06,3.188220954409128e-06,2.412621927682645e-06,8.489905963170741e-06,20260903,59500,6.423076596437152e-08
18000,4.815911027411551e-06,2.266928100872577e-06,2.21706337029593e-06,6.386362817357545e-06,20260903,59500,6.423076596437152e-08
18500,5.894656714681083e-06,1.5813961000568887e-06,4.580033739925294e-06,7.6495284286335e-06,20260903,59500,6.423076596437152e-08
19000,4.956583952088851e-06,3.2639381450535723e-06,1.189585369284975e-06,6.942959249444294e-06,20260903,59500,6.423076596437152e-08
19500,2.8314931476871764e-06,1.0419707033795098e-06,1.6967990930119292e-06,3.7453297108187047e-06,20260903,59500,6.423076596437152e-08
20000,2.149647056935613e-06,4.789353151204067e-07,1.7745840396601226e-06,2.6891371368195165e-06,20260903,59500,6.423076596437152e-08
20500,3.7793457990941814e-06,3.3616753426133874e-06,1.1514123841083524e-06,7.567445806135753e-06,20260903,59500,6.423076596437152e-08
21000,2.745662442203554e-06,2.3839103030925997e-06,1.102323714392282e-06,5.479818852456896e-06,20260903,59500,6.423076596437152e-08
21500,1.542391836513204e-06,7.644691018921465e-07,7.984837880194583e-07,2.325883974775602e-06,20260903,59500,6.423076596437152e-08
22000,3.2028364544532854e-06,2.21321041935627e-06,7.799002874810726e-07,5.118105368026042e-06,20260903,59500,6.423076596437152e-08
22500,4.804250576070357e-06,4.609770045041656e-06,6.371439877416118e-07,9.755973474580631e-06,20260903,59500,6.423076596437152e-08
23000,7.169591722050975e-06,5.3366109426930355e-06,3.128244773426703e-06,1.3218919125941204e-05,20260903,59500,6.423076596437152e-08
23500,5.577157022709221e-06,5.152241703918531e-06,1.0612953172416138e-06,1.1189314965014587e-05,20260903,59500,6.423076596437152e-08
24000,6.407629877833096e-06,7.595791662339328e-06,1.32434437366631e-06,1.5139281300347374e-05,20260903,59500,6.423076596437152e-08
24500,2.3576313124533966e-06,2.259143659067137e-06,7.554751831856147e-07,4.941558746885676e-06,20260903,59500,6.423076596437152e-08
25000,1.3794231791225258e-06,2.0593623863669951e-07,1.245764037329888e-06,1.616579376666804e-06,20260903,59500,6.423076596437152e-08
25500,2.5815972886305096e-06,1.4592182136674542e-06,1.4317490416261203e-06,4.223153753543997e-06,20260903,59500,6.423076596437152e-08
26000,2.9583169286865157e-06,1.7552935958370938e-06,9.945210439607392e-07,4.374593622759583e-06,20260903,59500,6.423076596437152e-08
26500,1.8432199914716813e-06,7.552746871760682e-07,1.0944513051090012e-06,2.6048367504331796e-06,20260903,59500,6.423076596437152e-08
27000,5.130064096661563e-06,3.5938067611344937e-06,1.1167244209051683e-06,8.050668024956386e-06,20260903,59500,6.423076596437152e-08
27500,2.3711249162880325e-06,1.845503021316903e-06,1.1875452797983869e-06,4.497592497046894e-06,20260903,59500,6.423076596437152e-08
28000,2.6363813467507267e-06,8.160822527414939e-07,2.0063413339987476e-06,3.5582600104665007e-06,20260903,59500,6.423076596437152e-08
28500,5.898532058554844e-06,2.933136253772282e-06,3.169125052078356e-06,8.999910928101106e-06,20260903,59500,6.423076596437152e-08
29000,1.6986683432581422e-06,6.407169632406752e-07,1.1011643280913558e-06,2.375256215839856e-06,20260903,59500,6.423076596437152e-08
29500,3.2488241014993816e-06,2.3241594782959917e-06,8.241028224164054e-07,5.45730838779601e-06,20260903,59500,6.423076596437152e-08
30000,2.6584168334360676e-06,1.5628793803373032e-06,8.561729444873207e-07,3.6403452197556664e-06,20260903,59500,6.423076596437152e-08
30500,2.0829487772187554e-06,5.526097013342439e-07,1.4605786835785598e-06,2.5160726690204387e-06,20260903,59500,6.423076596437152e-08
31000,1.6115112039452056e-06,1.1390605963910374e-06,7.289714351973321e-07,2.897352997445028e-06,20260903,59500,6.423076596437152e-08
31500,2.197861249231613e-06,8.389590833947642e-07,1.2341989820235584e-06,2.7655330473260574e-06,20260903,59500,6.423076596437152e-08
32000,1.6364988538754908e-06,7.204236278173081e-07,1.2200830914046657e-06,2.4683722208417013e-06,20260903,59500,6.423076596437152e-08
32500,1.969278821552127e-06,1.1989262053828002e-06,6.432446423818314e-07,2.9767506435880287e-06,20260903,59500,6.423076596437152e-08
33000,4.0940044603521105e-06,5.5151210679633986e-06,8.97136993693199e-07,1.046230079073372e-05,20260903,59500,6.423076596437152e-08
33500,2.1830399686061273e-06,2.6823623984309247e-06,6.194756106067854e-07,5.280317323655984e-06,20260903,59500,6.423076596437152e-08
34000,1.770228348209297e-06,8.554470341035279e-07,1.079088988141467e-06,2.726972648855272e-06,20260903,59500,6.423076596437152e-08
34500,1.4345141917047084e-06,6.831873097674864e-07,6.73240853650364e-07,1.994293482134584e-06,20260903,59500,6.423076596437152e-08
35000,1.8298681589309129e-06,1.0241722637064085e-06,1.217096266542297e-06,3.0122174500600217e-06,20260903,59500,6.423076596437152e-08
35500,1.5392143194367147e-06,6.233046049516075e-07,9.45791429441675e-07,2.188623348458184e-06,20260903,59500,6.423076596437152e-08
36000,1.2759542276579636e-06,6.079992768546734e-07,7.385982401249433e-07,1.935911568761661e-06,20260903,59500,6.423076596437152e-08
36500,9.211456326172433e-07,4.4791558244168095e-07,6.554045356705955e-07,1.4382877270567816e-06,20260903,59500,6.423076596437152e-08
37000,9.392508545410443e-07,5.436759890851266e-07,3.349832180210658e-07,1.388792436160397e-06,20260903,59500,6.423076596437152e-08
37500,1.1431793295279323e-06,6.609029496114976e-07,6.211442712492223e-07,1.8862780315532816e-06,20260903,59500,6.423076596437152e-08
38000,8.128869564662417e-07,7.558256751099331e-08,7.669968008337286e-07,9.001227390816498e-07,20260903,59500,6.423076596437152e-08
38500,5.862091535927316e-07,1.931012199751642e-07,3.8640882658504884e-07,7.718295198005682e-07,20260903,59500,6.423076596437152e-08
39000,1.1414837393280336e-06,1.0848288123980177e-06,5.011371368204585e-07,2.3940307444697247e-06,20260903,59500,6.423076596437152e-08
39500,8.218902366720264e-07,8.565738760310785e-07,2.963913952377529e-07,1.8103166039964896e-06,20260903,59500,6.423076596437152e-08
40000,3.758852785843954e-07,1.395983458306483e-07,2.501881016989518e-07,5.261287350167504e-07,20260903,59500,6.423076596437152e-08
40500,1.4229903111059165e-06,1.0299148264613777e-06,4.483830884195543e-07,2.500488907924789e-06,20260903,59500,6.423076596437152e-08
41000,1.0010866014177268e-06,6.767242600332397e-07,2.6844372210550864e-07,1.6027408536231331e-06,20260903,59500,6.423076596437152e-08
41500,4.87571007693368e-07,2.5921114312711425e-07,3.135923801944549e-07,7.854844656308742e-07,20260903,59500,6.423076596437152e-08
42000,6.658078500775802e-07,5.969015507501906e-07,3.122779615526483e-07,1.354972955081282e-06,20260903,59500,6.423076596437152e-08
42500,2.803297065390499e-07,7.60998961922527e-08,2.3467045748089225e-07,3.681794735783961e-07,20260903,59500,6.423076596437152e-08
43000,5.369282040764917e-07,3.5549394633536817e-07,2.571076235800583e-07,9.369370870334596e-07,20260903,59500,6.423076596437152e-08
43500,7.489830783164797e-07,5.478493500691115e-07,4.121761457161672e-07,1.3811318712620096e-06,20260903,59500,6.423076596437152e-08
44000,3.832194518802523e-07,2.56502072284724e-07,2.2461130467659082e-07,6.791474041677534e-07,20260903,59500,6.423076596437152e-08
44500,3.4149100812853754e-07,1.0713914275093802e-07,2.697637905064825e-07,4.646483773039499e-07,20260903,59500,6.423076596437152e-08
45000,3.1290063155138363e-07,8.094821807214536e-08,2.2084182802736538e-07,3.7294775528774564e-07,20260903,59500,6.423076596437152e-08
45500,2.3832334498319208e-07,6.150298159055066e-08,1.8188853986567595e-07,3.038764050698228e-07,20260903,59500,6.423076596437152e-08
46000,1.7292759407740993e-07,2.0534065557438022e-08,1.492369326839599e-07,1.856168858945871e-07,20260903,59500,6.423076596437152e-08
46500,1.683021765811218e-07,3.974907653467229e-08,1.232507094025067e-07,1.984281117565624e-07,20260903,59500,6.423076596437152e-08
47000,1.9572374125257085e-07,1.1480230557759037e-07,1.2859579638708609e-07,3.282824035910489e-07,20260903,59500,6.423076596437152e-08
47500,1.7027836540877623e-07,6.400319920259287e-08,1.1694943527062989e-07,2.412534208136519e-07,20260903,59500,6.423076596437152e-08
48000,2.2681211897838974e-07,8.845695226007163e-08,1.5822631416366818e-07,3.266536517038455e-07,20260903,59500,6.423076596437152e-08
48500,2.7103306200257567e-07,1.1218876736526446e-07,1.4169823798043597e-07,3.4207989360394125e-07,20260903,59500,6.423076596437152e-08
49000,1.5321200202397507e-07,3.570892843187969e-08,1.1621317362087757e-07,1.8747347803074826e-07,20260903,59500,6.423076596437152e-08
49500,1.6387979448343355e-07,6.785237480552335e-08,1.1518809803666493e-07,2.4138374453147885e-07,20260903,59500,6.423076596437152e-08
50000,1.3189639965541424e-07,1.8451566924278808e-08,1.106294562111858e-07,1.4364708190653864e-07,20260903,59500,6.423076596437152e-08
50500,9.858198284337507e-08,1.8682266967321862e-09,9.725749022368201e-08,1.0071886824997267e-07,20260903,59500,6.423076596437152e-08
51000,1.251657174330121e-07,5.991908859471373e-08,8.796330050987784e-08,1.942870437619113e-07,20260903,59500,6.423076596437152e-08
51500,9.866348583013946e-08,3.459610261749955e-09,9.48325918716256e-08,1.0155979557868273e-07,20260903,59500,6.423076596437152e-08
52000,1.1850788403299497e-07,5.200042023935453e-08,8.75954774295639e-08,1.7854391509971634e-07,20260903,59500,6.423076596437152e-08
52500,1.2212465747387943e-07,3.744521263554344e-08,8.757888255551735e-08,1.619161156201281e-07,20260903,59500,6.423076596437152e-08
53000,1.1231152201964412e-07,3.412420471846554e-08,7.509516353333929e-08,1.42129890531131e-07,20260903,59500,6.423076596437152e-08
53500,1.0372693907386599e-07,3.5548236833929074e-08,8.159305443925346e-08,1.447312410816553e-07,20260903,59500,6.423076596437152e-08
54000,8.202060014289809e-08,3.6224361785742393e-09,7.960885180201866e-08,8.618614428193946e-08,20260903,59500,6.423076596437152e-08
54500,8.442480186866824e-08,1.2118968888245108e-08,7.046652720279546e-08,9.226668666076827e-08,20260903,59500,6.423076596437152e-08
55000,8.468229882531265e-08,1.0079134000328371e-08,7.531448685850439e-08,9.534717600179808e-08,20260903,59500,6.423076596437152e-08
55500,8.37902845864611e-08,1.527794945621941e-08,6.93841112896216e-08,9.98116685644602e-08,20260903,59500,6.423076596437152e-08
56000,7.280524507166359e-08,4.67408057798167e-09,6.820909256533434e-08,7.755353883627245e-08,20260903,59500,6.423076596437152e-08
56500,7.93259595671977e-08,1.1020264792107028e-08,6.66966982245174e-08,8.699061043907734e-08,20260903,59500,6.423076596437152e-08
57000,7.218027918686023e-08,7.339823821251403e-09,6.372495677218376e-08,7.691158300052957e-08,20260903,59500,6.423076596437152e-08
57500,7.023580140779839e-08,3.981992673604081e-09,6.615893610947187e-08,7.4115603834359e-08,20260903,59500,6.423076596437152e-08
58000,6.79371011565725e-08,5.290541909821346e-09,6.420703328528488e-08,7.399197744680043e-08,20260903,59500,6.423076596437152e-08
58500,6.947234025697781e-08,1.4729769476144995e-09,6.827077688977088e-08,7.111564061866023e-08,20260903,59500,6.423076596437152e-08
59000,6.755605151885826e-08,6.8209649261245805e-09,6.159747246205448e-08,7.499595358830048e-08,20260903,59500,6.423076596437152e-08
59500,6.65407245187502e-08,5.245506312202609e-09,6.284664150729579e-08,7.25447660845833e-08,20260903,59500,6.423076596437152e-08
60000,6.754944729272742e-08,3.5204657180809855e-09,6.351586730700944e-08,7.000367670572932e-08,20260903,59500,6.423076596437152e-08
