system,parameter,study,coarse_value,fine_value,aggregate_relative_change,median_relative_change,q25_relative_change,q75_relative_change,q95_relative_change,comparison_index,is_final_refinement,warning_threshold,passes_threshold
nicholson,beta,finite_difference_step,0.02,0.01,2.1640810157909952e-05,2.524356961625991e-05,2.2700958851500856e-05,2.7093237082923233e-05,2.9766872611544335e-05,0,False,0.01,True
nicholson,beta,finite_difference_step,0.01,0.005,3.070546085354665e-05,3.0293791751113134e-05,2.6981247878914085e-05,3.4804156575421554e-05,3.9811665684793234e-05,1,True,0.01,True
nicholson,beta,solver_step,0.01,0.005,2.649906307765472e-05,2.850551760905736e-05,1.9638331280685275e-05,3.6585214009756236e-05,4.722309955766415e-05,0,False,0.01,True
nicholson,beta,solver_step,0.005,0.0025,2.353422797474566e-05,2.486233625997947e-05,1.633206407630094e-05,3.123040763086246e-05,4.388282154834183e-05,1,True,0.01,True
nicholson,tau0,finite_difference_step,0.005,0.0025,0.00020415356835761867,0.00028256432800805096,0.000178083176499526,0.0005796121668012284,0.0012323065088123265,0,False,0.01,True
nicholson,tau0,finite_difference_step,0.0025,0.00125,0.0003608500305574338,0.0005450019379807853,0.00030798295991085593,0.0011031883679810785,0.0023559212105806714,1,True,0.01,True
nicholson,tau0,solver_step,0.01,0.005,0.0012462579091196604,0.0013688282524668572,0.0006668504459843876,0.0022163441483684207,0.0035886696278828152,0,False,0.01,True
nicholson,tau0,solver_step,0.005,0.0025,0.00043236175608661723,0.0005577684640779996,0.0003970994080495071,0.001012797311512932,0.001726718057848966,1,False,0.01,True
nicholson,tau0,solver_step,0.0025,0.00125,0.00028411568968745714,0.00038194000253021117,0.00027646322725158367,0.0005384968456719444,0.0008467969405359964,2,True,0.01,True
