event,true_k,true_kappa
0,1.0683833696338554,1.3312379964516508
1,0.8786236383876891,0.9966510939132298
2,0.8912632525700744,1.0594066139800162
3,1.169050381138343,0.8750106164391391
4,0.9151622288161068,1.187280326961066
5,1.0702634053766933,0.9476154449583575
6,1.1554497853204133,1.20336239620548
7,1.0064643374754703,1.3993557344812557
8,0.8221847111460706,1.3583087992555178
9,1.1386670998537582,1.0110923277680137
10,0.9659783979792669,0.9655587438838911
11,1.183300992266677,1.224755075095698
12,1.0291736108799157,1.246303681594607
13,0.8379390718612558,0.9524733532343298
14,0.8115472337849646,0.8359257502737263
15,1.1347897281607482,1.3403426589368466
16,0.9065109294064417,0.818342000490277
17,0.8564060131021428,1.2632435391898502
18,0.8504754666563581,1.347892921922106
19,1.177177589096326,1.2382761140245235
