event,noise_fraction,true_k,true_kappa,method,time_seconds,warm_online_seconds,forward_model_calls,condition_branch_calls,forward_condition_evaluations,grid_screening_seconds,grid_best_loss,final_loss,history_cache_seconds,time_trunk_cache_seconds,grid_condition_branch_cache_seconds,cached_parameter_branch_only,timing_repeats,time_seconds_samples,normalized_parameter_error,estimated_k,estimated_kappa,optimizer,para_lm_starts,lm_iterations_completed,lm_early_stopped,lm_accepted_restart_steps,lm_final_damping_mean,jacobian_jvp_calls,solver_batch_calls,direct_trajectory_solves,candidate_objective_evaluations,de_generations_completed,de_stop_reason,de_early_stopped
-1,0.0,1.15,0.9,ParaFDEONet LM,0.12488191621378064,0.11701604584231973,26,26,1756,0.001987576950341463,1.459641134715639e-05,2.131948122041649e-06,0.004320943728089333,0.0019446942023932934,0.0014492319896817207,True,5,"[0.19054788630455732, 0.12397592002525926, 0.12488191621378064, 0.12279453407973051, 0.128002199344337]",0.00046281831532921514,1.1502233743667603,0.9002048373222351,projected_damped_gauss_newton,3,6,True,11,0.13168724279835387,12,,,,,,
-1,0.0,1.15,0.9,Direct LM,0.5261345067992806,0.5261345067992806,25,,245,,,0.0,,,,,5,"[0.5265702530741692, 0.5217050267383456, 0.522888716775924, 0.5261345067992806, 0.5281283711083233]",4.072433065887528e-09,1.1500000023023633,0.899999999881602,,,8,True,,0.5185185185185185,,25,245,,,,
-1,0.0,1.15,0.9,Direct DE,2.282382238190621,2.282382238190621,100,,3000,,,0.0,,,,,5,"[2.3117284076288342, 2.2741920640692115, 2.282742328941822, 2.279893602244556, 2.282382238190621]",9.312063753380347e-09,1.1500000006748787,0.8999999921635675,,,,,,,,100,3000,3000,99,maximum_candidate_evaluations,False
-1,0.01,1.15,0.9,ParaFDEONet LM,0.13554526213556528,0.12814943213015795,30,30,1768,0.0020122318528592587,0.00011103728320449591,0.00010126354027306661,0.003712825942784548,0.0020715277642011642,0.001483803614974022,True,5,"[0.13554526213556528, 0.13853319268673658, 0.13644168991595507, 0.1335830371826887, 0.13540795119479299]",0.005117112257621536,1.1476881504058838,0.8973870277404785,projected_damped_gauss_newton,3,7,True,9,3.703703703703703,14,,,,,,
-1,0.01,1.15,0.9,Direct LM,0.9164650971069932,0.9164650971069932,43,,425,,,9.615259731514053e-05,,,,,5,"[0.9135140408761799, 0.9164650971069932, 0.9084214088506997, 0.9269733200781047, 0.9224540237337351]",0.0055969153480030336,1.1474596275076132,0.8971655733706826,,,14,True,,25240.054869684496,,43,425,,,,
-1,0.01,1.15,0.9,Direct DE,2.3121824278496206,2.3121824278496206,100,,3000,,,9.61525400579527e-05,,,,,5,"[2.33138713799417, 2.3103713328018785, 2.3121824278496206, 2.3121899091638625, 2.2580140801146626]",0.005575132312914199,1.1474665337588787,0.8971826258622339,,,,,,,,100,3000,3000,99,maximum_candidate_evaluations,False
-1,0.02,1.15,0.9,ParaFDEONet LM,0.11539033195003867,0.10857000388205051,30,30,1768,0.001781123224645853,0.0004165646096225828,0.0003927928046323359,0.0033937860280275345,0.0017766538076102734,0.0014941398985683918,True,5,"[0.11539033195003867, 0.1117913480848074, 0.1223946949467063, 0.11223694402724504, 0.11593475379049778]",0.010703245806122828,1.145153522491455,0.8945562839508057,projected_damped_gauss_newton,3,7,True,12,0.12345679012345676,14,,,,,,
-1,0.02,1.15,0.9,Direct LM,0.4669414362870157,0.4669414362870157,22,,215,,,0.00038458568218403295,,,,,5,"[0.47264875285327435, 0.46673763403669, 0.46356692584231496, 0.4694605842232704, 0.4669414362870157]",0.011208465601499724,1.1449182256777517,0.8943124331449456,,,7,True,,0.839506172839506,,22,215,,,,
-1,0.02,1.15,0.9,Direct DE,2.2909106370061636,2.2909106370061636,100,,3000,,,0.0003845854138449253,,,,,5,"[2.2909106370061636, 2.297336990945041, 2.2865030341781676, 2.2879843302071095, 2.2914020102471113]",0.011213025162139026,1.1449153096762243,0.8943118261571132,,,,,,,,100,3000,3000,99,maximum_candidate_evaluations,False
-1,0.05,1.15,0.9,ParaFDEONet LM,0.1549380160868168,0.14908759109675884,34,34,1780,0.0016808290965855122,0.002427665051072836,0.002421383745968342,0.0028983927331864834,0.0016234181821346283,0.0012151887640357018,True,5,"[0.14621608704328537, 0.15185021003708243, 0.1549380160868168, 0.1741196969524026, 0.1584867830388248]",0.02751992272534049,1.1375503540039062,0.8859802484512329,projected_damped_gauss_newton,3,8,True,11,24.70507544581618,16,,,,,,
-1,0.05,1.15,0.9,Direct LM,0.5863958550617099,0.5863958550617099,28,,275,,,0.0024031889645683723,,,,,5,"[0.5815365621820092, 0.5838375929743052, 0.5886730677448213, 0.5947163989767432, 0.5863958550617099]",0.028116575435764804,1.1372923805774477,0.8856524557632576,,,9,True,,79.09739368998628,,28,275,,,,
-1,0.05,1.15,0.9,Direct DE,2.307107436005026,2.307107436005026,100,,3000,,,0.0024031888265328718,,,,,5,"[2.2983411960303783, 2.2970082596875727, 2.315664033871144, 2.31387453712523, 2.307107436005026]",0.028130381230117067,1.137289710031912,0.8856383009098762,,,,,,,,100,3000,3000,99,maximum_candidate_evaluations,False
0,0.0,1.0683833696338554,1.3312379964516508,ParaFDEONet LM,0.14932422386482358,0.1401152811013162,30,30,1768,0.002308433875441551,1.5453641026397236e-05,1.2948148651048541e-06,0.004600245039910078,0.0025722989812493324,0.0018598362803459167,True,1,[0.14932422386482358],0.0040252552993683905,1.06767737865448,1.3279907703399658,projected_damped_gauss_newton,3,7,True,10,2.5102880658436204,14,,,,,,
0,0.0,1.0683833696338554,1.3312379964516508,Direct LM,0.45696810400113463,0.45696810400113463,22,,215,,,0.0,,,,,1,[0.45696810400113463],1.4017244942051407e-08,1.068383373341031,1.3312380069657261,,,7,True,,0.051056241426611804,,22,215,,,,
0,0.0,1.0683833696338554,1.3312379964516508,Direct DE,2.278316046576947,2.278316046576947,100,,3000,,,0.0,,,,,1,[2.278316046576947],2.4349380181147674e-09,1.0683833685974378,1.3312379978125186,,,,,,,,100,3000,3000,99,maximum_candidate_evaluations,False
0,0.01,1.0683833696338554,1.3312379964516508,ParaFDEONet LM,0.17466915678232908,0.16816751938313246,34,34,1780,0.0018936390988528728,9.756011422723532e-05,8.803628588793799e-05,0.0034666317515075207,0.0016477243043482304,0.0012638699263334274,True,1,[0.17466915678232908],0.0009383127845863379,1.0683670043945312,1.330442190170288,projected_damped_gauss_newton,3,8,True,8,395.0617283950617,16,,,,,,
0,0.01,1.0683833696338554,1.3312379964516508,Direct LM,0.458364887163043,0.458364887163043,22,,215,,,8.717725095292055e-05,,,,,1,[0.458364887163043],0.002900990793922477,1.0690263808892295,1.3335027360491574,,,7,True,,0.839506172839506,,22,215,,,,
0,0.01,1.0683833696338554,1.3312379964516508,Direct DE,2.276714854873717,2.276714854873717,100,,3000,,,8.717713538912252e-05,,,,,1,[2.276714854873717],0.0028810510637300637,1.0690280542862256,1.3334832551426832,,,,,,,,100,3000,3000,99,maximum_candidate_evaluations,False
0,0.02,1.0683833696338554,1.3312379964516508,ParaFDEONet LM,0.1469583110883832,0.14055214822292328,30,30,1768,0.0017719040624797344,0.00035504414699971676,0.00034894314012490213,0.0032490030862390995,0.0017297202721238136,0.001278816256672144,True,1,[0.1469583110883832],0.002301321772070453,1.0690596103668213,1.3329066038131714,projected_damped_gauss_newton,3,7,True,10,2.5102880658436204,14,,,,,,
0,0.02,1.0683833696338554,1.3312379964516508,Direct LM,0.454542551189661,0.454542551189661,22,,215,,,0.00034870408290370417,,,,,1,[0.454542551189661],0.005844692561701362,1.0696796356750071,1.3358003229097348,,,7,True,,0.07572016460905348,,22,215,,,,
0,0.02,1.0683833696338554,1.3312379964516508,Direct DE,2.2307690582238138,2.2307690582238138,100,,3000,,,0.00034870362947138334,,,,,1,[2.2307690582238138],0.005854114298229962,1.0696829852291494,1.335806871528856,,,,,,,,100,3000,3000,99,maximum_candidate_evaluations,False
0,0.05,1.0683833696338554,1.3312379964516508,ParaFDEONet LM,0.135655771009624,0.1279024169780314,26,26,1756,0.0017607291229069233,0.0021797583904117346,0.0021764668636024,0.00445993198081851,0.0018724068067967892,0.0012734383344650269,True,1,[0.135655771009624],0.011957771250109018,1.0711838006973267,1.3404741287231445,projected_damped_gauss_newton,3,6,True,8,3.950617283950617,12,,,,,,
0,0.05,1.0683833696338554,1.3312379964516508,Direct LM,0.6387110599316657,0.6387110599316657,31,,305,,,0.002179300724928409,,,,,1,[0.6387110599316657],0.014720605345391265,1.071649236279179,1.3427281243239895,,,10,True,,74.89803383630543,,31,305,,,,
0,0.05,1.0683833696338554,1.3312379964516508,Direct DE,2.2405051859095693,2.2405051859095693,100,,3000,,,0.00217930108240477,,,,,1,[2.2405051859095693],0.014723059472898835,1.071646664555148,1.3427320316374378,,,,,,,,100,3000,3000,99,maximum_candidate_evaluations,False
1,0.0,0.8786236383876891,0.9966510939132298,ParaFDEONet LM,0.13265778496861458,0.12502819206565619,30,30,1768,0.0018949657678604126,1.3519786989490967e-05,7.114505820027262e-07,0.004002533387392759,0.0020440099760890007,0.001431980635970831,True,1,[0.13265778496861458],0.0010217453249059003,0.8788310885429382,0.9974603056907654,projected_damped_gauss_newton,3,7,True,9,38.31275720164609,14,,,,,,
1,0.0,0.8786236383876891,0.9966510939132298,Direct LM,0.4539036457426846,0.4539036457426846,22,,215,,,0.0,,,,,1,[0.4539036457426846],1.5253708554101983e-08,0.8786236417792354,0.9966511058147268,,,7,True,,0.027983539094650206,,22,215,,,,
1,0.0,0.8786236383876891,0.9966510939132298,Direct DE,2.2391854990273714,2.2391854990273714,100,,3000,,,0.0,,,,,1,[2.2391854990273714],1.94662619601562e-08,0.8786236432300802,0.9966511087481131,,,,,,,,100,3000,3000,99,maximum_candidate_evaluations,False
1,0.01,0.8786236383876891,0.9966510939132298,ParaFDEONet LM,0.13515283912420273,0.12603930197656155,30,30,1768,0.0018458669073879719,9.049886284628883e-05,8.089051698334515e-05,0.004450992215424776,0.0025969534181058407,0.0018853982910513878,True,1,[0.13515283912420273],0.006278185305112343,0.8793022036552429,1.001880168914795,projected_damped_gauss_newton,3,7,True,11,1.3168724279835389,14,,,,,,
1,0.01,0.8786236383876891,0.9966510939132298,Direct LM,0.4518885528668761,0.4518885528668761,22,,215,,,7.868308657906257e-05,,,,,1,[0.4518885528668761],0.005296256824364775,0.8790981639943702,1.0010883903233305,,,7,True,,1.5308916323731137,,22,215,,,,
1,0.01,0.8786236383876891,0.9966510939132298,Direct DE,2.235013050958514,2.235013050958514,100,,3000,,,7.868292129320323e-05,,,,,1,[2.235013050958514],0.005287710453937254,0.8791010475705306,1.0010803484769775,,,,,,,,100,3000,3000,99,maximum_candidate_evaluations,False
1,0.02,0.8786236383876891,0.9966510939132298,ParaFDEONet LM,0.10401454195380211,0.09817494079470634,26,26,1756,0.0016664420254528522,0.00032083390397019684,0.0003184694214724004,0.0028984639793634415,0.0015794881619513035,0.0012499010190367699,True,1,[0.10401454195380211],0.011545398431716146,0.8797714710235596,1.0062952041625977,projected_damped_gauss_newton,3,6,True,9,0.3703703703703703,12,,,,,,
1,0.02,0.8786236383876891,0.9966510939132298,Direct LM,0.45638808934018016,0.45638808934018016,22,,215,,,0.0003147429802197118,,,,,1,[0.45638808934018016],0.010635028434670936,0.8795822028639817,1.0055599296556983,,,7,True,,0.839506172839506,,22,215,,,,
1,0.02,0.8786236383876891,0.9966510939132298,Direct DE,2.2775891199707985,2.2775891199707985,100,,3000,,,0.0003147425949154674,,,,,1,[2.2775891199707985],0.010661144941975911,0.8795846956347372,1.005581773531205,,,,,,,,100,3000,3000,99,maximum_candidate_evaluations,False
1,0.05,0.8786236383876891,0.9966510939132298,ParaFDEONet LM,0.16402321541681886,0.15811370173469186,38,38,1792,0.0017031789757311344,0.0019861566834151745,0.0019758022390305996,0.0029683061875402927,0.0016185999847948551,0.0012091831304132938,True,1,[0.16402321541681886],0.027298074800612172,0.8811663389205933,1.0194981098175049,projected_damped_gauss_newton,3,9,True,8,3950.617283950617,18,,,,,,
1,0.05,0.8786236383876891,0.9966510939132298,Direct LM,0.461481005884707,0.461481005884707,22,,215,,,0.0019673372472338063,,,,,1,[0.461481005884707],0.02656063727965931,0.8810106937022352,1.0189022959375496,,,7,True,,2.2716049382716044,,22,215,,,,
1,0.05,0.8786236383876891,0.9966510939132298,Direct DE,2.264273173175752,2.264273173175752,100,,3000,,,0.0019673372141741515,,,,,1,[2.264273173175752],0.02655411827459076,0.8810153642651591,1.018895564429997,,,,,,,,100,3000,3000,99,maximum_candidate_evaluations,False
2,0.0,0.8912632525700744,1.0594066139800162,ParaFDEONet LM,0.1336794481612742,0.12768332893028855,30,30,1768,0.0016796430572867393,3.5946898151451023e-06,6.572593633791257e-07,0.003021176904439926,0.001628517173230648,0.0012318119406700134,True,1,[0.1336794481612742],0.0007226558895897562,0.8914005160331726,1.0599842071533203,projected_damped_gauss_newton,3,7,True,9,3.703703703703703,14,,,,,,
2,0.0,0.8912632525700744,1.0594066139800162,Direct LM,0.45646199444308877,0.45646199444308877,22,,215,,,4.023458740258954e-16,,,,,1,[0.45646199444308877],2.1781003968425745e-08,0.8912632498360454,1.059406595958968,,,7,True,,0.027983539094650213,,22,215,,,,
2,0.0,0.8912632525700744,1.0594066139800162,Direct DE,2.2751002069562674,2.2751002069562674,100,,3000,,,0.0,,,,,1,[2.2751002069562674],4.650990332777296e-09,0.89126324994169,1.0594066138041704,,,,,,,,100,3000,3000,99,maximum_candidate_evaluations,False
2,0.01,0.8912632525700744,1.0594066139800162,ParaFDEONet LM,0.07914803270250559,0.07268145494163036,22,22,1744,0.001749345101416111,9.420373680768535e-05,9.077275171875954e-05,0.003271142952144146,0.0017740693874657154,0.001296276692301035,True,1,[0.07914803270250559],0.0019983430715995788,0.8913915753364563,1.0610913038253784,projected_damped_gauss_newton,3,5,True,7,0.7530864197530864,10,,,,,,
2,0.01,0.8912632525700744,1.0594066139800162,Direct LM,0.4607518627308309,0.4607518627308309,22,,215,,,9.027323123757663e-05,,,,,1,[0.4607518627308309],0.0012834677985745107,0.8912507401149324,1.0604955107801461,,,7,True,,0.7909474165523547,,22,215,,,,
2,0.01,0.8912632525700744,1.0594066139800162,Direct DE,2.287528553046286,2.287528553046286,100,,3000,,,9.027297622898459e-05,,,,,1,[2.287528553046286],0.001257746901181309,0.8912485534370315,1.0604736198316393,,,,,,,,100,3000,3000,99,maximum_candidate_evaluations,False
2,0.02,0.8912632525700744,1.0594066139800162,ParaFDEONet LM,0.08905016304925084,0.08322641579434276,26,26,1756,0.0016660932451486588,0.0003660048241727054,0.0003614201268646866,0.002909707836806774,0.0016012787818908691,0.0011995448730885983,True,1,[0.08905016304925084],0.0033512743662534017,0.8913919925689697,1.0622437000274658,projected_damped_gauss_newton,3,6,True,10,0.25102880658436205,12,,,,,,
2,0.02,0.8912632525700744,1.0594066139800162,Direct LM,0.8445243090391159,0.8445243090391159,40,,395,,,0.0003610910584870798,,,,,1,[0.8445243090391159],0.002577284720109584,0.8912395038218678,1.0615932224254596,,,13,True,,26392.318244170096,,40,395,,,,
2,0.02,0.8912632525700744,1.0594066139800162,Direct DE,2.2581984200514853,2.2581984200514853,100,,3000,,,0.00036109076838957376,,,,,1,[2.2581984200514853],0.0025660892099328273,0.8912359620237292,1.0615836280403017,,,,,,,,100,3000,3000,99,maximum_candidate_evaluations,False
2,0.05,0.8912632525700744,1.0594066139800162,ParaFDEONet LM,0.12417479418218136,0.11609101295471191,30,30,1768,0.0016635078936815262,0.002268559765070677,0.002256510779261589,0.004356286022812128,0.0023823976516723633,0.001206807792186737,True,1,[0.12417479418218136],0.007442773263651499,0.8913931846618652,1.0657190084457397,projected_damped_gauss_newton,3,7,True,12,0.12345679012345676,14,,,,,,
2,0.05,0.8912632525700744,1.0594066139800162,Direct LM,1.0834746370092034,1.0834746370092034,52,,515,,,0.002256781094904651,,,,,1,[1.0834746370092034],0.006536657528165127,0.8912159574979853,1.0649526981055524,,,17,True,,502606310.01371735,,52,515,,,,
2,0.05,0.8912632525700744,1.0594066139800162,Direct DE,2.2824462107382715,2.2824462107382715,100,,3000,,,0.0022567799573306757,,,,,1,[2.2824462107382715],0.0065491191678004115,0.8912151175475572,1.0649632567923115,,,,,,,,100,3000,3000,99,maximum_candidate_evaluations,False
3,0.0,1.169050381138343,0.8750106164391391,ParaFDEONet LM,0.09098172886297107,0.08506921259686351,26,26,1756,0.0016589690931141376,4.654906206269516e-06,2.9426753371808445e-06,0.002953918185085058,0.0015991837717592716,0.0012450129725039005,True,1,[0.09098172886297107],0.0007064237020517357,1.1693413257598877,0.8754215240478516,projected_damped_gauss_newton,3,6,True,9,0.3703703703703703,12,,,,,,
3,0.0,1.169050381138343,0.8750106164391391,Direct LM,0.5183019591495395,0.5183019591495395,25,,245,,,4.023458740258954e-16,,,,,1,[0.5183019591495395],5.567050714972601e-09,1.1690503814593332,0.8750106211383359,,,8,True,,0.041152263374485604,,25,245,,,,
3,0.0,1.169050381138343,0.8750106164391391,Direct DE,2.26955473003909,2.26955473003909,100,,3000,,,0.0,,,,,1,[2.26955473003909],4.209837269045563e-09,1.1690503787771427,0.8750106159743655,,,,,,,,100,3000,3000,99,maximum_candidate_evaluations,False
3,0.01,1.169050381138343,0.8750106164391391,ParaFDEONet LM,0.08054746966809034,0.07456664694473147,22,22,1744,0.001676988322287798,8.345444803126156e-05,8.217342110583559e-05,0.002957759890705347,0.0016222321428358555,0.0012791650369763374,True,1,[0.08054746966809034],0.0010410613314404118,1.1690378189086914,0.8741274476051331,projected_damped_gauss_newton,3,5,True,8,0.3950617283950617,10,,,,,,
3,0.01,1.169050381138343,0.8750106164391391,Direct LM,0.45315371500328183,0.45315371500328183,22,,215,,,8.099170955331442e-05,,,,,1,[0.45315371500328183],0.0015817803299755064,1.1687543664755609,0.873744004676386,,,7,True,,0.8148157293095564,,22,215,,,,
3,0.01,1.169050381138343,0.8750106164391391,Direct DE,2.2753610983490944,2.2753610983490944,100,,3000,,,8.099147942854126e-05,,,,,1,[2.2753610983490944],0.0015924857777648285,1.1687507245175235,0.8737362965490355,,,,,,,,100,3000,3000,99,maximum_candidate_evaluations,False
3,0.02,1.169050381138343,0.8750106164391391,ParaFDEONet LM,0.08875577989965677,0.08277090592309833,26,26,1756,0.0016871150583028793,0.00032491193269379437,0.00032334940624423325,0.0030102808959782124,0.0016301940195262432,0.0012273420579731464,True,1,[0.08875577989965677],0.0026364515315684773,1.1687318086624146,0.8728251457214355,projected_damped_gauss_newton,3,6,True,8,3.950617283950617,12,,,,,,
3,0.02,1.169050381138343,0.8750106164391391,Direct LM,0.4558934299275279,0.4558934299275279,22,,215,,,0.00032396367508515117,,,,,1,[0.4558934299275279],0.0031713021711492944,1.168456477660349,0.8724714176769132,,,7,True,,0.839506172839506,,22,215,,,,
3,0.02,1.169050381138343,0.8750106164391391,Direct DE,2.272158202249557,2.272158202249557,100,,3000,,,0.0003239635548416491,,,,,1,[2.272158202249557],0.003145656744280285,1.1684649489527175,0.8724900275843043,,,,,,,,100,3000,3000,99,maximum_candidate_evaluations,False
3,0.05,1.169050381138343,0.8750106164391391,ParaFDEONet LM,0.13342864997684956,0.12736220099031925,30,30,1768,0.0016649747267365456,0.002025231020525098,0.0020184963941574097,0.0030699269846081734,0.0016526132822036743,0.001227342989295721,True,1,[0.13342864997684956],0.007545108814907491,1.1678037643432617,0.8688875436782837,projected_damped_gauss_newton,3,7,True,11,1.3168724279835389,14,,,,,,
3,0.05,1.169050381138343,0.8750106164391391,Direct LM,0.5205049393698573,0.5205049393698573,25,,245,,,0.0020247121753598943,,,,,1,[0.5205049393698573],0.00798356711095951,1.1675521009374195,0.868619999134382,,,8,True,,8.39506172839506,,25,245,,,,
3,0.05,1.169050381138343,0.8750106164391391,Direct DE,2.2827647058293223,2.2827647058293223,100,,3000,,,0.002024711452642401,,,,,1,[2.2827647058293223],0.007915732348063382,1.1675712908643394,0.8686708998595529,,,,,,,,100,3000,3000,99,maximum_candidate_evaluations,False
4,0.0,0.9151622288161068,1.187280326961066,ParaFDEONet LM,0.09981799591332674,0.09355703368782997,22,22,1744,0.0017096051014959812,3.578455653041601e-05,5.832386591464456e-07,0.003045202698558569,0.0018501980230212212,0.0012471778318285942,True,1,[0.09981799591332674],0.00022522099462064522,0.9151169061660767,1.1871017217636108,projected_damped_gauss_newton,3,5,True,9,0.3831275720164609,10,,,,,,
4,0.0,0.9151622288161068,1.187280326961066,Direct LM,0.5213966290466487,0.5213966290466487,25,,245,,,0.0,,,,,1,[0.5213966290466487],1.888363460088463e-08,0.915162223318741,1.1872803132224825,,,8,True,,0.025240054869684503,,25,245,,,,
4,0.0,0.9151622288161068,1.187280326961066,Direct DE,2.2873058416880667,2.2873058416880667,100,,3000,,,0.0,,,,,1,[2.2873058416880667],2.1067281040681318e-08,0.9151622241874634,1.1872803104882679,,,,,,,,100,3000,3000,99,maximum_candidate_evaluations,False
4,0.01,0.9151622288161068,1.187280326961066,ParaFDEONet LM,0.08864228893071413,0.08279339782893658,26,26,1756,0.0016727279871702194,0.00011956224625464529,0.00010607611329760402,0.002915225923061371,0.0015804660506546497,0.0012390059418976307,True,1,[0.08864228893071413],0.009072041183761566,0.916947603225708,1.1944973468780518,projected_damped_gauss_newton,3,6,True,11,0.13168724279835387,12,,,,,,
4,0.01,0.9151622288161068,1.187280326961066,Direct LM,0.4576267939992249,0.4576267939992249,22,,215,,,0.00010649235913600336,,,,,1,[0.4576267939992249],0.009441917760311957,0.9170135598880338,1.1947953887541825,,,7,True,,2.9876543209876543,,22,215,,,,
4,0.01,0.9151622288161068,1.187280326961066,Direct DE,2.278665216639638,2.278665216639638,100,,3000,,,0.00010649211873729972,,,,,1,[2.278665216639638],0.009470753495661743,0.9170205626526055,1.1948175919305826,,,,,,,,100,3000,3000,99,maximum_candidate_evaluations,False
4,0.02,0.9151622288161068,1.187280326961066,ParaFDEONet LM,0.07581906626001,0.0697920760139823,22,22,1744,0.0017109322361648083,0.00042713352013379335,0.00042479808325879276,0.0030241101048886776,0.0016489820554852486,0.0012395647354424,True,1,[0.07581906626001],0.018288619632673222,0.9187676906585693,1.2018258571624756,projected_damped_gauss_newton,3,5,True,6,1.1111111111111112,10,,,,,,
4,0.02,0.9151622288161068,1.187280326961066,Direct LM,0.5914573241025209,0.5914573241025209,28,,275,,,0.000426032998168302,,,,,1,[0.5914573241025209],0.01885927145122007,0.9188676184838483,1.202286713029534,,,9,True,,76.79012345679013,,28,275,,,,
4,0.02,0.9151622288161068,1.187280326961066,Direct DE,2.2838477520272136,2.2838477520272136,100,,3000,,,0.0004260324894236168,,,,,1,[2.2838477520272136],0.018869978864270068,0.918865426825838,1.2022976177889744,,,,,,,,100,3000,3000,99,maximum_candidate_evaluations,False
4,0.05,0.9151622288161068,1.187280326961066,ParaFDEONet LM,0.0815797452814877,0.07563461223617196,22,22,1744,0.0016862768679857254,0.0026926095597445965,0.0026612412184476852,0.002986395265907049,0.0016030250117182732,0.0012394250370562077,True,1,[0.0815797452814877],0.04555956902507261,0.9241834878921509,1.223493218421936,projected_damped_gauss_newton,3,5,True,7,0.7530864197530864,10,,,,,,
4,0.05,0.9151622288161068,1.187280326961066,Direct LM,0.8911628229543567,0.8911628229543567,43,,425,,,0.0026638859748713464,,,,,1,[0.8911628229543567],0.04667799613213717,0.9243725361847109,1.2244003278822961,,,14,True,,255427.8311233044,,43,425,,,,
4,0.05,0.9151622288161068,1.187280326961066,Direct DE,2.2720206324011087,2.2720206324011087,100,,3000,,,0.0026638849975922623,,,,,1,[2.2720206324011087],0.0466828135936311,0.9243658278912311,1.2244084326272264,,,,,,,,100,3000,3000,99,maximum_candidate_evaluations,False
5,0.0,1.0702634053766933,0.9476154449583575,ParaFDEONet LM,0.13116157008334994,0.12199676595628262,26,26,1756,0.0017537451349198818,4.984045517630875e-06,1.0758901680674171e-06,0.004527331329882145,0.0025713909417390823,0.0018900777213275433,True,1,[0.13116157008334994],0.0001644123592222688,1.0702804327011108,0.9474782943725586,projected_damped_gauss_newton,3,6,True,10,0.25102880658436205,12,,,,,,
5,0.0,1.0702634053766933,0.9476154449583575,Direct LM,0.45426696399226785,0.45426696399226785,22,,215,,,0.0,,,,,1,[0.45426696399226785],8.818126653698917e-09,1.0702634063973608,0.9476154522824801,,,7,True,,0.027983539094650206,,22,215,,,,
5,0.0,1.0702634053766933,0.9476154449583575,Direct DE,2.234614009037614,2.234614009037614,100,,3000,,,0.0,,,,,1,[2.234614009037614],6.785920548757757e-09,1.0702634080051578,0.9476154491548106,,,,,,,,100,3000,3000,99,maximum_candidate_evaluations,False
5,0.01,1.0702634053766933,0.9476154449583575,ParaFDEONet LM,0.12977680331096053,0.12273255828768015,30,30,1768,0.0017573772929608822,0.00010452501737745479,0.00010009430843638256,0.0038024350069463253,0.0017348877154290676,0.0013512419536709785,True,1,[0.12977680331096053],0.004442142860641793,1.0688170194625854,0.9445331692695618,projected_damped_gauss_newton,3,7,True,12,1.277091906721536,14,,,,,,
5,0.01,1.0702634053766933,0.9476154449583575,Direct LM,0.5169744309969246,0.5169744309969246,25,,245,,,9.811456908563895e-05,,,,,1,[0.5169744309969246],0.004300046703214323,1.0688083770649606,0.9446914754706576,,,8,True,,7.917695473251028,,25,245,,,,
5,0.01,1.0702634053766933,0.9476154449583575,Direct DE,2.249021620955318,2.249021620955318,100,,3000,,,9.811456238311094e-05,,,,,1,[2.249021620955318],0.0043149818019093565,1.0688043330671422,0.9446801899584537,,,,,,,,100,3000,3000,99,maximum_candidate_evaluations,False
5,0.02,1.0702634053766933,0.9476154449583575,ParaFDEONet LM,0.09122052695602179,0.08226413512602448,22,22,1744,0.0021360632963478565,0.0004050799470860511,0.0003952717233914882,0.004528030287474394,0.002648357767611742,0.001625026110559702,True,1,[0.09122052695602179],0.008771846275444677,1.067354679107666,0.9415851831436157,projected_damped_gauss_newton,3,5,True,7,0.7530864197530864,10,,,,,,
5,0.02,1.0702634053766933,0.9476154449583575,Direct LM,0.5166306681931019,0.5166306681931019,25,,245,,,0.00039245800808529257,,,,,1,[0.5166306681931019],0.008599657405983716,1.0673547795921794,0.9417663660990031,,,8,True,,7.679012345679013,,25,245,,,,
5,0.02,1.0702634053766933,0.9476154449583575,Direct DE,2.247514709830284,2.247514709830284,100,,3000,,,0.0003924578917809242,,,,,1,[2.247514709830284],0.008602348464326491,1.0673572792463855,0.9417607240502873,,,,,,,,100,3000,3000,99,maximum_candidate_evaluations,False
5,0.05,1.0702634053766933,0.9476154449583575,ParaFDEONet LM,0.10461820708587766,0.09715602407231927,26,26,1756,0.0018238667398691177,0.0024811828043311834,0.0024577295407652855,0.00445113331079483,0.001630124170333147,0.0012422893196344376,True,1,[0.10461820708587766],0.021762710104355258,1.0629758834838867,0.9327322244644165,projected_damped_gauss_newton,3,6,True,12,0.12770919067215358,12,,,,,,
5,0.05,1.0702634053766933,0.9476154449583575,Direct LM,0.8195894407108426,0.8195894407108426,40,,395,,,0.002452842269054841,,,,,1,[0.8195894407108426],0.021534017369626412,1.0629924114643137,0.9329552107218905,,,13,True,,50233.22664228015,,40,395,,,,
5,0.05,1.0702634053766933,0.9476154449583575,Direct DE,2.2429127278737724,2.2429127278737724,100,,3000,,,0.002452841966907881,,,,,1,[2.2429127278737724],0.021484408200349532,1.063006632010301,0.9329918084881527,,,,,,,,100,3000,3000,99,maximum_candidate_evaluations,False
6,0.0,1.1554497853204133,1.20336239620548,ParaFDEONet LM,0.09005828108638525,0.08420289400964975,26,26,1756,0.0016831341199576855,3.116490915999748e-05,1.075188606591837e-06,0.0029339436441659927,0.001597018912434578,0.0012067388743162155,True,1,[0.09005828108638525],0.0005547266218845702,1.1556429862976074,1.2029914855957031,projected_damped_gauss_newton,3,6,True,10,0.2510288065843621,12,,,,,,
6,0.0,1.1554497853204133,1.20336239620548,Direct LM,0.46253521414473653,0.46253521414473653,22,,215,,,0.0,,,,,1,[0.46253521414473653],4.9661924879244e-09,1.1554497870548468,1.2033623995204197,,,7,True,,0.02557018747142204,,22,215,,,,
6,0.0,1.1554497853204133,1.20336239620548,Direct DE,2.2673288700170815,2.2673288700170815,100,,3000,,,0.0,,,,,1,[2.2673288700170815],3.9253603599695094e-09,1.155449786232266,1.2033623992424634,,,,,,,,100,3000,3000,99,maximum_candidate_evaluations,False
6,0.01,1.1554497853204133,1.20336239620548,ParaFDEONet LM,0.10356212127953768,0.09757480211555958,30,30,1768,0.0016734269447624683,0.00013499044871423393,0.00010764026956167072,0.003019851166754961,0.0016335458494722843,0.0012193098664283752,True,1,[0.10356212127953768],0.00022067198506594532,1.1553266048431396,1.203392744064331,projected_damped_gauss_newton,3,7,True,9,3.703703703703703,14,,,,,,
6,0.01,1.1554497853204133,1.20336239620548,Direct LM,0.45516738994047046,0.45516738994047046,22,,215,,,0.0001045895935497094,,,,,1,[0.45516738994047046],0.0007682904226972265,1.1551555659082502,1.2038422119350964,,,7,True,,0.7917695473251027,,22,215,,,,
6,0.01,1.1554497853204133,1.20336239620548,Direct DE,2.2676208200864494,2.2676208200864494,100,,3000,,,0.00010458932217472655,,,,,1,[2.2676208200864494],0.0007824382488972775,1.155155874094548,1.2038588107016939,,,,,,,,100,3000,3000,99,maximum_candidate_evaluations,False
6,0.02,1.1554497853204133,1.20336239620548,ParaFDEONet LM,0.11725425533950329,0.11127482866868377,34,34,1780,0.0016744742169976234,0.00044894323218613863,0.00042339693754911423,0.003006859216839075,0.0016154567711055279,0.001242009922862053,True,1,[0.11725425533950329],0.0009270695265768223,1.1550089120864868,1.20378839969635,projected_damped_gauss_newton,3,8,True,10,25.10288065843621,16,,,,,,
6,0.02,1.1554497853204133,1.20336239620548,Direct LM,0.45530386408790946,0.45530386408790946,22,,215,,,0.0004183595414611047,,,,,1,[0.45530386408790946],0.0015266638666897568,1.1548547081829785,1.2043011949302698,,,7,True,,0.09879286694101508,,22,215,,,,
6,0.02,1.1554497853204133,1.20336239620548,Direct DE,2.2641294016502798,2.2641294016502798,100,,3000,,,0.0004183593347394292,,,,,1,[2.2641294016502798],0.0015194568935881353,1.1548603817144165,1.2043008295205566,,,,,,,,100,3000,3000,99,maximum_candidate_evaluations,False
6,0.05,1.1554497853204133,1.20336239620548,ParaFDEONet LM,0.09910721611231565,0.09251156868413091,26,26,1756,0.0020648930221796036,0.0026515682693570852,0.002625834196805954,0.0031031733378767967,0.0019592917524278164,0.0014013899490237236,True,1,[0.09910721611231565],0.0030957777718001655,1.1540415287017822,1.2049238681793213,projected_damped_gauss_newton,3,6,True,9,0.3703703703703703,12,,,,,,
6,0.05,1.1554497853204133,1.20336239620548,Direct LM,0.8339901519939303,0.8339901519939303,40,,395,,,0.0026147681404067443,,,,,1,[0.8339901519939303],0.0037975865371807998,1.1539583740352435,1.2056816429747705,,,13,True,,51851.851851851854,,40,395,,,,
6,0.05,1.1554497853204133,1.20336239620548,Direct DE,2.258755869232118,2.258755869232118,100,,3000,,,0.0026147675931748222,,,,,1,[2.258755869232118],0.0037825774159430505,1.1539684335782048,1.2056784867605208,,,,,,,,100,3000,3000,99,maximum_candidate_evaluations,False
7,0.0,1.0064643374754703,1.3993557344812557,ParaFDEONet LM,0.12783882021903992,0.12191617488861084,34,34,1780,0.0016742651350796223,4.719297066912986e-05,4.263320533937076e-06,0.002967327833175659,0.001608124002814293,0.0012311139144003391,True,1,[0.12783882021903992],0.004812066775222746,1.0054594278335571,1.3955609798431396,projected_damped_gauss_newton,3,8,True,8,395.0617283950617,16,,,,,,
7,0.0,1.0064643374754703,1.3993557344812557,Direct LM,0.5792380780912936,0.5792380780912936,28,,275,,,0.0,,,,,1,[0.5792380780912936],2.1392441394845456e-08,1.006464333822294,1.3993557171760398,,,9,True,,0.17283950617283955,,28,275,,,,
7,0.0,1.0064643374754703,1.3993557344812557,Direct DE,2.268887816928327,2.268887816928327,100,,3000,,,0.0,,,,,1,[2.268887816928327],1.286866832531136e-08,1.006464335659556,1.3993557239070222,,,,,,,,100,3000,3000,99,maximum_candidate_evaluations,False
7,0.01,1.0064643374754703,1.3993557344812557,ParaFDEONet LM,0.1294046901166439,0.1234690542332828,34,34,1780,0.001688163261860609,0.00012179605255369097,9.139177564065903e-05,0.002978432923555374,0.0016204160638153553,0.0012223138473927975,True,1,[0.1294046901166439],0.009800025129298683,1.0042706727981567,1.391718864440918,projected_damped_gauss_newton,3,8,True,11,13.16872427983539,16,,,,,,
7,0.01,1.0064643374754703,1.3993557344812557,Direct LM,0.5785135342739522,0.5785135342739522,28,,275,,,8.73034680196339e-05,,,,,1,[0.5785135342739522],0.004880139610479641,1.0052895889369051,1.3956084324791669,,,9,True,,81.48422496570645,,28,275,,,,
7,0.01,1.0064643374754703,1.3993557344812557,Direct DE,2.264905406627804,2.264905406627804,100,,3000,,,8.730334016740569e-05,,,,,1,[2.264905406627804],0.0048912618318083766,1.0052889697772833,1.3955984418784775,,,,,,,,100,3000,3000,99,maximum_candidate_evaluations,False
7,0.02,1.0064643374754703,1.3993557344812557,ParaFDEONet LM,0.1318284347653389,0.12531604012474418,34,34,1780,0.001775606069713831,0.0003734286583494395,0.0003529206442181021,0.003320871852338314,0.0017786091193556786,0.0012839850969612598,True,1,[0.1318284347653389],0.014778165234471187,1.0030858516693115,1.3878856897354126,projected_damped_gauss_newton,3,8,True,9,37.037037037037024,16,,,,,,
7,0.02,1.0064643374754703,1.3993557344812557,Direct LM,0.5794275649823248,0.5794275649823248,28,,275,,,0.00034921040349843266,,,,,1,[0.5794275649823248],0.009770601852478192,1.0041145877111914,1.3918516304904511,,,9,True,,81.48422496570643,,28,275,,,,
7,0.02,1.0064643374754703,1.3993557344812557,Direct DE,2.252154130022973,2.252154130022973,100,,3000,,,0.00034921028885887267,,,,,1,[2.252154130022973],0.00977716497783341,1.0041157164679566,1.3918446838776708,,,,,,,,100,3000,3000,99,maximum_candidate_evaluations,False
7,0.05,1.0064643374754703,1.3993557344812557,ParaFDEONet LM,0.15962009597569704,0.153622861020267,42,42,1804,0.0016635088250041008,0.0021963331382721663,0.0021839996334165335,0.003025996033102274,0.0016193678602576256,0.0011996850371360779,True,1,[0.15962009597569704],0.029681386734577212,0.9995454549789429,1.3764079809188843,projected_damped_gauss_newton,3,10,True,10,2510.288065843621,20,,,,,,
7,0.05,1.0064643374754703,1.3993557344812557,Direct LM,1.0217741248197854,1.0217741248197854,49,,485,,,0.002182497703268461,,,,,1,[1.0217741248197854],0.0245037688425351,1.0005878595361135,1.3805245438443041,,,16,True,,24773693.034598384,,49,485,,,,
7,0.05,1.0064643374754703,1.3993557344812557,Direct DE,2.265310512855649,2.265310512855649,100,,3000,,,0.0021824981512359267,,,,,1,[2.265310512855649],0.024531949384104468,1.0005782542762338,1.3805048866354181,,,,,,,,100,3000,3000,99,maximum_candidate_evaluations,False
8,0.0,0.8221847111460706,1.3583087992555178,ParaFDEONet LM,0.13958193268626928,0.13080035615712404,30,30,1768,0.002048132009804249,1.611204061191529e-05,1.121499508371926e-06,0.004316477105021477,0.0023603979498147964,0.0019363127648830414,True,1,[0.13958193268626928],0.0017807021203832937,0.8221089243888855,1.3568021059036255,projected_damped_gauss_newton,3,7,True,9,38.31275720164609,14,,,,,,
8,0.0,0.8221847111460706,1.3583087992555178,Direct LM,0.5148460241034627,0.5148460241034627,25,,245,,,0.0,,,,,1,[0.5148460241034627],1.6201548500681777e-08,0.8221847087659883,1.3583087859797074,,,8,True,,0.041152263374485604,,25,245,,,,
8,0.0,0.8221847111460706,1.3583087992555178,Direct DE,2.2282831207849085,2.2282831207849085,100,,3000,,,0.0,,,,,1,[2.2282831207849085],5.8135110567378655e-09,0.8221847110683161,1.3583087943239691,,,,,,,,100,3000,3000,99,maximum_candidate_evaluations,False
8,0.01,0.8221847111460706,1.3583087992555178,ParaFDEONet LM,0.10494982684031129,0.09639761131256819,22,22,1744,0.0016936804167926311,0.00011524197179824114,8.883207192411646e-05,0.004429132677614689,0.0021654670126736164,0.0017967680469155312,True,1,[0.10494982684031129],0.0029333581373822727,0.823173463344574,1.3563098907470703,projected_damped_gauss_newton,3,5,True,8,0.3950617283950617,10,,,,,,
8,0.01,0.8221847111460706,1.3583087992555178,Direct LM,0.4570440840907395,0.4570440840907395,22,,215,,,8.844245592838454e-05,,,,,1,[0.4570440840907395],0.001971189495988798,0.8232708443889036,1.3579302082053346,,,7,True,,1.5078189300411522,,22,215,,,,
8,0.01,0.8221847111460706,1.3583087992555178,Direct DE,2.2406504242680967,2.2406504242680967,100,,3000,,,8.84422828151164e-05,,,,,1,[2.2406504242680967],0.0019670623195337045,0.8232665238584781,1.3579180263982278,,,,,,,,100,3000,3000,99,maximum_candidate_evaluations,False
8,0.02,0.8221847111460706,1.3583087992555178,ParaFDEONet LM,0.10996759310364723,0.10244569415226579,22,22,1744,0.0016873250715434551,0.00039001592085696757,0.0003534292336553335,0.003926056902855635,0.00223726499825716,0.0012172847054898739,True,1,[0.10996759310364723],0.004662655971428206,0.8242425918579102,1.3558340072631836,projected_damped_gauss_newton,3,5,True,9,0.3831275720164609,10,,,,,,
8,0.02,0.8221847111460706,1.3583087992555178,Direct LM,0.5110580488108099,0.5110580488108099,25,,245,,,0.0003537689830698973,,,,,1,[0.5110580488108099],0.003944861503946156,0.8243591647291458,1.3575564480215232,,,8,True,,15.062011888431641,,25,245,,,,
8,0.02,0.8221847111460706,1.3583087992555178,Direct DE,2.220275765750557,2.220275765750557,100,,3000,,,0.0003537687712745066,,,,,1,[2.220275765750557],0.003938836506734848,0.8243542239275776,1.3575471405827768,,,,,,,,100,3000,3000,99,maximum_candidate_evaluations,False
8,0.05,0.8221847111460706,1.3583087992555178,ParaFDEONet LM,0.12690139887854457,0.1199817517772317,26,26,1756,0.0016681882552802563,0.0022316924296319485,0.0022085350938141346,0.003472359851002693,0.00188057916238904,0.001437569037079811,True,1,[0.12690139887854457],0.010395049615766322,0.8274459838867188,1.3543694019317627,projected_damped_gauss_newton,3,6,True,10,0.2510288065843621,12,,,,,,
8,0.05,0.8221847111460706,1.3583087992555178,Direct LM,0.4525442044250667,0.4525442044250667,22,,215,,,0.002211041713386018,,,,,1,[0.4525442044250667],0.00987886408727677,0.8276358253524425,1.3564626534414035,,,7,True,,23.013168724279836,,22,215,,,,
8,0.05,0.8221847111460706,1.3583087992555178,Direct DE,2.2277737860567868,2.2277737860567868,100,,3000,,,0.002211041402564501,,,,,1,[2.2277737860567868],0.009874101343525003,0.8276288369084162,1.356434810268128,,,,,,,,100,3000,3000,99,maximum_candidate_evaluations,False
9,0.0,1.1386670998537582,1.0110923277680137,ParaFDEONet LM,0.1018392532132566,0.09555838583037257,26,26,1756,0.0017421520315110683,7.73467036196962e-06,1.5430995290444116e-06,0.003153109923005104,0.0017359349876642227,0.0012642890214920044,True,1,[0.1018392532132566],0.00024707658952389285,1.1387996673583984,1.0110259056091309,projected_damped_gauss_newton,3,6,True,9,0.3703703703703703,12,,,,,,
9,0.0,1.1386670998537582,1.0110923277680137,Direct LM,0.5196169782429934,0.5196169782429934,25,,245,,,0.0,,,,,1,[0.5196169782429934],8.004573401449607e-09,1.1386671011261496,1.0110923342864488,,,8,True,,0.025240054869684503,,25,245,,,,
9,0.0,1.1386670998537582,1.0110923277680137,Direct DE,2.259604752995074,2.259604752995074,100,,3000,,,0.0,,,,,1,[2.259604752995074],8.252383079368759e-09,1.1386671012606708,1.0110923344448137,,,,,,,,100,3000,3000,99,maximum_candidate_evaluations,False
9,0.01,1.1386670998537582,1.0110923277680137,ParaFDEONet LM,0.12208638805896044,0.1158395349048078,30,30,1768,0.001744875218719244,0.00012378818064462394,0.00012046477058902383,0.003119097091257572,0.0016727983020246029,0.0013311989605426788,True,1,[0.12208638805896044],0.001893552842805402,1.1395645141601562,1.0119695663452148,projected_damped_gauss_newton,3,7,True,9,3.703703703703703,14,,,,,,
9,0.01,1.1386670998537582,1.0110923277680137,Direct LM,0.4654909181408584,0.4654909181408584,22,,215,,,0.00012091756880875901,,,,,1,[0.4654909181408584],0.0016983677180414667,1.1394195208296187,1.0119884288287402,,,7,True,,0.839506172839506,,22,215,,,,
9,0.01,1.1386670998537582,1.0110923277680137,Direct DE,2.2579280519858003,2.2579280519858003,100,,3000,,,0.000120917397763118,,,,,1,[2.2579280519858003],0.0017227087256938122,1.1394256852247167,1.0120099310500787,,,,,,,,100,3000,3000,99,maximum_candidate_evaluations,False
9,0.02,1.1386670998537582,1.0110923277680137,ParaFDEONet LM,0.14606674620881677,0.1401246851310134,42,42,1804,0.0016999668441712856,0.0004831656988244504,0.00048121591680683196,0.002961951307952404,0.0016281679272651672,0.0012392159551382065,True,1,[0.14606674620881677],0.0036462882796363724,1.140331745147705,1.012919306755066,projected_damped_gauss_newton,3,10,True,10,2510.288065843621,20,,,,,,
9,0.02,1.1386670998537582,1.0110923277680137,Direct LM,0.4603321426548064,0.4603321426548064,22,,215,,,0.0004836717485851326,,,,,1,[0.4603321426548064],0.0033966480252190126,1.1401721386109727,1.0128840387058011,,,7,True,,2.271604938271605,,22,215,,,,
9,0.02,1.1386670998537582,1.0110923277680137,Direct DE,2.269266082905233,2.269266082905233,100,,3000,,,0.00048367126629596865,,,,,1,[2.269266082905233],0.003417130372666971,1.1401814531025314,1.0128943914804505,,,,,,,,100,3000,3000,99,maximum_candidate_evaluations,False
9,0.05,1.1386670998537582,1.0110923277680137,ParaFDEONet LM,0.08443729393184185,0.07839242415502667,22,22,1744,0.0016852300614118576,0.0030212446581572294,0.003014468587934971,0.003045343328267336,0.0016313809901475906,0.0012514377012848854,True,1,[0.08443729393184185],0.008912117494418803,1.1426321268081665,1.0157628059387207,projected_damped_gauss_newton,3,5,True,7,0.7530864197530864,10,,,,,,
9,0.05,1.1386670998537582,1.0110923277680137,Direct LM,0.45426639169454575,0.45426639169454575,22,,215,,,0.0030229697043999836,,,,,1,[0.45426639169454575],0.008486153063791456,1.1424291870547925,1.015565103897946,,,7,True,,0.8156378600823044,,22,215,,,,
9,0.05,1.1386670998537582,1.0110923277680137,Direct DE,2.2660609469749033,2.2660609469749033,100,,3000,,,0.0030229684154343063,,,,,1,[2.2660609469749033],0.008488896416884939,1.1424287107149238,1.0155697510562194,,,,,,,,100,3000,3000,99,maximum_candidate_evaluations,False
10,0.0,0.9659783979792669,0.9655587438838911,ParaFDEONet LM,0.12576939584687352,0.11940946709364653,34,34,1780,0.0017967689782381058,2.342308289371431e-05,7.909792998361809e-07,0.003167149145156145,0.0017682728357613087,0.0012985821813344955,True,1,[0.12576939584687352],0.0005878096219555009,0.9660779237747192,0.9660346508026123,projected_damped_gauss_newton,3,8,True,11,24.70507544581618,16,,,,,,
10,0.0,0.9659783979792669,0.9655587438838911,Direct LM,0.4603922152891755,0.4603922152891755,22,,215,,,4.0025490640374233e-16,,,,,1,[0.4603922152891755],1.9347903907913478e-08,0.9659784018328439,0.9655587592498656,,,7,True,,0.07492455418381344,,22,215,,,,
10,0.0,0.9659783979792669,0.9655587438838911,Direct DE,2.2561446679756045,2.2561446679756045,100,,3000,,,0.0,,,,,1,[2.2561446679756045],2.1832811875879166e-09,0.9659783974892298,0.9655587421833826,,,,,,,,100,3000,3000,99,maximum_candidate_evaluations,False
10,0.01,0.9659783979792669,0.9655587438838911,ParaFDEONet LM,0.1643566177226603,0.15659180702641606,34,34,1780,0.0017110719345510006,0.00013454094005282968,0.00010973300959449261,0.004061832092702389,0.001959012821316719,0.001601977739483118,True,1,[0.1643566177226603],0.001309370083134046,0.9656583666801453,0.9665607213973999,projected_damped_gauss_newton,3,8,True,9,383.1275720164609,16,,,,,,
10,0.01,0.9659783979792669,0.9655587438838911,Direct LM,0.516233122907579,0.516233122907579,25,,245,,,0.00011112204005605557,,,,,1,[0.516233122907579],0.0009531056400448407,0.9655521451015529,0.9660539706496485,,,8,True,,0.279835390946502,,25,245,,,,
10,0.01,0.9659783979792669,0.9655587438838911,Direct DE,2.2297615269199014,2.2297615269199014,100,,3000,,,0.00011112188336407085,,,,,1,[2.2297615269199014],0.0009483701671177592,0.9655520296016779,0.9660471543833944,,,,,,,,100,3000,3000,99,maximum_candidate_evaluations,False
10,0.02,0.9659783979792669,0.9655587438838911,ParaFDEONet LM,0.15185390040278435,0.1451973500661552,34,34,1780,0.0016774078831076622,0.0004702058795373887,0.0004409092362038791,0.0036200769245624542,0.0016280990093946457,0.001270645298063755,True,1,[0.15185390040278435],0.002228939693201974,0.965240478515625,0.9670923352241516,projected_damped_gauss_newton,3,8,True,11,13.16872427983539,16,,,,,,
10,0.02,0.9659783979792669,0.9655587438838911,Direct LM,0.4541496951133013,0.4541496951133013,22,,215,,,0.0004444891218700599,,,,,1,[0.4541496951133013],0.0019057700020102587,0.9651257185430396,0.9665482491639346,,,7,True,,1.5316872427983537,,22,215,,,,
10,0.02,0.9659783979792669,0.9655587438838911,Direct DE,2.2244042637757957,2.2244042637757957,100,,3000,,,0.00044448871933915784,,,,,1,[2.2244042637757957],0.0019092746140669766,0.9651340207293537,0.966568916226612,,,,,,,,100,3000,3000,99,maximum_candidate_evaluations,False
10,0.05,0.9659783979792669,0.9655587438838911,ParaFDEONet LM,0.10620406502857804,0.09814144531264901,26,26,1756,0.001987089402973652,0.002806546166539192,0.0027678492479026318,0.0043249973095953465,0.0019210181199014187,0.0016772677190601826,True,1,[0.10620406502857804],0.005094428161596052,0.9639848470687866,0.9686803221702576,projected_damped_gauss_newton,3,6,True,9,0.3703703703703703,12,,,,,,
10,0.05,0.9659783979792669,0.9655587438838911,Direct LM,0.5131634082645178,0.5131634082645178,25,,245,,,0.0027780575192706395,,,,,1,[0.5131634082645178],0.00476505214839223,0.9638483483824809,0.9680365694291299,,,8,True,,230.13168724279836,,25,245,,,,
10,0.05,0.9659783979792669,0.9655587438838911,Direct DE,2.243575132917613,2.243575132917613,100,,3000,,,0.002778057141545431,,,,,1,[2.243575132917613],0.0047508238232913825,0.9638448022725887,0.9680098898405747,,,,,,,,100,3000,3000,99,maximum_candidate_evaluations,False
11,0.0,1.183300992266677,1.224755075095698,ParaFDEONet LM,0.11755927233025432,0.11162223899737,30,30,1768,0.0016950778663158417,1.7108235624618828e-05,1.0754179129435215e-06,0.002966910135000944,0.0016491920687258244,0.0012066690251231194,True,1,[0.11755927233025432],0.0007713571328247176,1.1837340593338013,1.2248351573944092,projected_damped_gauss_newton,3,7,True,11,1.3168724279835389,14,,,,,,
11,0.0,1.183300992266677,1.224755075095698,Direct LM,0.5265073156915605,0.5265073156915605,25,,245,,,4.0025490640374233e-16,,,,,1,[0.5265073156915605],2.014347448601856e-08,1.1833009936113765,1.2247550920685704,,,8,True,,0.03293095564700503,,25,245,,,,
11,0.0,1.183300992266677,1.224755075095698,Direct DE,2.262964978814125,2.262964978814125,100,,3000,,,0.0,,,,,1,[2.262964978814125],3.8724998488738825e-09,1.1833009926708349,1.224755078325215,,,,,,,,100,3000,3000,99,maximum_candidate_evaluations,False
11,0.01,1.183300992266677,1.224755075095698,ParaFDEONet LM,0.12472560303285718,0.11681768391281366,26,26,1756,0.0016987789422273636,0.00011391962470952421,0.00010030678822658956,0.0043557980097830296,0.001973189879208803,0.0014150100760161877,True,1,[0.12472560303285718],0.0016401798765620656,1.183229684829712,1.22336745262146,projected_damped_gauss_newton,3,6,True,9,0.3703703703703703,12,,,,,,
11,0.01,1.183300992266677,1.224755075095698,Direct LM,0.45337696513161063,0.45337696513161063,22,,215,,,9.697763719231602e-05,,,,,1,[0.45337696513161063],0.0018686294315922753,1.1828154486490028,1.2233466592035032,,,7,True,,1.5555555555555554,,22,215,,,,
11,0.01,1.183300992266677,1.224755075095698,Direct DE,2.2386937350966036,2.2386937350966036,100,,3000,,,9.697750047674707e-05,,,,,1,[2.2386937350966036],0.0018843273142403094,1.1828131260232078,1.2233334682313837,,,,,,,,100,3000,3000,99,maximum_candidate_evaluations,False
11,0.02,1.183300992266677,1.224755075095698,ParaFDEONet LM,0.11844976525753736,0.10945963580161333,26,26,1756,0.0018453793600201607,0.0004051890573464334,0.0003934564010705799,0.00495064677670598,0.0025565149262547493,0.001322746742516756,True,1,[0.11844976525753736],0.0035148080183838876,1.182725191116333,1.221900463104248,projected_damped_gauss_newton,3,6,True,9,0.3703703703703703,12,,,,,,
11,0.02,1.183300992266677,1.224755075095698,Direct LM,0.6403837958350778,0.6403837958350778,31,,305,,,0.0003879113987373512,,,,,1,[0.6403837958350778],0.003736809607201798,1.1823297809374063,1.2219387687566416,,,10,True,,790.9739368998628,,31,305,,,,
11,0.02,1.183300992266677,1.224755075095698,Direct DE,2.2381416368298233,2.2381416368298233,100,,3000,,,0.00038791131249209997,,,,,1,[2.2381416368298233],0.0037649595452790524,1.1823219091119794,1.221917984320223,,,,,,,,100,3000,3000,99,maximum_candidate_evaluations,False
11,0.05,1.183300992266677,1.224755075095698,ParaFDEONet LM,0.1045309198088944,0.09856001287698746,26,26,1756,0.0017066719010472298,0.0024457499384880066,0.002436415059491992,0.0030053933151066303,0.0016267718747258186,0.0012256656773388386,True,1,[0.1045309198088944],0.009306399014989284,1.1812125444412231,1.2175062894821167,projected_damped_gauss_newton,3,6,True,10,0.2510288065843621,12,,,,,,
11,0.05,1.183300992266677,1.224755075095698,Direct LM,0.9537946870550513,0.9537946870550513,46,,455,,,0.0024244562858125223,,,,,1,[0.9537946870550513],0.00932292953177332,1.1808757976739457,1.2177303529651937,,,15,True,,81484224.96570642,,46,455,,,,
11,0.05,1.183300992266677,1.224755075095698,Direct DE,2.239155060146004,2.239155060146004,100,,3000,,,0.0024244562829998967,,,,,1,[2.239155060146004],0.009375438376302858,1.1808609466701914,1.2176917141701638,,,,,,,,100,3000,3000,99,maximum_candidate_evaluations,False
12,0.0,1.0291736108799157,1.246303681594607,ParaFDEONet LM,0.11905090091750026,0.11294107791036367,34,34,1780,0.0017152619548141956,3.6909314076183364e-06,7.286413961082872e-07,0.0030774702318012714,0.0016878140158951283,0.0012274826876819134,True,1,[0.11905090091750026],0.002417910348831043,1.0287026166915894,1.2443774938583374,projected_damped_gauss_newton,3,8,True,13,12.373113854595333,16,,,,,,
12,0.0,1.0291736108799157,1.246303681594607,Direct LM,0.5219371118582785,0.5219371118582785,25,,245,,,0.0,,,,,1,[0.5219371118582785],9.72601463918586e-09,1.0291736099472066,1.2463036734612631,,,8,True,,0.27983539094650206,,25,245,,,,
12,0.0,1.0291736108799157,1.246303681594607,Direct DE,2.2813012041151524,2.2813012041151524,100,,3000,,,0.0,,,,,1,[2.2813012041151524],1.0981070682412559e-08,1.0291736073810933,1.246303673895486,,,,,,,,100,3000,3000,99,maximum_candidate_evaluations,False
12,0.01,1.0291736108799157,1.246303681594607,ParaFDEONet LM,0.08774385275319219,0.08102814620360732,22,22,1744,0.0017906930297613144,0.00010212406778009608,0.00010060609929496422,0.003373393788933754,0.001845099963247776,0.0013700309209525585,True,1,[0.08774385275319219],0.00069788650164294,1.0288536548614502,1.2466505765914917,projected_damped_gauss_newton,3,5,True,8,0.3950617283950617,10,,,,,,
12,0.01,1.0291736108799157,1.246303681594607,Direct LM,0.519929070957005,0.519929070957005,25,,245,,,9.884555580821093e-05,,,,,1,[0.519929070957005],0.0026807751914486593,1.0293235819039876,1.2485672439658184,,,8,True,,7.66310013717421,,25,245,,,,
12,0.01,1.0291736108799157,1.246303681594607,Direct DE,2.2654585521668196,2.2654585521668196,100,,3000,,,9.884535691326455e-05,,,,,1,[2.2654585521668196],0.00267324928028918,1.0293213973223025,1.2485611506555783,,,,,,,,100,3000,3000,99,maximum_candidate_evaluations,False
12,0.02,1.0291736108799157,1.246303681594607,ParaFDEONet LM,0.11066477093845606,0.10416760016232729,30,30,1768,0.0017481581307947636,0.0004000064800493419,0.0003981346089858562,0.003325971309095621,0.0017342590726912022,0.0013161120004951954,True,1,[0.11066477093845606],0.003103179639388235,1.0290039777755737,1.2489244937896729,projected_damped_gauss_newton,3,7,True,11,1.3168724279835389,14,,,,,,
12,0.02,1.0291736108799157,1.246303681594607,Direct LM,0.5177029129117727,0.5177029129117727,25,,245,,,0.00039537974198067683,,,,,1,[0.5177029129117727],0.005369871078760724,1.0294747197568626,1.2508377273971227,,,8,True,,0.9958847736625513,,25,245,,,,
12,0.02,1.0291736108799157,1.246303681594607,Direct DE,2.2650061887688935,2.2650061887688935,100,,3000,,,0.0003953796295119927,,,,,1,[2.2650061887688935],0.0054310478760742405,1.0294864522112916,1.2508881243656864,,,,,,,,100,3000,3000,99,maximum_candidate_evaluations,False
12,0.05,1.0291736108799157,1.246303681594607,ParaFDEONet LM,0.08706526411697268,0.08084452990442514,22,22,1744,0.0017613591626286507,0.0024903491139411926,0.0024765923153609037,0.003102194983512163,0.0016665118746459484,0.0013273567892611027,True,1,[0.08706526411697268],0.011192833867668735,1.0294630527496338,1.255791187286377,projected_damped_gauss_newton,3,5,True,7,0.7530864197530864,10,,,,,,
12,0.05,1.0291736108799157,1.246303681594607,Direct LM,0.4515091790817678,0.4515091790817678,22,,215,,,0.0024710778112132987,,,,,1,[0.4515091790817678],0.013500486100256228,1.029937589100288,1.2577017607677135,,,7,True,,1.5555555555555554,,22,215,,,,
12,0.05,1.0291736108799157,1.246303681594607,Direct DE,2.265320625156164,2.265320625156164,100,,3000,,,0.0024710768003385277,,,,,1,[2.265320625156164],0.013507624735806615,1.0299342243864096,1.2577083546580201,,,,,,,,100,3000,3000,99,maximum_candidate_evaluations,False
13,0.0,0.8379390718612558,0.9524733532343298,ParaFDEONet LM,0.14468701789155602,0.1358563401736319,34,34,1780,0.001752279233187437,1.3872906492906623e-05,8.82337417351664e-07,0.004556874744594097,0.002702835015952587,0.0013956627808511257,True,1,[0.14468701789155602],0.0007899676309470648,0.838110089302063,0.953092634677887,projected_damped_gauss_newton,3,8,True,9,37.037037037037024,16,,,,,,
13,0.0,0.8379390718612558,0.9524733532343298,Direct LM,0.5189377348870039,0.5189377348870039,25,,245,,,0.0,,,,,1,[0.5189377348870039],7.677165827846393e-09,0.8379390714101195,0.952473346755282,,,8,True,,0.024974851394604487,,25,245,,,,
13,0.0,0.8379390718612558,0.9524733532343298,Direct DE,2.2343197213485837,2.2343197213485837,100,,3000,,,0.0,,,,,1,[2.2343197213485837],1.0433907465447286e-08,0.8379390693530008,0.9524733452200735,,,,,,,,100,3000,3000,99,maximum_candidate_evaluations,False
13,0.01,0.8379390718612558,0.9524733532343298,ParaFDEONet LM,0.12775202421471477,0.11875763488933444,30,30,1768,0.002536471001803875,0.00014108246250543743,0.0001254851813428104,0.004470759071409702,0.002534236293286085,0.0018053590320050716,True,1,[0.12775202421471477],0.0004294300961668203,0.838150143623352,0.9522929787635803,projected_damped_gauss_newton,3,7,True,11,1.3168724279835389,14,,,,,,
13,0.01,0.8379390718612558,0.9524733532343298,Direct LM,1.0812249090522528,1.0812249090522528,52,,515,,,0.0001278322807657231,,,,,1,[1.0812249090522528],0.0009817735722392382,0.8379753475139279,0.9516420697067363,,,17,True,,16744703.55128791,,52,515,,,,
13,0.01,0.8379390718612558,0.9524733532343298,Direct DE,2.235734388232231,2.235734388232231,100,,3000,,,0.00012783207318228904,,,,,1,[2.235734388232231],0.000980341814014835,0.8379753748456907,0.9516432898861251,,,,,,,,100,3000,3000,99,maximum_candidate_evaluations,False
13,0.02,0.8379390718612558,0.9524733532343298,ParaFDEONet LM,0.10856328066438437,0.10103544499725103,26,26,1756,0.0016909567639231682,0.0005244397325441241,0.0005057677044533193,0.004351677838712931,0.001842656172811985,0.0011979388073086739,True,1,[0.10856328066438437],0.001228006837944305,0.8381918668746948,0.951502799987793,projected_damped_gauss_newton,3,6,True,10,3.8272976680384083,12,,,,,,
13,0.02,0.8379390718612558,0.9524733532343298,Direct LM,0.7028688499704003,0.7028688499704003,34,,335,,,0.0005113287757146852,,,,,1,[0.7028688499704003],0.0019571023298196456,0.8380125134004293,0.9508163547651434,,,11,True,,7424.4170096021935,,34,335,,,,
13,0.02,0.8379390718612558,0.9524733532343298,Direct DE,2.2311893231235445,2.2311893231235445,100,,3000,,,0.0005113290710962378,,,,,1,[2.2311893231235445],0.0019385554527789645,0.8380144435511878,0.9508323242860409,,,,,,,,100,3000,3000,99,maximum_candidate_evaluations,False
13,0.05,0.8379390718612558,0.9524733532343298,ParaFDEONet LM,0.09439782239496708,0.08505156496539712,22,22,1744,0.0019266759045422077,0.0031920496840029955,0.0031807138584554195,0.004658007062971592,0.00252718199044466,0.001978499349206686,True,1,[0.09439782239496708],0.003953093266836615,0.8383228182792664,0.9491688013076782,projected_damped_gauss_newton,3,5,True,8,0.3950617283950617,10,,,,,,
13,0.05,0.8379390718612558,0.9524733532343298,Direct LM,0.4577023331075907,0.4577023331075907,22,,215,,,0.0031958247998161242,,,,,1,[0.4577023331075907],0.004856725858157875,0.8381270525021473,0.9483619424860467,,,7,True,,23.037037037037038,,22,215,,,,
13,0.05,0.8379390718612558,0.9524733532343298,Direct DE,2.2310074577108026,2.2310074577108026,100,,3000,,,0.003195823625097781,,,,,1,[2.2310074577108026],0.004850539555474887,0.8381280498397917,0.9483673070895322,,,,,,,,100,3000,3000,99,maximum_candidate_evaluations,False
14,0.0,0.8115472337849646,0.8359257502737263,ParaFDEONet LM,0.160793824121356,0.15408782428130507,38,38,1792,0.0016908179968595505,7.559340247098589e-06,2.7447852062323363e-06,0.0036853100173175335,0.0016568037681281567,0.0012225229293107986,True,1,[0.160793824121356],0.0012647702420446926,0.8115723133087158,0.8369982838630676,projected_damped_gauss_newton,3,9,True,9,370.37037037037027,18,,,,,,
14,0.0,0.8115472337849646,0.8359257502737263,Direct LM,0.5152890319004655,0.5152890319004655,25,,245,,,0.0,,,,,1,[0.5152890319004655],1.1240875500639497e-10,0.8115472338471759,0.8359257502934668,,,8,True,,0.024974851394604487,,25,245,,,,
14,0.0,0.8115472337849646,0.8359257502737263,Direct DE,2.245237404946238,2.245237404946238,100,,3000,,,0.0,,,,,1,[2.245237404946238],8.618587734070613e-09,0.8115472365251761,0.8359257563224395,,,,,,,,100,3000,3000,99,maximum_candidate_evaluations,False
14,0.01,0.8115472337849646,0.8359257502737263,ParaFDEONet LM,0.1273454031907022,0.11855558212846518,30,30,1768,0.001683204434812069,0.00011467880540294573,0.00011342031939420849,0.004375494085252285,0.0023992303758859634,0.0018525030463933945,True,1,[0.1273454031907022],0.003026248432725395,0.8107300996780396,0.8336693048477173,projected_damped_gauss_newton,3,7,True,11,1.3168724279835389,14,,,,,,
14,0.01,0.8115472337849646,0.8359257502737263,Direct LM,0.5834352881647646,0.5834352881647646,28,,275,,,0.00010990847819580604,,,,,1,[0.5834352881647646],0.004200956451094591,0.8107167695590164,0.8325858661580614,,,9,True,,79.09739368998628,,28,275,,,,
14,0.01,0.8115472337849646,0.8359257502737263,Direct DE,2.2442402690649033,2.2442402690649033,100,,3000,,,0.00010990822023818493,,,,,1,[2.2442402690649033],0.0042245508524926655,0.810711734290397,0.832567315538673,,,,,,,,100,3000,3000,99,maximum_candidate_evaluations,False
14,0.02,0.8115472337849646,0.8359257502737263,ParaFDEONet LM,0.07955279480665922,0.07329923612996936,22,22,1744,0.001750672236084938,0.00044407491805031896,0.00044389019603841007,0.003145707305520773,0.0016840430907905102,0.0012975339777767658,True,1,[0.07955279480665922],0.007213877609975404,0.809887170791626,0.830333948135376,projected_damped_gauss_newton,3,5,True,8,11.1238683127572,10,,,,,,
14,0.02,0.8115472337849646,0.8359257502737263,Direct LM,0.45939120231196284,0.45939120231196284,22,,215,,,0.00043963490962692836,,,,,1,[0.45939120231196284],0.008395885932115066,0.8098877279052383,0.829250644360682,,,7,True,,0.839506172839506,,22,215,,,,
14,0.02,0.8115472337849646,0.8359257502737263,Direct DE,2.2903916533105075,2.2903916533105075,100,,3000,,,0.000439634374874454,,,,,1,[2.2903916533105075],0.008409976918469309,0.8098870157886879,0.8292382825964435,,,,,,,,100,3000,3000,99,maximum_candidate_evaluations,False
14,0.05,0.8115472337849646,0.8359257502737263,ParaFDEONet LM,0.08658922091126442,0.0807864940725267,22,22,1744,0.0016626720316708088,0.0027659167535603046,0.002754057291895151,0.002885963302105665,0.001606517005711794,0.0011972403153777122,True,1,[0.08658922091126442],0.019819606891360208,0.8073537945747375,0.8203288912773132,projected_damped_gauss_newton,3,5,True,8,0.3950617283950617,10,,,,,,
14,0.05,0.8115472337849646,0.8359257502737263,Direct LM,0.45711049577221274,0.45711049577221274,22,,215,,,0.0027477227619701807,,,,,1,[0.45711049577221274],0.020991048159672423,0.8074020408860906,0.819234781168667,,,7,True,,0.839506172839506,,22,215,,,,
14,0.05,0.8115472337849646,0.8359257502737263,Direct DE,2.265009908005595,2.265009908005595,100,,3000,,,0.0027477217384087103,,,,,1,[2.265009908005595],0.02104715993939715,0.8073863688686155,0.8191927312701738,,,,,,,,100,3000,3000,99,maximum_candidate_evaluations,False
15,0.0,1.1347897281607482,1.3403426589368466,ParaFDEONet LM,0.14297050423920155,0.13705581985414028,42,42,1804,0.0016632992774248123,2.1674364688806236e-05,1.6079784472822212e-06,0.0029451902955770493,0.0016530328430235386,0.001203805673867464,True,1,[0.14297050423920155],0.0032478362727012336,1.1344469785690308,1.3376351594924927,projected_damped_gauss_newton,3,10,True,11,1316.872427983539,20,,,,,,
15,0.0,1.1347897281607482,1.3403426589368466,Direct LM,0.5831335070542991,0.5831335070542991,28,,275,,,4.0025490640374233e-16,,,,,1,[0.5831335070542991],1.0748982968953485e-09,1.1347897287137758,1.340342658557698,,,9,True,,0.17283950617283952,,28,275,,,,
15,0.0,1.1347897281607482,1.3403426589368466,Direct DE,2.275273847859353,2.275273847859353,100,,3000,,,0.0,,,,,1,[2.275273847859353],1.1120101498971385e-09,1.1347897279350416,1.3403426580561053,,,,,,,,100,3000,3000,99,maximum_candidate_evaluations,False
15,0.01,1.1347897281607482,1.3403426589368466,ParaFDEONet LM,0.09752439521253109,0.09176699724048376,26,26,1756,0.0016434639692306519,0.00011687994992826134,0.00010089323041029274,0.0028874296694993973,0.0015566502697765827,0.001203735824674368,True,1,[0.09752439521253109],0.008205699435149847,1.1339952945709229,1.3334826231002808,projected_damped_gauss_newton,3,6,True,9,0.3703703703703703,12,,,,,,
15,0.01,1.1347897281607482,1.3403426589368466,Direct LM,0.8383994027972221,0.8383994027972221,40,,395,,,0.00010058221392321557,,,,,1,[0.8383994027972221],0.005029299979490273,1.1343293811692992,1.3361313931626335,,,13,True,,2496.6011278768483,,40,395,,,,
15,0.01,1.1347897281607482,1.3403426589368466,Direct DE,2.2872109869495034,2.2872109869495034,100,,3000,,,0.00010058197861573617,,,,,1,[2.2872109869495034],0.005015691332003867,1.1343328095597036,1.3361422527660864,,,,,,,,100,3000,3000,99,maximum_candidate_evaluations,False
15,0.02,1.1347897281607482,1.3403426589368466,ParaFDEONet LM,0.08319913502782583,0.07728207623586059,22,22,1744,0.001677617896348238,0.00041849270928651094,0.0004013373691122979,0.002977456897497177,0.0015895459800958633,0.0012319530360400677,True,1,[0.08319913502782583],0.013156290326336407,1.133545994758606,1.329336166381836,projected_damped_gauss_newton,3,5,True,7,0.7530864197530864,10,,,,,,
15,0.02,1.1347897281607482,1.3403426589368466,Direct LM,0.7364917625673115,0.7364917625673115,34,,335,,,0.000402317078936777,,,,,1,[0.7364917625673115],0.010066681817520013,1.133867593858486,1.3319135324479234,,,11,True,,8.788599298887364,,34,335,,,,
15,0.02,1.1347897281607482,1.3403426589368466,Direct DE,2.26707176072523,2.26707176072523,100,,3000,,,0.0004023166704110747,,,,,1,[2.26707176072523],0.010075357866356861,1.1338666748566504,1.331906298325638,,,,,,,,100,3000,3000,99,maximum_candidate_evaluations,False
15,0.05,1.1347897281607482,1.3403426589368466,ParaFDEONet LM,0.08919504610821605,0.08337353216484189,26,26,1756,0.0016606450080871582,0.002514691324904561,0.002509451238438487,0.002891968935728073,0.001571526750922203,0.0012473873794078827,True,1,[0.08919504610821605],0.028089334940291578,1.132179617881775,1.3168318271636963,projected_damped_gauss_newton,3,6,True,9,0.3703703703703703,12,,,,,,
15,0.05,1.1347897281607482,1.3403426589368466,Direct LM,0.7166168871335685,0.7166168871335685,34,,335,,,0.0025142611039030162,,,,,1,[0.7166168871335685],0.0252045105203099,1.1324777846708465,1.319238961243477,,,11,True,,17.01874714220394,,34,335,,,,
15,0.05,1.1347897281607482,1.3403426589368466,Direct DE,2.293555700685829,2.293555700685829,100,,3000,,,0.0025142602825456908,,,,,1,[2.293555700685829],0.025198377042305202,1.1324848070021099,1.3192425068159332,,,,,,,,100,3000,3000,99,maximum_candidate_evaluations,False
16,0.0,0.9065109294064417,0.818342000490277,ParaFDEONet LM,0.08474482130259275,0.07859560614451766,22,22,1744,0.0016943099908530712,1.533688191557303e-05,1.682686956883117e-06,0.0030982838943600655,0.0017142151482403278,0.0012206370010972023,True,1,[0.08474482130259275],0.0028988394515632116,0.9069268107414246,0.8207213282585144,projected_damped_gauss_newton,3,5,True,9,0.3831275720164609,10,,,,,,
16,0.0,0.9065109294064417,0.818342000490277,Direct LM,0.45741222659125924,0.45741222659125924,22,,215,,,0.0,,,,,1,[0.45741222659125924],1.800410313686794e-08,0.9065109278074862,0.8183419854027364,,,7,True,,0.027983539094650213,,22,215,,,,
16,0.0,0.9065109294064417,0.818342000490277,Direct DE,2.290594329126179,2.290594329126179,100,,3000,,,0.0,,,,,1,[2.290594329126179],4.242472190123708e-09,0.9065109278006847,0.8183419978149369,,,,,,,,100,3000,3000,99,maximum_candidate_evaluations,False
16,0.01,0.9065109294064417,0.818342000490277,ParaFDEONet LM,0.0896178730763495,0.08363481378182769,26,26,1756,0.0016931220889091492,8.8785047410056e-05,8.400929800700396e-05,0.0030129356309771538,0.0016111969016492367,0.0012390757910907269,True,1,[0.0896178730763495],0.007262747808816905,0.9082521200180054,0.8239238262176514,projected_damped_gauss_newton,3,6,True,9,0.3703703703703703,12,,,,,,
16,0.01,0.9065109294064417,0.818342000490277,Direct LM,0.588674264959991,0.588674264959991,28,,275,,,8.264249196002896e-05,,,,,1,[0.588674264959991],0.004576051700203481,0.9078543849310508,0.8216610388626762,,,9,True,,2.639231824417009,,28,275,,,,
16,0.01,0.9065109294064417,0.818342000490277,Direct DE,2.278608240187168,2.278608240187168,100,,3000,,,8.264229701137254e-05,,,,,1,[2.278608240187168],0.004580211285499065,0.9078520558420985,0.8216672833715258,,,,,,,,100,3000,3000,99,maximum_candidate_evaluations,False
16,0.02,0.9065109294064417,0.818342000490277,ParaFDEONet LM,0.12232973705977201,0.11644739005714655,30,30,1768,0.001913336105644703,0.00033295867615379393,0.0003317033697385341,0.0029485421255230904,0.001588987186551094,0.001233767718076706,True,1,[0.12232973705977201],0.011706834381866949,0.909582793712616,0.8271422386169434,projected_damped_gauss_newton,3,7,True,11,1.3168724279835389,14,,,,,,
16,0.02,0.9065109294064417,0.818342000490277,Direct LM,0.46148216165602207,0.46148216165602207,22,,215,,,0.0003305684035846262,,,,,1,[0.46148216165602207],0.009158686985663248,0.90920036872412,0.8249843099839066,,,7,True,,0.09958847736625513,,22,215,,,,
16,0.02,0.9065109294064417,0.818342000490277,Direct DE,2.2698785588145256,2.2698785588145256,100,,3000,,,0.0003305680124185738,,,,,1,[2.2698785588145256],0.009138576341703496,0.9091986446466281,0.8249659114279724,,,,,,,,100,3000,3000,99,maximum_candidate_evaluations,False
16,0.05,0.9065109294064417,0.818342000490277,ParaFDEONet LM,0.13893877808004618,0.13077691104263067,34,34,1780,0.0017689713276922703,0.0020898354705423117,0.002066952409222722,0.004581041168421507,0.0021421401761472225,0.001284962985664606,True,1,[0.13893877808004618],0.025113605384357758,0.9135861992835999,0.8368207812309265,projected_damped_gauss_newton,3,8,True,10,25.10288065843621,16,,,,,,
16,0.05,0.9065109294064417,0.818342000490277,Direct LM,0.7649218030273914,0.7649218030273914,37,,365,,,0.002066015014599692,,,,,1,[0.7649218030273914],0.02293849355886652,0.9132523289298802,0.8349730280745014,,,12,True,,5020.670629477214,,37,365,,,,
16,0.05,0.9065109294064417,0.818342000490277,Direct DE,2.2634780551306903,2.2634780551306903,100,,3000,,,0.002066014833637791,,,,,1,[2.2634780551306903],0.022925818721117437,0.9132487812699327,0.8349636767204851,,,,,,,,100,3000,3000,99,maximum_candidate_evaluations,False
17,0.0,0.8564060131021428,1.2632435391898502,ParaFDEONet LM,0.07906103786081076,0.07279127417132258,22,22,1744,0.0017619170248508453,2.7760499506257474e-05,5.87771921800595e-07,0.0031723170541226864,0.0016989191062748432,0.0012723207473754883,True,1,[0.07906103786081076],0.0005671489548315149,0.856446385383606,1.2627661228179932,projected_damped_gauss_newton,3,5,True,8,0.3950617283950617,10,,,,,,
17,0.0,0.8564060131021428,1.2632435391898502,Direct LM,0.5522210849449039,0.5522210849449039,25,,245,,,0.0,,,,,1,[0.5522210849449039],5.027605200487969e-09,0.8564060116966768,1.2632435354811034,,,8,True,,0.5185185185185185,,25,245,,,,
17,0.0,0.8564060131021428,1.2632435391898502,Direct DE,2.273058582097292,2.273058582097292,100,,3000,,,0.0,,,,,1,[2.273058582097292],5.1501475476425225e-09,0.8564060144952302,1.2632435430279143,,,,,,,,100,3000,3000,99,maximum_candidate_evaluations,False
17,0.01,0.8564060131021428,1.2632435391898502,ParaFDEONet LM,0.10811804188415408,0.09994464972987771,26,26,1756,0.0016856500878930092,9.917044371832162e-05,8.527244790457189e-05,0.004429343156516552,0.002382677048444748,0.0012215450406074524,True,1,[0.10811804188415408],0.0055741253350005335,0.8579611778259277,1.2673580646514893,projected_damped_gauss_newton,3,6,True,10,0.25102880658436205,12,,,,,,
17,0.01,0.8564060131021428,1.2632435391898502,Direct LM,0.45936349499970675,0.45936349499970675,22,,215,,,8.501465828003798e-05,,,,,1,[0.45936349499970675],0.006012799576814745,0.8579194330673175,1.267812698447411,,,7,True,,0.8156378600823044,,22,215,,,,
17,0.01,0.8564060131021428,1.2632435391898502,Direct DE,2.288677680771798,2.288677680771798,100,,3000,,,8.501446862508592e-05,,,,,1,[2.288677680771798],0.006020046131583462,0.8579205666617417,1.267818719494056,,,,,,,,100,3000,3000,99,maximum_candidate_evaluations,False
17,0.02,0.8564060131021428,1.2632435391898502,ParaFDEONet LM,0.07582935504615307,0.06977358926087618,22,22,1744,0.0016882340423762798,0.0003486188070382923,0.000339882739353925,0.0030397558584809303,0.001626633107662201,0.001276442315429449,True,1,[0.07582935504615307],0.011639022136696459,0.8594819903373718,1.2719755172729492,projected_damped_gauss_newton,3,5,True,7,0.7530864197530864,10,,,,,,
17,0.02,0.8564060131021428,1.2632435391898502,Direct LM,0.4552978929132223,0.4552978929132223,22,,215,,,0.0003400550377153287,,,,,1,[0.4552978929132223],0.012041138126282899,0.8594363433664529,1.2723939794476518,,,7,True,,23.75308641975309,,22,215,,,,
17,0.02,0.8564060131021428,1.2632435391898502,Direct DE,2.285044546239078,2.285044546239078,100,,3000,,,0.0003400543516635302,,,,,1,[2.285044546239078],0.012077997731313812,0.8594462138548088,1.2724215473961626,,,,,,,,100,3000,3000,99,maximum_candidate_evaluations,False
17,0.05,0.8564060131021428,1.2632435391898502,ParaFDEONet LM,0.0911099910736084,0.08446384640410542,26,26,1756,0.0018262430094182491,0.0021613282151520252,0.0021231998689472675,0.003342662937939167,0.0018431446515023708,0.001324004027992487,True,1,[0.0911099910736084],0.029897610924703763,0.864057183265686,1.2858680486679077,projected_damped_gauss_newton,3,6,True,13,0.1275765889346136,12,,,,,,
17,0.05,0.8564060131021428,1.2632435391898502,Direct LM,0.4608696512877941,0.4608696512877941,22,,215,,,0.0021252543411963364,,,,,1,[0.4608696512877941],0.0301946987126371,0.8640046545256016,1.2861896660310974,,,7,True,,22.249382716049382,,22,215,,,,
17,0.05,0.8564060131021428,1.2632435391898502,Direct DE,2.282791920006275,2.282791920006275,100,,3000,,,0.0021252536106492153,,,,,1,[2.282791920006275],0.03018295921026255,0.8640046947435646,1.2861785129890144,,,,,,,,100,3000,3000,99,maximum_candidate_evaluations,False
18,0.0,0.8504754666563581,1.347892921922106,ParaFDEONet LM,0.10394055303186178,0.09749450581148267,26,26,1756,0.0016592489555478096,7.6102751336293295e-06,1.1750812518585008e-06,0.0034831170924007893,0.0016022580675780773,0.0012253867462277412,True,1,[0.10394055303186178],0.0013506246690408786,0.8503935933113098,1.346753478050232,projected_damped_gauss_newton,3,6,True,8,3.950617283950617,12,,,,,,
18,0.0,0.8504754666563581,1.347892921922106,Direct LM,0.5178126143291593,0.5178126143291593,25,,245,,,0.0,,,,,1,[0.5178126143291593],1.2888016510186692e-08,0.8504754669107302,1.3478929328512923,,,8,True,,7.679012345679011,,25,245,,,,
18,0.0,0.8504754666563581,1.347892921922106,Direct DE,2.2537351427599788,2.2537351427599788,100,,3000,,,0.0,,,,,1,[2.2537351427599788],1.2759432591422035e-08,0.8504754647222208,1.3478929114913223,,,,,,,,100,3000,3000,99,maximum_candidate_evaluations,False
18,0.01,0.8504754666563581,1.347892921922106,ParaFDEONet LM,0.09121971391141415,0.08459578035399318,22,22,1744,0.001702271867543459,9.898571443045512e-05,9.150450205197558e-05,0.0036807009018957615,0.001607007347047329,0.0011959127150475979,True,1,[0.09121971391141415],0.0031629785136685034,0.8498311042785645,1.3453891277313232,projected_damped_gauss_newton,3,5,True,9,0.3831275720164609,10,,,,,,
18,0.01,0.8504754666563581,1.347892921922106,Direct LM,0.4548029243014753,0.4548029243014753,22,,215,,,9.114315863235598e-05,,,,,1,[0.4548029243014753],0.0019033441934115083,0.8499083512687381,1.3465200733966243,,,7,True,,0.09958847736625513,,22,215,,,,
18,0.01,0.8504754666563581,1.347892921922106,Direct DE,2.2492482541128993,2.2492482541128993,100,,3000,,,9.114284981236475e-05,,,,,1,[2.2492482541128993],0.00192469278907849,0.8499064147757808,1.346500584540936,,,,,,,,100,3000,3000,99,maximum_candidate_evaluations,False
18,0.02,0.8504754666563581,1.347892921922106,ParaFDEONet LM,0.11125069111585617,0.10338684124872088,22,22,1744,0.0016817389987409115,0.0003739383246283978,0.0003641218354459852,0.0044016158208251,0.0020690150558948517,0.0012552798725664616,True,1,[0.11125069111585617],0.005034026795233809,0.8492684960365295,1.3440240621566772,projected_damped_gauss_newton,3,5,True,8,0.3950617283950617,10,,,,,,
18,0.02,0.8504754666563581,1.347892921922106,Direct LM,0.4522508098743856,0.4522508098743856,22,,215,,,0.00036457256003747225,,,,,1,[0.4522508098743856],0.003776473437123783,0.8493475019815073,1.3451715662902588,,,7,True,,23.013168724279836,,22,215,,,,
18,0.02,0.8504754666563581,1.347892921922106,Direct DE,2.2364098047837615,2.2364098047837615,100,,3000,,,0.0003645723762666583,,,,,1,[2.2364098047837615],0.0038123180080073434,0.8493371167476911,1.3451454372124048,,,,,,,,100,3000,3000,99,maximum_candidate_evaluations,False
18,0.05,0.8504754666563581,1.347892921922106,ParaFDEONet LM,0.10228626290336251,0.09500566916540265,26,26,1756,0.0017515807412564754,0.0022966391406953335,0.0022756869439035654,0.004076777957379818,0.0017543737776577473,0.0013105249963700771,True,1,[0.10228626290336251],0.01068649429716645,0.8475813269615173,1.339931845664978,projected_damped_gauss_newton,3,6,True,11,0.13168724279835387,12,,,,,,
18,0.05,0.8504754666563581,1.347892921922106,Direct LM,0.7030219309963286,0.7030219309963286,34,,335,,,0.00227857937451446,,,,,1,[0.7030219309963286],0.009502918599469114,0.8476437067300929,1.3410389093787958,,,11,True,,757.201646090535,,34,335,,,,
18,0.05,0.8504754666563581,1.347892921922106,Direct DE,2.232093193102628,2.232093193102628,100,,3000,,,0.002278578397341887,,,,,1,[2.232093193102628],0.009510599214162202,0.8476420969372926,1.3410327386726673,,,,,,,,100,3000,3000,99,maximum_candidate_evaluations,False
19,0.0,1.177177589096326,1.2382761140245235,ParaFDEONet LM,0.10785459913313389,0.100605642888695,26,26,1756,0.001689839642494917,1.875680754892528e-05,1.0693976264519733e-06,0.004161288030445576,0.0017206412740051746,0.0012078559957444668,True,1,[0.10785459913313389],0.0006737182297803908,1.177534818649292,1.23807692527771,projected_damped_gauss_newton,3,6,True,10,3.8272976680384083,12,,,,,,
19,0.0,1.177177589096326,1.2382761140245235,Direct LM,0.5161878038197756,0.5161878038197756,25,,245,,,0.0,,,,,1,[0.5161878038197756],9.483079143198854e-09,1.1771775887996558,1.2382761059901786,,,8,True,,0.2557018747142204,,25,245,,,,
19,0.0,1.177177589096326,1.2382761140245235,Direct DE,2.2368864309974015,2.2368864309974015,100,,3000,,,0.0,,,,,1,[2.2368864309974015],2.7312400632067774e-09,1.1771775887637044,1.2382761117613332,,,,,,,,100,3000,3000,99,maximum_candidate_evaluations,False
19,0.01,1.177177589096326,1.2382761140245235,ParaFDEONet LM,0.11629709368571639,0.10993492789566517,34,34,1780,0.0017367051914334297,0.00011834013275802135,9.742507245391607e-05,0.003217225894331932,0.001715193036943674,0.0013045184314250946,True,1,[0.11629709368571639],0.002345417688515683,1.1773992776870728,1.2363139390945435,projected_damped_gauss_newton,3,8,True,14,0.43895747599451296,16,,,,,,
19,0.01,1.177177589096326,1.2382761140245235,Direct LM,0.4584814668633044,0.4584814668633044,22,,215,,,9.601735890396064e-05,,,,,1,[0.4584814668633044],0.0022199280416498298,1.1770146884695274,1.2364083585305419,,,7,True,,0.767105624142661,,22,215,,,,
19,0.01,1.177177589096326,1.2382761140245235,Direct DE,2.2724730879999697,2.2724730879999697,100,,3000,,,9.601738414491458e-05,,,,,1,[2.2724730879999697],0.00221562505443943,1.1770157484005002,1.2364118331898364,,,,,,,,100,3000,3000,99,maximum_candidate_evaluations,False
19,0.02,1.177177589096326,1.2382761140245235,ParaFDEONet LM,0.07613547565415502,0.07018754677847028,22,22,1744,0.001685580238699913,0.00040199191425926983,0.0003858802665490657,0.002962650265544653,0.0016158069483935833,0.0012543019838631153,True,1,[0.07613547565415502],0.004391986635444463,1.1772644519805908,1.2345516681671143,projected_damped_gauss_newton,3,5,True,8,0.3950617283950617,10,,,,,,
19,0.02,1.177177589096326,1.2382761140245235,Direct LM,0.4556637401692569,0.4556637401692569,22,,215,,,0.00038406418603107644,,,,,1,[0.4556637401692569],0.004460759606031983,1.176844639743433,1.2345241270112013,,,7,True,,0.8148422496570644,,22,215,,,,
19,0.02,1.177177589096326,1.2382761140245235,Direct DE,2.252690125722438,2.252690125722438,100,,3000,,,0.00038406381382783897,,,,,1,[2.252690125722438],0.004476876292550786,1.176840638678088,1.2345111321787308,,,,,,,,100,3000,3000,99,maximum_candidate_evaluations,False
19,0.05,1.177177589096326,1.2382761140245235,ParaFDEONet LM,0.10605615517124534,0.09964020969346166,26,26,1756,0.001774839125573635,0.002413296839222312,0.0024037358816713095,0.003264789003878832,0.00174808781594038,0.0012763729318976402,True,1,[0.10605615517124534],0.010794516594830673,1.176820993423462,1.2291322946548462,projected_damped_gauss_newton,3,6,True,9,0.3703703703703703,12,,,,,,
19,0.05,1.177177589096326,1.2382761140245235,Direct LM,0.5222906470298767,0.5222906470298767,25,,245,,,0.002400286811858461,,,,,1,[0.5222906470298767],0.011238857054134889,1.1763322827777767,1.2288242966099436,,,8,True,,0.7572016460905349,,25,245,,,,
19,0.05,1.177177589096326,1.2382761140245235,Direct DE,2.239638657774776,2.239638657774776,100,,3000,,,0.0024002858006620747,,,,,1,[2.239638657774776],0.01118112660594668,1.1763553115228895,1.228869129892996,,,,,,,,100,3000,3000,99,maximum_candidate_evaluations,False
